"","city","year","month","volume","median","listings","inventory","date","salesBin"
"1","Abilene",2000,1,5380000,71400,701,6.3,2000,"Low"
"2","Abilene",2000,2,6505000,58700,746,6.6,2000.08333333333,"Medium"
"3","Abilene",2000,3,9285000,58100,784,6.8,2000.16666666667,"Medium"
"4","Abilene",2000,5,10590000,67300,794,6.8,2000.33333333333,"Medium"
"5","Abilene",2000,6,13910000,66900,780,6.6,2000.41666666667,"Medium"
"6","Abilene",2000,7,12635000,73500,742,6.2,2000.5,"Medium"
"7","Abilene",2000,8,10710000,75000,765,6.4,2000.58333333333,"Medium"
"8","Abilene",2000,10,7040000,59300,764,6.6,2000.75,"Medium"
"9","Abilene",2000,12,7285000,65000,658,5.7,2000.91666666667,"Low"
"10","Abilene",2001,1,5730000,64500,779,6.8,2001,"Low"
"11","Abilene",2001,2,8670000,68900,700,6,2001.08333333333,"Medium"
"12","Abilene",2001,4,8705000,71500,810,7,2001.25,"Medium"
"13","Abilene",2001,5,11850000,71000,772,6.6,2001.33333333333,"Medium"
"14","Abilene",2001,6,11290000,78100,825,7.2,2001.41666666667,"Medium"
"15","Abilene",2001,7,13175000,86700,801,7.1,2001.5,"Medium"
"16","Abilene",2001,8,11840000,69000,891,7.7,2001.58333333333,"Medium"
"17","Abilene",2001,9,8395000,64200,849,7.3,2001.66666666667,"Medium"
"18","Abilene",2001,11,8955000,69100,695,5.8,2001.83333333333,"Medium"
"19","Abilene",2001,12,7195000,71800,620,5.2,2001.91666666667,"Low"
"20","Abilene",2002,1,6530000,64000,652,5.4,2002,"Low"
"21","Abilene",2002,2,6860000,62900,746,6.3,2002.08333333333,"Low"
"22","Abilene",2002,3,8385000,62100,774,6.5,2002.16666666667,"Medium"
"23","Abilene",2002,4,10465000,66900,767,6.3,2002.25,"Medium"
"24","Abilene",2002,5,11465000,69200,778,6.4,2002.33333333333,"Medium"
"25","Abilene",2002,6,11600000,76700,758,6.3,2002.41666666667,"Medium"
"26","Abilene",2002,7,13500000,73900,746,6.1,2002.5,"Medium"
"27","Abilene",2002,9,9965000,67300,703,5.6,2002.66666666667,"Medium"
"28","Abilene",2002,10,10395000,73600,664,5.3,2002.75,"Medium"
"29","Abilene",2002,11,8485000,59400,643,5.1,2002.83333333333,"Medium"
"30","Abilene",2002,12,8150000,65000,649,5.1,2002.91666666667,"Medium"
"31","Abilene",2003,1,5385000,70000,668,5.4,2003,"Low"
"32","Abilene",2003,2,8500000,72300,716,5.7,2003.08333333333,"Medium"
"33","Abilene",2003,4,11270000,79700,763,6.1,2003.25,"Medium"
"34","Abilene",2003,5,12030000,79400,750,6,2003.33333333333,"Medium"
"35","Abilene",2003,6,11545000,71400,777,6.2,2003.41666666667,"Medium"
"36","Abilene",2003,7,13940000,75000,778,6.2,2003.5,"Medium"
"37","Abilene",2003,8,16230000,78200,731,5.7,2003.58333333333,"Medium"
"38","Abilene",2003,9,13350000,74300,730,5.6,2003.66666666667,"Medium"
"39","Abilene",2003,10,11215000,67300,721,5.5,2003.75,"Medium"
"40","Abilene",2003,11,10110000,66400,675,5.1,2003.83333333333,"Medium"
"41","Abilene",2003,12,12655000,66900,640,4.7,2003.91666666667,"Medium"
"42","Abilene",2004,1,6945000,66100,657,4.7,2004,"Medium"
"43","Abilene",2004,3,13635000,63900,668,4.7,2004.16666666667,"Medium"
"44","Abilene",2004,4,14475000,68600,696,4.7,2004.25,"Medium"
"45","Abilene",2004,5,13085000,71700,752,5.1,2004.33333333333,"Medium"
"46","Abilene",2004,6,16255000,79600,720,4.7,2004.41666666667,"Medium"
"47","Abilene",2004,10,12620000,81000,663,4.4,2004.75,"Medium"
"48","Abilene",2004,11,12375000,77500,630,4.1,2004.83333333333,"Medium"
"49","Abilene",2005,1,10255000,74200,570,3.7,2005,"Medium"
"50","Abilene",2005,2,11770000,74300,581,3.7,2005.08333333333,"Medium"
"51","Abilene",2005,4,16355000,80300,650,4.2,2005.25,"Medium"
"52","Abilene",2005,7,18495000,93500,657,4.1,2005.5,"Medium"
"53","Abilene",2005,8,24065000,97500,638,3.9,2005.58333333333,"Medium"
"54","Abilene",2005,9,17145000,92800,644,3.9,2005.66666666667,"Medium"
"55","Abilene",2005,10,16365000,92300,601,3.6,2005.75,"Medium"
"56","Abilene",2006,1,11890000,90800,559,3.4,2006,"Medium"
"57","Abilene",2006,2,16875000,98200,561,3.4,2006.08333333333,"Medium"
"58","Abilene",2006,4,17955000,1e+05,683,4.2,2006.25,"Medium"
"59","Abilene",2006,5,20400000,103000,736,4.5,2006.33333333333,"Medium"
"60","Abilene",2006,6,26620000,99800,786,4.8,2006.41666666667,"Medium"
"61","Abilene",2006,7,19160000,93200,804,4.9,2006.5,"Medium"
"62","Abilene",2006,8,25735000,104000,812,5,2006.58333333333,"Medium"
"63","Abilene",2006,9,19850000,109500,817,5,2006.66666666667,"Medium"
"64","Abilene",2006,10,17100000,97100,797,4.9,2006.75,"Medium"
"65","Abilene",2006,12,17985000,103100,724,4.4,2006.91666666667,"Medium"
"66","Abilene",2007,1,13335000,91700,746,4.4,2007,"Medium"
"67","Abilene",2007,2,16105000,1e+05,774,4.6,2007.08333333333,"Medium"
"68","Abilene",2007,3,20410000,86500,816,4.7,2007.16666666667,"Medium"
"69","Abilene",2007,4,20090000,89100,807,4.6,2007.25,"Medium"
"70","Abilene",2007,5,24410000,99500,849,4.8,2007.33333333333,"Medium"
"71","Abilene",2007,8,25015000,113700,948,5.3,2007.58333333333,"Medium"
"72","Abilene",2007,11,12017671,102600,892,5.2,2007.83333333333,"Medium"
"73","Abilene",2007,12,11134962,103000,856,5.1,2007.91666666667,"Medium"
"74","Abilene",2008,1,9089942,88800,859,5.3,2008,"Low"
"75","Abilene",2008,2,15970270,111900,899,5.6,2008.08333333333,"Medium"
"76","Abilene",2008,3,15496685,97500,923,5.9,2008.16666666667,"Medium"
"77","Abilene",2008,4,18288157,106900,941,6.1,2008.25,"Medium"
"78","Abilene",2008,5,21314933,104000,951,6.3,2008.33333333333,"Medium"
"79","Abilene",2008,6,21146068,110400,1000,6.7,2008.41666666667,"Medium"
"80","Abilene",2008,7,19502253,106400,1013,7.1,2008.5,"Medium"
"81","Abilene",2008,8,16067354,111200,966,7,2008.58333333333,"Medium"
"82","Abilene",2008,9,15643014,106900,992,7.2,2008.66666666667,"Medium"
"83","Abilene",2008,10,15057270,131600,860,6.3,2008.75,"Medium"
"84","Abilene",2008,11,10792418,1e+05,863,6.3,2008.83333333333,"Low"
"85","Abilene",2008,12,14151971,110000,821,6,2008.91666666667,"Medium"
"86","Abilene",2009,1,8414801,92900,861,6.3,2009,"Low"
"87","Abilene",2009,2,10921111,95700,869,6.5,2009.08333333333,"Medium"
"88","Abilene",2009,3,15148755,106400,891,6.7,2009.16666666667,"Medium"
"89","Abilene",2009,4,19565825,113800,890,6.7,2009.25,"Medium"
"90","Abilene",2009,5,16596602,105500,911,7,2009.33333333333,"Medium"
"91","Abilene",2009,6,25342963,119300,802,6.2,2009.41666666667,"Medium"
"92","Abilene",2009,7,21925623,126200,808,6.3,2009.5,"Medium"
"93","Abilene",2009,8,17827080,106900,785,6,2009.58333333333,"Medium"
"94","Abilene",2009,10,18076723,96800,734,5.5,2009.75,"Medium"
"95","Abilene",2009,11,16724086,114300,737,5.4,2009.83333333333,"Medium"
"96","Abilene",2009,12,15591347,111400,705,5.2,2009.91666666667,"Medium"
"97","Abilene",2010,1,9130783,112200,868,6.4,2010,"Low"
"98","Abilene",2010,2,10372904,98300,830,6.1,2010.08333333333,"Low"
"99","Abilene",2010,3,16517713,114000,854,6.3,2010.16666666667,"Medium"
"100","Abilene",2010,4,18788002,103600,859,6.3,2010.25,"Medium"
"101","Abilene",2010,5,22804393,99300,914,6.5,2010.33333333333,"Medium"
"102","Abilene",2010,6,23216943,127900,932,6.7,2010.41666666667,"Medium"
"103","Abilene",2010,7,22363123,127300,915,6.6,2010.5,"Medium"
"104","Abilene",2010,8,17504580,122000,936,6.7,2010.58333333333,"Medium"
"105","Abilene",2010,9,15475763,121300,899,6.5,2010.66666666667,"Medium"
"106","Abilene",2010,10,14570529,111900,863,6.4,2010.75,"Medium"
"107","Abilene",2010,11,11422741,87900,851,6.4,2010.83333333333,"Medium"
"108","Abilene",2010,12,15289470,118300,830,6.3,2010.91666666667,"Medium"
"109","Abilene",2011,1,8834493,123300,809,6.1,2011,"Low"
"110","Abilene",2011,2,10250107,111200,822,6.3,2011.08333333333,"Low"
"111","Abilene",2011,5,22374531,115300,863,6.7,2011.33333333333,"Medium"
"112","Abilene",2011,6,26635498,105400,840,6.4,2011.41666666667,"Medium"
"113","Abilene",2011,7,22734236,117900,848,6.4,2011.5,"Medium"
"114","Abilene",2011,9,19329727,121400,763,5.5,2011.66666666667,"Medium"
"115","Abilene",2011,10,18916970,111100,743,5.3,2011.75,"Medium"
"116","Abilene",2011,11,17679449,127300,712,5,2011.83333333333,"Medium"
"117","Abilene",2012,2,16905161,102000,720,4.8,2012.08333333333,"Medium"
"118","Abilene",2012,3,20922281,112000,723,4.7,2012.16666666667,"Medium"
"119","Abilene",2012,4,20909533,104400,722,4.6,2012.25,"Medium"
"120","Abilene",2012,5,28521200,111600,1125,7.1,2012.33333333333,"Medium"
"121","Abilene",2012,7,26033906,127500,1176,7.5,2012.5,"Medium"
"122","Abilene",2012,8,31687638,130600,1132,7.1,2012.58333333333,"Medium"
"123","Abilene",2012,9,19821491,123200,1095,6.8,2012.66666666667,"Medium"
"124","Abilene",2012,10,24016275,103200,1075,6.5,2012.75,"Medium"
"125","Abilene",2012,11,19753059,125900,1036,6.3,2012.83333333333,"Medium"
"126","Abilene",2012,12,19985676,106200,952,5.7,2012.91666666667,"Medium"
"127","Abilene",2013,1,15794494,125300,966,5.7,2013,"Medium"
"128","Abilene",2013,3,19609711,102500,958,5.7,2013.16666666667,"Medium"
"129","Abilene",2013,5,31901380,130000,923,5.3,2013.33333333333,"Medium"
"130","Abilene",2013,6,29454125,127300,960,5.5,2013.41666666667,"Medium"
"131","Abilene",2013,7,32547446,140000,969,5.4,2013.5,"Medium"
"132","Abilene",2013,8,30777727,120000,976,5.4,2013.58333333333,"Medium"
"133","Abilene",2013,9,26237106,127500,985,5.4,2013.66666666667,"Medium"
"134","Abilene",2013,10,21781187,119000,993,5.5,2013.75,"Medium"
"135","Abilene",2013,11,19950273,113200,946,5.2,2013.83333333333,"Medium"
"136","Abilene",2013,12,18412418,104700,938,5.2,2013.91666666667,"Medium"
"137","Abilene",2014,1,15391738,117000,922,5.1,2014,"Medium"
"138","Abilene",2014,2,17944719,127600,906,5,2014.08333333333,"Medium"
"139","Abilene",2014,3,21615979,112400,929,5.1,2014.16666666667,"Medium"
"140","Abilene",2014,4,25070931,124500,965,5.4,2014.25,"Medium"
"141","Abilene",2014,5,26615130,129300,1001,5.7,2014.33333333333,"Medium"
"142","Abilene",2014,6,34398506,135200,1023,5.8,2014.41666666667,"Medium"
"143","Abilene",2014,7,35861350,145800,1033,5.8,2014.5,"Medium"
"144","Abilene",2014,8,29671329,129200,1024,5.8,2014.58333333333,"Medium"
"145","Abilene",2014,9,30904319,135900,1012,5.8,2014.66666666667,"Medium"
"146","Abilene",2014,10,25431388,122400,987,5.6,2014.75,"Medium"
"147","Abilene",2014,11,24120554,132200,941,5.3,2014.83333333333,"Medium"
"148","Abilene",2014,12,23959468,130000,823,4.6,2014.91666666667,"Medium"
"149","Abilene",2015,2,19834263,126500,767,4.1,2015.08333333333,"Medium"
"150","Abilene",2015,3,31869437,136800,821,4.4,2015.16666666667,"Medium"
"151","Abilene",2015,4,28301159,129600,891,4.7,2015.25,"Medium"
"152","Abilene",2015,6,41396230,141500,965,5,2015.41666666667,"Medium"
"153","Abilene",2015,7,45845730,148700,986,5,2015.5,"Medium"
"154","Amarillo",2000,1,8860000,80000,972,5.3,2000,"Medium"
"155","Amarillo",2000,2,13875000,78300,937,5.1,2000.08333333333,"Medium"
"156","Amarillo",2000,3,17930000,74800,995,5.5,2000.16666666667,"Medium"
"157","Amarillo",2000,4,16955000,87700,985,5.5,2000.25,"Medium"
"158","Amarillo",2000,5,19420000,81100,1020,5.6,2000.33333333333,"Medium"
"159","Amarillo",2000,6,20035000,84100,1055,5.9,2000.41666666667,"Medium"
"160","Amarillo",2000,7,20430000,94300,1193,6.8,2000.5,"Medium"
"161","Amarillo",2000,9,1.6e+07,91000,1248,6.9,2000.66666666667,"Medium"
"162","Amarillo",2000,10,16810000,89000,1191,6.7,2000.75,"Medium"
"163","Amarillo",2000,12,15800000,88300,1092,6.3,2000.91666666667,"Medium"
"164","Amarillo",2001,1,14445000,89000,1087,6.2,2001,"Medium"
"165","Amarillo",2001,2,15345000,87100,1037,5.9,2001.08333333333,"Medium"
"166","Amarillo",2001,3,19260000,86300,1030,5.9,2001.16666666667,"Medium"
"167","Amarillo",2001,5,22225000,88300,1064,5.9,2001.33333333333,"Medium"
"168","Amarillo",2001,6,25135000,91200,1092,6,2001.41666666667,"Medium"
"169","Amarillo",2001,7,2.5e+07,97100,1141,6.2,2001.5,"Medium"
"170","Amarillo",2001,8,29150000,93900,1144,6.2,2001.58333333333,"Medium"
"171","Amarillo",2001,9,19035000,87600,1137,6.1,2001.66666666667,"Medium"
"172","Amarillo",2001,10,22530000,88400,1137,5.9,2001.75,"Medium"
"173","Amarillo",2001,12,18270000,96000,1072,5.5,2001.91666666667,"Medium"
"174","Amarillo",2002,1,14955000,83300,1071,5.5,2002,"Medium"
"175","Amarillo",2002,2,18440000,86400,1090,5.5,2002.08333333333,"Medium"
"176","Amarillo",2002,3,20235000,85300,1046,5.2,2002.16666666667,"Medium"
"177","Amarillo",2002,4,21345000,89100,1106,5.5,2002.25,"Medium"
"178","Amarillo",2002,8,21345000,93900,1256,6.6,2002.58333333333,"Medium"
"179","Amarillo",2002,9,22045000,95800,1214,6.4,2002.66666666667,"Medium"
"180","Amarillo",2002,10,21245000,91900,1242,6.6,2002.75,"Medium"
"181","Amarillo",2002,11,19605000,95000,1249,6.6,2002.83333333333,"Medium"
"182","Amarillo",2002,12,14150000,79600,1205,6.4,2002.91666666667,"Medium"
"183","Amarillo",2003,1,14985000,79600,1205,6.4,2003,"Medium"
"184","Amarillo",2003,2,17255000,86700,1173,6.2,2003.08333333333,"Medium"
"185","Amarillo",2003,3,22330000,95500,1293,6.9,2003.16666666667,"Medium"
"186","Amarillo",2003,4,23455000,88900,1279,6.7,2003.25,"Medium"
"187","Amarillo",2003,5,28375000,98300,1360,7,2003.33333333333,"Medium"
"188","Amarillo",2003,7,32085000,93500,1412,6.9,2003.5,"Medium"
"189","Amarillo",2003,8,35820000,107400,1422,6.7,2003.58333333333,"Medium"
"190","Amarillo",2003,10,26325000,95600,1387,6.1,2003.75,"Medium"
"191","Amarillo",2003,11,23395000,95000,1349,5.9,2003.83333333333,"Medium"
"192","Amarillo",2003,12,22975000,90900,1242,5.3,2003.91666666667,"Medium"
"193","Amarillo",2004,2,23885000,94500,1219,5.1,2004.08333333333,"Medium"
"194","Amarillo",2004,3,27265000,93500,1186,4.8,2004.16666666667,"Medium"
"195","Amarillo",2004,4,30270000,95500,1196,4.8,2004.25,"Medium"
"196","Amarillo",2004,5,32160000,94400,1199,4.8,2004.33333333333,"Medium"
"197","Amarillo",2004,6,38385000,99600,1248,4.9,2004.41666666667,"Medium"
"198","Amarillo",2004,7,39300000,106100,1250,4.8,2004.5,"Medium"
"199","Amarillo",2004,8,30490000,98400,1246,4.9,2004.58333333333,"Medium"
"200","Amarillo",2004,9,30635000,89700,1241,4.9,2004.66666666667,"Medium"
"201","Amarillo",2004,10,24165000,98000,1196,4.7,2004.75,"Medium"
"202","Amarillo",2004,12,29985000,105500,1090,4.3,2004.91666666667,"Medium"
"203","Amarillo",2005,1,24070000,93900,1072,4.2,2005,"Medium"
"204","Amarillo",2005,2,29525000,108300,1079,4.2,2005.08333333333,"Medium"
"205","Amarillo",2005,3,33065000,109200,1023,3.9,2005.16666666667,"Medium"
"206","Amarillo",2005,6,46910000,117000,1156,4.4,2005.41666666667,"Medium"
"207","Amarillo",2005,7,37715000,107200,1221,4.6,2005.5,"Medium"
"208","Amarillo",2005,8,42500000,112600,1224,4.6,2005.58333333333,"Medium"
"209","Amarillo",2005,9,41940000,111800,1201,4.4,2005.66666666667,"Medium"
"210","Amarillo",2005,11,30815000,112400,1240,4.8,2005.83333333333,"Medium"
"211","Amarillo",2005,12,25900000,102500,1121,4.3,2005.91666666667,"Medium"
"212","Amarillo",2006,3,4.1e+07,105100,1238,4.8,2006.16666666667,"Medium"
"213","Amarillo",2006,4,31135000,108700,1248,4.9,2006.25,"Medium"
"214","Amarillo",2006,5,4.9e+07,123000,1286,5,2006.33333333333,"Medium"
"215","Amarillo",2006,7,46595000,124300,1439,5.5,2006.5,"Medium"
"216","Amarillo",2006,10,37585000,107400,1435,5.1,2006.75,"Medium"
"217","Amarillo",2006,11,31405000,114200,1393,4.9,2006.83333333333,"Medium"
"218","Amarillo",2006,12,32930000,105200,1252,4.4,2006.91666666667,"Medium"
"219","Amarillo",2007,1,22380000,112600,1304,4.5,2007,"Medium"
"220","Amarillo",2007,2,31655000,105000,1273,4.4,2007.08333333333,"Medium"
"221","Amarillo",2007,4,37810000,118400,1313,4.5,2007.25,"Medium"
"222","Amarillo",2007,7,4.5e+07,114400,1549,5.3,2007.5,"Medium"
"223","Amarillo",2007,8,50625000,133100,1584,5.5,2007.58333333333,"Medium"
"224","Amarillo",2007,9,34370000,121800,1578,5.6,2007.66666666667,"Medium"
"225","Amarillo",2007,12,31950000,129000,1373,5,2007.91666666667,"Medium"
"226","Amarillo",2008,1,26055000,123600,1421,5.2,2008,"Medium"
"227","Amarillo",2008,2,37900000,122700,1413,5.1,2008.08333333333,"Medium"
"228","Amarillo",2008,4,45755000,124900,1387,5,2008.25,"Medium"
"229","Amarillo",2008,5,41435000,122200,1498,5.5,2008.33333333333,"Medium"
"230","Amarillo",2008,6,42955000,122600,1519,5.7,2008.41666666667,"Medium"
"231","Amarillo",2008,8,40730000,129500,1519,5.7,2008.58333333333,"Medium"
"232","Amarillo",2008,10,34800000,130000,1474,5.6,2008.75,"Medium"
"233","Amarillo",2008,11,19235000,116500,1471,5.8,2008.83333333333,"Medium"
"234","Amarillo",2008,12,22755000,117900,1437,5.7,2008.91666666667,"Medium"
"235","Amarillo",2009,1,22330000,127300,1430,5.8,2009,"Medium"
"236","Amarillo",2009,2,24005000,118800,1458,6.1,2009.08333333333,"Medium"
"237","Amarillo",2009,3,27975000,121200,1470,6.3,2009.16666666667,"Medium"
"238","Amarillo",2009,4,31570000,126000,1533,6.7,2009.25,"Medium"
"239","Amarillo",2009,5,36520000,129500,1506,6.7,2009.33333333333,"Medium"
"240","Amarillo",2009,6,46045000,126000,1543,6.8,2009.41666666667,"Medium"
"241","Amarillo",2009,7,36730000,124600,1588,7.2,2009.5,"Medium"
"242","Amarillo",2009,8,34305000,124700,1589,7.3,2009.58333333333,"Medium"
"243","Amarillo",2009,9,32745000,117600,1520,7,2009.66666666667,"Medium"
"244","Amarillo",2009,11,37462352,123500,1360,5.9,2009.83333333333,"Medium"
"245","Amarillo",2010,1,16555053,131200,1311,5.7,2010,"Medium"
"246","Amarillo",2010,2,23246256,115000,1338,5.8,2010.08333333333,"Medium"
"247","Amarillo",2010,6,42959136,139400,1449,6.1,2010.41666666667,"Medium"
"248","Amarillo",2010,7,25534386,126200,1643,7,2010.5,"Medium"
"249","Amarillo",2010,8,42336958,130300,1592,6.8,2010.58333333333,"Medium"
"250","Amarillo",2010,9,28885143,125800,1550,6.8,2010.66666666667,"Medium"
"251","Amarillo",2010,10,31979853,125500,1527,6.8,2010.75,"Medium"
"252","Amarillo",2010,12,24975000,118900,1381,6.5,2010.91666666667,"Medium"
"253","Amarillo",2011,1,16986129,122700,1480,6.9,2011,"Medium"
"254","Amarillo",2011,2,21097782,113800,1409,6.6,2011.08333333333,"Medium"
"255","Amarillo",2011,3,31326971,123500,1435,6.7,2011.16666666667,"Medium"
"256","Amarillo",2011,4,34340022,126200,1470,7.1,2011.25,"Medium"
"257","Amarillo",2011,5,34842734,126600,1507,7.5,2011.33333333333,"Medium"
"258","Amarillo",2011,6,43981120,136000,1513,7.5,2011.41666666667,"Medium"
"259","Amarillo",2011,8,40411846,137100,1534,7,2011.58333333333,"Medium"
"260","Amarillo",2011,9,30498652,128000,1496,6.8,2011.66666666667,"Medium"
"261","Amarillo",2011,10,33245352,126800,1147,5.2,2011.75,"Medium"
"262","Amarillo",2011,11,30877378,128100,1328,5.9,2011.83333333333,"Medium"
"263","Amarillo",2011,12,28348675,126700,1153,5.1,2011.91666666667,"Medium"
"264","Amarillo",2012,1,20409784,125500,1302,5.7,2012,"Medium"
"265","Amarillo",2012,2,22084286,122500,1277,5.6,2012.08333333333,"Medium"
"266","Amarillo",2012,3,36909154,131000,1315,5.7,2012.16666666667,"Medium"
"267","Amarillo",2012,5,47384870,145000,1373,5.9,2012.33333333333,"Medium"
"268","Amarillo",2012,6,47567541,131500,1400,5.9,2012.41666666667,"Medium"
"269","Amarillo",2012,9,41571476,136600,1335,5.7,2012.66666666667,"Medium"
"270","Amarillo",2012,10,39504208,138500,1309,5.5,2012.75,"Medium"
"271","Amarillo",2012,11,36918379,121500,1252,5.2,2012.83333333333,"Medium"
"272","Amarillo",2012,12,35395056,128300,1124,4.6,2012.91666666667,"Medium"
"273","Amarillo",2013,1,26444725,115000,1215,4.9,2013,"Medium"
"274","Amarillo",2013,2,26609836,127700,1184,4.8,2013.08333333333,"Medium"
"275","Amarillo",2013,3,38218836,126200,1130,4.5,2013.16666666667,"Medium"
"276","Amarillo",2013,4,46774790,138900,1209,4.8,2013.25,"Medium"
"277","Amarillo",2013,5,47772765,137900,1346,5.2,2013.33333333333,"Medium"
"278","Amarillo",2013,6,45613832,145100,1366,5.4,2013.41666666667,"Medium"
"279","Amarillo",2013,7,50658875,149700,1374,5.3,2013.5,"Medium"
"280","Amarillo",2013,8,48385038,145600,1385,5.4,2013.58333333333,"Medium"
"281","Amarillo",2013,9,42851137,139700,1367,5.4,2013.66666666667,"Medium"
"282","Amarillo",2013,10,42109011,143700,1296,5.1,2013.75,"Medium"
"283","Amarillo",2014,1,30053425,137500,1183,4.7,2014,"Medium"
"284","Amarillo",2014,2,32266720,139000,1146,4.5,2014.08333333333,"Medium"
"285","Amarillo",2014,3,37477782,138100,1160,4.6,2014.16666666667,"Medium"
"286","Amarillo",2014,4,44299103,139400,1202,4.8,2014.25,"Medium"
"287","Amarillo",2014,5,46266884,137000,1243,5,2014.33333333333,"Medium"
"288","Amarillo",2014,6,59577665,145700,1304,5.1,2014.41666666667,"Medium"
"289","Amarillo",2014,7,54629643,150900,1352,5.3,2014.5,"Medium"
"290","Amarillo",2014,8,49714220,152500,1337,5.2,2014.58333333333,"Medium"
"291","Amarillo",2014,9,45370534,136700,1284,5,2014.66666666667,"Medium"
"292","Amarillo",2014,10,43330229,141100,1291,5,2014.75,"Medium"
"293","Amarillo",2014,12,42276704,145200,1106,4.3,2014.91666666667,"Medium"
"294","Amarillo",2015,1,33188726,138500,1120,4.3,2015,"Medium"
"295","Amarillo",2015,3,53603130,140900,1051,3.9,2015.16666666667,"Medium"
"296","Amarillo",2015,4,50570482,147200,1041,3.8,2015.25,"Medium"
"297","Amarillo",2015,5,61402581,157900,1085,3.9,2015.33333333333,"Medium"
"298","Amarillo",2015,6,61748196,152100,1213,4.4,2015.41666666667,"Medium"
"299","Amarillo",2015,7,62261916,149700,1247,4.5,2015.5,"Medium"
"300","Arlington",2000,1,26220683,94000,1417,3.7,2000,"Medium"
"301","Arlington",2000,2,36618555,94300,1402,3.6,2000.08333333333,"Medium"
"302","Arlington",2000,4,54108160,99000,1346,3.4,2000.25,"Medium"
"303","Arlington",2000,5,58688050,103000,1360,3.4,2000.33333333333,"Medium"
"304","Arlington",2000,7,54540495,105800,1434,3.6,2000.5,"Medium"
"305","Arlington",2000,8,60875199,103400,1417,3.5,2000.58333333333,"Medium"
"306","Arlington",2000,9,52509988,110500,1418,3.5,2000.66666666667,"Medium"
"307","Arlington",2000,10,48300376,104100,1418,3.4,2000.75,"Medium"
"308","Arlington",2000,11,41776960,107700,1370,3.3,2000.83333333333,"Medium"
"309","Arlington",2000,12,46705325,105700,1306,3.2,2000.91666666667,"Medium"
"310","Arlington",2001,1,34187727,105700,1428,3.4,2001,"Medium"
"311","Arlington",2001,2,48908661,106400,1466,3.5,2001.08333333333,"Medium"
"312","Arlington",2001,6,67744182,108500,1627,3.8,2001.41666666667,"High"
"313","Arlington",2001,7,66350350,116000,1693,3.9,2001.5,"Medium"
"314","Arlington",2001,8,65080743,113600,1616,3.7,2001.58333333333,"Medium"
"315","Arlington",2001,9,56728723,112000,1656,3.8,2001.66666666667,"Medium"
"316","Arlington",2001,10,51328965,113200,1647,3.8,2001.75,"Medium"
"317","Arlington",2001,11,53024458,111700,1583,3.6,2001.83333333333,"Medium"
"318","Arlington",2001,12,47654250,116400,1464,3.3,2001.91666666667,"Medium"
"319","Arlington",2002,1,39966772,112000,1542,3.4,2002,"Medium"
"320","Arlington",2002,2,46058048,107500,1653,3.7,2002.08333333333,"Medium"
"321","Arlington",2002,4,61356437,111800,1683,3.8,2002.25,"Medium"
"322","Arlington",2002,6,64673182,116300,1811,4.1,2002.41666666667,"Medium"
"323","Arlington",2002,7,66954143,119100,1925,4.4,2002.5,"Medium"
"324","Arlington",2002,8,62199241,117200,1909,4.4,2002.58333333333,"Medium"
"325","Arlington",2002,9,54118102,116100,1955,4.5,2002.66666666667,"Medium"
"326","Arlington",2002,10,56866208,116000,2050,4.7,2002.75,"Medium"
"327","Arlington",2002,11,47740480,116600,1999,4.6,2002.83333333333,"Medium"
"328","Arlington",2002,12,49595229,117100,1976,4.6,2002.91666666667,"Medium"
"329","Arlington",2003,1,42505826,114500,2155,5,2003,"Medium"
"330","Arlington",2003,2,51593837,119500,2194,5,2003.08333333333,"Medium"
"331","Arlington",2003,4,52103275,113800,2478,5.8,2003.25,"Medium"
"332","Arlington",2003,5,67131982,118000,2544,5.9,2003.33333333333,"Medium"
"333","Arlington",2003,7,73194692,123500,2799,6.5,2003.5,"Medium"
"334","Arlington",2003,9,63432091,119200,2708,6.2,2003.66666666667,"Medium"
"335","Arlington",2003,11,51186383,123100,2539,5.8,2003.83333333333,"Medium"
"336","Arlington",2003,12,55076568,120200,2426,5.5,2003.91666666667,"Medium"
"337","Arlington",2004,1,36572326,114500,2638,6,2004,"Medium"
"338","Arlington",2004,2,48048923,120400,2709,6.2,2004.08333333333,"Medium"
"339","Arlington",2004,3,66902880,117000,2823,6.4,2004.16666666667,"Medium"
"340","Arlington",2004,5,72401436,118300,2922,6.5,2004.33333333333,"High"
"341","Arlington",2004,7,79609568,123800,2900,6.4,2004.5,"High"
"342","Arlington",2004,8,72336231,121500,2833,6.3,2004.58333333333,"Medium"
"343","Arlington",2004,9,66141732,120300,2777,6.1,2004.66666666667,"Medium"
"344","Arlington",2004,10,63006978,124100,2769,6.1,2004.75,"Medium"
"345","Arlington",2004,11,52819945,123700,2640,5.8,2004.83333333333,"Medium"
"346","Arlington",2004,12,63363369,123300,2475,5.4,2004.91666666667,"Medium"
"347","Arlington",2005,1,43605670,120500,2671,5.7,2005,"Medium"
"348","Arlington",2005,2,48747730,122200,2828,6.1,2005.08333333333,"Medium"
"349","Arlington",2005,3,68782581,123900,2890,6.2,2005.16666666667,"Medium"
"350","Arlington",2005,4,78286558,124600,2954,6.3,2005.25,"High"
"351","Arlington",2005,5,81002282,124200,2963,6.2,2005.33333333333,"High"
"352","Arlington",2005,6,97579136,127000,3102,6.4,2005.41666666667,"High"
"353","Arlington",2005,7,88850414,135100,3172,6.5,2005.5,"High"
"354","Arlington",2005,10,69275277,130700,2844,5.6,2005.75,"Medium"
"355","Arlington",2005,11,65724505,130500,2769,5.4,2005.83333333333,"Medium"
"356","Arlington",2005,12,76456692,135600,2537,4.9,2005.91666666667,"Medium"
"357","Arlington",2006,1,50313284,125200,2720,5.3,2006,"Medium"
"358","Arlington",2006,2,58242346,125500,2843,5.5,2006.08333333333,"Medium"
"359","Arlington",2006,6,107962697,134300,3122,5.8,2006.41666666667,"High"
"360","Arlington",2006,7,93238745,132600,3207,5.9,2006.5,"High"
"361","Arlington",2006,8,106903695,130900,3178,5.8,2006.58333333333,"High"
"362","Arlington",2006,9,75665308,131800,3215,5.9,2006.66666666667,"Medium"
"363","Arlington",2006,11,69649910,133100,3019,5.5,2006.83333333333,"Medium"
"364","Arlington",2006,12,74138446,134100,2829,5.2,2006.91666666667,"Medium"
"365","Arlington",2007,1,58230415,130500,2967,5.4,2007,"Medium"
"366","Arlington",2007,4,77760044,129200,3209,5.8,2007.25,"High"
"367","Arlington",2007,5,88579861,128000,3161,5.8,2007.33333333333,"High"
"368","Arlington",2007,6,91363030,133200,3140,5.9,2007.41666666667,"High"
"369","Arlington",2007,7,87483513,135700,3208,6,2007.5,"High"
"370","Arlington",2007,8,81555794,128300,3049,5.9,2007.58333333333,"High"
"371","Arlington",2007,9,66067557,132300,3029,5.9,2007.66666666667,"Medium"
"372","Arlington",2007,10,60303327,128600,3020,6,2007.75,"Medium"
"373","Arlington",2008,1,41280330,128000,2652,5.5,2008,"Medium"
"374","Arlington",2008,2,52437477,127000,2606,5.5,2008.08333333333,"Medium"
"375","Arlington",2008,3,60168088,131100,2660,5.8,2008.16666666667,"Medium"
"376","Arlington",2008,5,81648934,131700,2578,5.7,2008.33333333333,"High"
"377","Arlington",2008,6,71016280,131400,2587,5.9,2008.41666666667,"Medium"
"378","Arlington",2008,7,69076095,136600,2546,6,2008.5,"Medium"
"379","Arlington",2008,8,67702876,130700,2415,5.8,2008.58333333333,"Medium"
"380","Arlington",2008,9,63544449,127900,2241,5.3,2008.66666666667,"Medium"
"381","Arlington",2008,11,37364981,123200,2139,5.3,2008.83333333333,"Medium"
"382","Arlington",2008,12,46549795,130200,1957,4.9,2008.91666666667,"Medium"
"383","Arlington",2009,1,28826098,121300,2000,5.1,2009,"Medium"
"384","Arlington",2009,2,35719731,127400,2060,5.3,2009.08333333333,"Medium"
"385","Arlington",2009,3,48412582,123900,2094,5.5,2009.16666666667,"Medium"
"386","Arlington",2009,4,49918860,127100,2056,5.5,2009.25,"Medium"
"387","Arlington",2009,7,64287307,131400,1943,5.5,2009.5,"Medium"
"388","Arlington",2009,9,49927665,126100,1754,5.1,2009.66666666667,"Medium"
"389","Arlington",2009,10,63227634,131700,1787,5.1,2009.75,"Medium"
"390","Arlington",2009,12,49744684,132400,1673,4.7,2009.91666666667,"Medium"
"391","Arlington",2010,1,29631325,123100,1750,4.9,2010,"Medium"
"392","Arlington",2010,2,40004983,126000,1839,5.1,2010.08333333333,"Medium"
"393","Arlington",2010,3,62970419,129700,1877,5.2,2010.16666666667,"Medium"
"394","Arlington",2010,4,64885372,130100,1847,5,2010.25,"Medium"
"395","Arlington",2010,5,66279392,132300,2016,5.3,2010.33333333333,"Medium"
"396","Arlington",2010,7,40514948,133200,2313,6.4,2010.5,"Medium"
"397","Arlington",2010,8,49221252,135000,2226,6.3,2010.58333333333,"Medium"
"398","Arlington",2010,9,44224586,128000,2161,6.2,2010.66666666667,"Medium"
"399","Arlington",2010,11,36954226,127100,1905,5.8,2010.83333333333,"Medium"
"400","Arlington",2011,1,25505380,114400,1830,5.7,2011,"Medium"
"401","Arlington",2011,3,46116919,123000,1909,6.2,2011.16666666667,"Medium"
"402","Arlington",2011,4,48110521,120000,1932,6.5,2011.25,"Medium"
"403","Arlington",2011,5,45259572,123100,1941,6.8,2011.33333333333,"Medium"
"404","Arlington",2011,6,56500260,126900,1930,6.7,2011.41666666667,"Medium"
"405","Arlington",2011,7,50872848,126700,1843,6.3,2011.5,"Medium"
"406","Arlington",2011,8,64394492,130000,1754,5.8,2011.58333333333,"Medium"
"407","Arlington",2011,10,44329903,126900,1576,5.1,2011.75,"Medium"
"408","Arlington",2011,11,44207277,130900,1463,4.7,2011.83333333333,"Medium"
"409","Arlington",2011,12,42528627,119600,1333,4.3,2011.91666666667,"Medium"
"410","Arlington",2012,1,30369919,115300,1321,4.2,2012,"Medium"
"411","Arlington",2012,2,31954676,118500,1266,4,2012.08333333333,"Medium"
"412","Arlington",2012,3,52798200,132200,1270,4,2012.16666666667,"Medium"
"413","Arlington",2012,4,53960937,131400,1310,4.1,2012.25,"Medium"
"414","Arlington",2012,5,63192717,134100,1322,4,2012.33333333333,"Medium"
"415","Arlington",2012,6,67155821,143100,1303,3.9,2012.41666666667,"Medium"
"416","Arlington",2012,7,70307028,139500,1308,3.8,2012.5,"Medium"
"417","Arlington",2012,8,70035003,137500,1240,3.6,2012.58333333333,"Medium"
"418","Arlington",2012,9,50041340,127600,1204,3.5,2012.66666666667,"Medium"
"419","Arlington",2012,10,56661811,131700,1173,3.4,2012.75,"Medium"
"420","Arlington",2012,11,45780030,125200,1080,3.1,2012.83333333333,"Medium"
"421","Arlington",2012,12,49146200,126200,958,2.7,2012.91666666667,"Medium"
"422","Arlington",2013,1,40923056,123100,900,2.5,2013,"Medium"
"423","Arlington",2013,2,49451110,131600,932,2.5,2013.08333333333,"Medium"
"424","Arlington",2013,4,70573419,146700,888,2.4,2013.25,"Medium"
"425","Arlington",2013,5,94991902,146500,921,2.4,2013.33333333333,"High"
"426","Arlington",2013,6,75310230,149200,1000,2.5,2013.41666666667,"Medium"
"427","Arlington",2013,8,84920259,149600,1042,2.6,2013.58333333333,"Medium"
"428","Arlington",2013,9,73848120,144800,954,2.3,2013.66666666667,"Medium"
"429","Arlington",2013,10,75115808,144400,910,2.2,2013.75,"Medium"
"430","Arlington",2013,11,52294361,143800,824,2,2013.83333333333,"Medium"
"431","Arlington",2013,12,64868680,144600,771,1.8,2013.91666666667,"Medium"
"432","Arlington",2014,1,41006184,140600,768,1.8,2014,"Medium"
"433","Arlington",2014,3,77396505,157500,723,1.7,2014.16666666667,"Medium"
"434","Arlington",2014,4,79549262,154800,782,1.8,2014.25,"Medium"
"435","Arlington",2014,7,92575560,159200,882,2.1,2014.5,"Medium"
"436","Arlington",2014,8,103084604,168300,839,2,2014.58333333333,"Medium"
"437","Arlington",2014,9,80898740,156000,773,1.8,2014.66666666667,"Medium"
"438","Arlington",2014,10,84823129,157100,709,1.6,2014.75,"Medium"
"439","Arlington",2014,11,59150527,155200,631,1.4,2014.83333333333,"Medium"
"440","Arlington",2014,12,76106139,161000,606,1.4,2014.91666666667,"Medium"
"441","Arlington",2015,1,46090246,159700,552,1.3,2015,"Medium"
"442","Arlington",2015,4,80801986,166600,570,1.3,2015.25,"Medium"
"443","Arlington",2015,5,113228979,179100,614,1.4,2015.33333333333,"Medium"
"444","Arlington",2015,7,125495239,178900,752,1.7,2015.5,"High"
"445","Austin",2000,1,173053635,133700,3084,2,2000,"High"
"446","Austin",2000,2,226038438,134000,2989,2,2000.08333333333,"High"
"447","Austin",2000,3,298557656,136700,3042,2,2000.16666666667,"High"
"448","Austin",2000,4,289197960,136900,3192,2.1,2000.25,"High"
"449","Austin",2000,5,393073774,144700,3617,2.3,2000.33333333333,"High"
"450","Austin",2000,6,368290072,148800,3799,2.4,2000.41666666667,"High"
"451","Austin",2000,7,351539312,149300,3944,2.6,2000.5,"High"
"452","Austin",2000,8,360255090,146300,3948,2.6,2000.58333333333,"High"
"453","Austin",2000,9,292799874,148700,4058,2.6,2000.66666666667,"High"
"454","Austin",2000,10,300952544,150100,4100,2.6,2000.75,"High"
"455","Austin",2000,11,244873204,148000,4114,2.7,2000.83333333333,"High"
"456","Austin",2000,12,262408360,149900,4005,2.6,2000.91666666667,"High"
"457","Austin",2001,2,234385962,151000,5325,3.4,2001.08333333333,"High"
"458","Austin",2001,3,296870356,148500,6097,3.9,2001.16666666667,"High"
"459","Austin",2001,4,302565123,151100,6800,4.4,2001.25,"High"
"460","Austin",2001,6,366626307,151500,8177,5.3,2001.41666666667,"High"
"461","Austin",2001,7,364827740,155500,8406,5.5,2001.5,"High"
"462","Austin",2001,8,359972391,153800,8374,5.5,2001.58333333333,"High"
"463","Austin",2001,10,245812749,139700,8135,5.4,2001.75,"High"
"464","Austin",2001,11,257247398,152400,7378,4.9,2001.83333333333,"High"
"465","Austin",2001,12,297729300,155700,6810,4.4,2001.91666666667,"High"
"466","Austin",2002,1,242074554,152600,6851,4.4,2002,"High"
"467","Austin",2002,2,279623092,157300,7190,4.6,2002.08333333333,"High"
"468","Austin",2002,3,313749244,156600,7625,4.9,2002.16666666667,"High"
"469","Austin",2002,4,322148092,156200,8226,5.3,2002.25,"High"
"470","Austin",2002,5,383478450,156000,9109,5.8,2002.33333333333,"High"
"471","Austin",2002,7,332673864,151700,9863,6.3,2002.5,"High"
"472","Austin",2002,8,346430746,156900,9843,6.3,2002.58333333333,"High"
"473","Austin",2002,9,274003236,152400,9854,6.3,2002.66666666667,"High"
"474","Austin",2002,11,244930656,149800,9189,5.9,2002.83333333333,"High"
"475","Austin",2002,12,294382650,151600,8854,5.7,2002.91666666667,"High"
"476","Austin",2003,1,198926472,144100,9163,5.9,2003,"High"
"477","Austin",2003,2,237034508,150600,9541,6.2,2003.08333333333,"High"
"478","Austin",2003,3,294928586,153000,10152,6.6,2003.16666666667,"High"
"479","Austin",2003,4,301081936,154700,10756,7,2003.25,"High"
"480","Austin",2003,5,329708716,156800,11071,7.4,2003.33333333333,"High"
"481","Austin",2003,6,401039300,162400,11000,7.3,2003.41666666667,"High"
"482","Austin",2003,7,416842800,160500,10929,7.1,2003.5,"High"
"483","Austin",2003,8,423729417,155300,10761,6.8,2003.58333333333,"High"
"484","Austin",2003,9,357269553,151500,10649,6.6,2003.66666666667,"High"
"485","Austin",2003,10,317732419,152700,10475,6.4,2003.75,"High"
"486","Austin",2003,11,267634196,151500,9939,6.1,2003.83333333333,"High"
"487","Austin",2004,1,203983516,144400,9853,6,2004,"High"
"488","Austin",2004,2,255330644,148900,10442,6.3,2004.08333333333,"High"
"489","Austin",2004,3,329520600,154100,10769,6.5,2004.16666666667,"High"
"490","Austin",2004,5,418371770,155500,11104,6.4,2004.33333333333,"High"
"491","Austin",2004,6,501302304,160100,11122,6.2,2004.41666666667,"High"
"492","Austin",2004,7,480101629,158700,11028,6.1,2004.5,"High"
"493","Austin",2004,8,466782418,152800,10797,5.9,2004.58333333333,"High"
"494","Austin",2004,9,390609048,158200,10436,5.7,2004.66666666667,"High"
"495","Austin",2004,10,341152576,150300,10141,5.5,2004.75,"High"
"496","Austin",2004,11,308820516,147500,9277,5,2004.83333333333,"High"
"497","Austin",2004,12,393603237,154000,8863,4.7,2004.91666666667,"High"
"498","Austin",2005,1,281261604,148300,8909,4.7,2005,"High"
"499","Austin",2005,2,317890683,156900,9198,4.7,2005.08333333333,"High"
"500","Austin",2005,3,441137816,154700,9515,4.8,2005.16666666667,"High"
"501","Austin",2005,4,436705640,158200,9780,4.9,2005.25,"High"
"502","Austin",2005,5,539885343,159500,9204,4.5,2005.33333333333,"High"
"503","Austin",2005,6,577224899,166100,9455,4.6,2005.41666666667,"High"
"504","Austin",2005,7,594741961,165800,9726,4.7,2005.5,"High"
"505","Austin",2005,8,612428226,167500,9095,4.3,2005.58333333333,"High"
"506","Austin",2005,9,520740255,158400,8605,4,2005.66666666667,"High"
"507","Austin",2005,11,435832989,167900,7933,3.6,2005.83333333333,"High"
"508","Austin",2006,2,413928068,165700,8259,3.6,2006.08333333333,"High"
"509","Austin",2006,3,586176203,166700,8677,3.7,2006.16666666667,"High"
"510","Austin",2006,4,554865748,171600,8965,3.8,2006.25,"High"
"511","Austin",2006,5,677494604,170300,8996,3.8,2006.33333333333,"High"
"512","Austin",2006,6,784835296,175400,9267,3.8,2006.41666666667,"High"
"513","Austin",2006,7,707975483,174600,9134,3.7,2006.5,"High"
"514","Austin",2006,8,729560280,179400,8932,3.6,2006.58333333333,"High"
"515","Austin",2006,9,580201261,167000,9097,3.7,2006.66666666667,"High"
"516","Austin",2006,10,534104892,174500,8894,3.6,2006.75,"High"
"517","Austin",2006,11,496504087,172200,8289,3.3,2006.83333333333,"High"
"518","Austin",2006,12,515575944,175900,7735,3.1,2006.91666666667,"High"
"519","Austin",2007,1,390464253,174400,7784,3.1,2007,"High"
"520","Austin",2007,2,443681250,177500,7991,3.2,2007.08333333333,"High"
"521","Austin",2007,5,741645574,183500,9987,3.9,2007.33333333333,"High"
"522","Austin",2007,7,743454236,188900,10757,4.3,2007.5,"High"
"523","Austin",2007,8,717200330,190600,11172,4.5,2007.58333333333,"High"
"524","Austin",2007,9,494360536,182500,11379,4.7,2007.66666666667,"High"
"525","Austin",2007,10,458395970,181700,11028,4.6,2007.75,"High"
"526","Austin",2007,11,442079932,185200,9599,4,2007.83333333333,"High"
"527","Austin",2007,12,442476370,189300,9866,4.2,2007.91666666667,"High"
"528","Austin",2008,1,346359718,185300,10403,4.5,2008,"High"
"529","Austin",2008,2,394847541,180300,10861,4.7,2008.08333333333,"High"
"530","Austin",2008,3,486846093,188800,11431,5.1,2008.16666666667,"High"
"531","Austin",2008,4,521407482,187000,11833,5.3,2008.25,"High"
"532","Austin",2008,5,600681316,193800,12415,5.7,2008.33333333333,"High"
"533","Austin",2008,6,614811824,196400,12769,6,2008.41666666667,"High"
"534","Austin",2008,7,576614008,190900,12728,6.2,2008.5,"High"
"535","Austin",2008,8,553078210,194300,12078,6,2008.58333333333,"High"
"536","Austin",2008,10,345831114,188500,11635,5.9,2008.75,"High"
"537","Austin",2008,11,251409268,180100,10869,5.7,2008.83333333333,"High"
"538","Austin",2008,12,341207960,179600,10089,5.4,2008.91666666667,"High"
"539","Austin",2009,2,281517090,187600,10929,6.1,2009.08333333333,"High"
"540","Austin",2009,3,340937410,179100,11280,6.5,2009.16666666667,"High"
"541","Austin",2009,4,387847145,186900,11462,6.8,2009.25,"High"
"542","Austin",2009,5,458979968,193400,11535,7,2009.33333333333,"High"
"543","Austin",2009,6,554436848,195600,11681,7.1,2009.41666666667,"High"
"544","Austin",2009,7,541395060,189900,11449,7,2009.5,"High"
"545","Austin",2009,8,464279974,187800,10940,6.8,2009.58333333333,"High"
"546","Austin",2009,10,454806534,179300,10300,6.2,2009.75,"High"
"547","Austin",2009,11,401164047,176100,9836,5.7,2009.83333333333,"High"
"548","Austin",2009,12,376479291,187800,9366,5.4,2009.91666666667,"High"
"549","Austin",2010,1,230799130,175300,9931,5.7,2010,"High"
"550","Austin",2010,2,293085886,182600,10825,6.2,2010.08333333333,"High"
"551","Austin",2010,3,461231875,179400,11846,6.7,2010.16666666667,"High"
"552","Austin",2010,5,543258166,188600,12786,6.9,2010.33333333333,"High"
"553","Austin",2010,6,584250558,200500,13353,7.2,2010.41666666667,"High"
"554","Austin",2010,7,453983948,213600,13336,7.4,2010.5,"High"
"555","Austin",2010,9,342118926,190500,11834,6.8,2010.66666666667,"High"
"556","Austin",2010,11,325029932,180600,9906,6,2010.83333333333,"High"
"557","Austin",2010,12,384045548,191200,9284,5.6,2010.91666666667,"High"
"558","Austin",2011,2,289087802,188000,9795,5.9,2011.08333333333,"High"
"559","Austin",2011,3,427529263,184400,10464,6.4,2011.16666666667,"High"
"560","Austin",2011,4,484604140,191600,11030,6.9,2011.25,"High"
"561","Austin",2011,6,615616057,199900,10958,6.9,2011.41666666667,"High"
"562","Austin",2011,7,555886196,193900,10577,6.4,2011.5,"High"
"563","Austin",2011,8,553744120,193900,9774,5.8,2011.58333333333,"High"
"564","Austin",2011,9,443089936,186900,9489,5.5,2011.66666666667,"High"
"565","Austin",2011,10,394019216,188900,8874,5.1,2011.75,"High"
"566","Austin",2011,11,361444745,184700,8054,4.6,2011.83333333333,"High"
"567","Austin",2011,12,418963364,188300,7473,4.2,2011.91666666667,"High"
"568","Austin",2012,1,265821275,177400,7432,4.2,2012,"High"
"569","Austin",2012,2,353527608,191600,7738,4.3,2012.08333333333,"High"
"570","Austin",2012,3,533800484,198600,8186,4.5,2012.16666666667,"High"
"571","Austin",2012,5,705383898,210200,8465,4.5,2012.33333333333,"High"
"572","Austin",2012,6,791281075,216000,8641,4.5,2012.41666666667,"High"
"573","Austin",2012,7,718755768,211000,8519,4.3,2012.5,"High"
"574","Austin",2012,8,708540314,205100,8112,4,2012.58333333333,"High"
"575","Austin",2012,9,516045542,196800,7641,3.8,2012.66666666667,"High"
"576","Austin",2012,10,585049910,197100,7091,3.4,2012.75,"High"
"577","Austin",2012,12,562680422,211500,5737,2.7,2012.91666666667,"High"
"578","Austin",2013,1,402135669,199200,5548,2.6,2013,"High"
"579","Austin",2013,2,468527290,206800,5752,2.6,2013.08333333333,"High"
"580","Austin",2013,4,820141712,227300,6121,2.7,2013.25,"High"
"581","Austin",2013,5,944924177,228100,6424,2.8,2013.33333333333,"High"
"582","Austin",2013,6,880058970,234100,6724,2.9,2013.41666666667,"High"
"583","Austin",2013,8,931481472,218800,6706,2.7,2013.58333333333,"High"
"584","Austin",2013,9,725959392,224000,6569,2.6,2013.66666666667,"High"
"585","Austin",2013,10,648747783,218300,6114,2.4,2013.75,"High"
"586","Austin",2013,11,594534652,217900,5668,2.2,2013.83333333333,"High"
"587","Austin",2013,12,647915760,226600,5047,2,2013.91666666667,"High"
"588","Austin",2014,1,426127544,213700,5118,2,2014,"High"
"589","Austin",2014,2,550882376,229400,5255,2.1,2014.08333333333,"High"
"590","Austin",2014,4,813253968,237000,5838,2.3,2014.25,"High"
"591","Austin",2014,5,1012123948,243900,6539,2.6,2014.33333333333,"High"
"592","Austin",2014,6,1023051880,248900,7040,2.7,2014.41666666667,"High"
"593","Austin",2014,8,927019222,243800,7326,2.9,2014.58333333333,"High"
"594","Austin",2014,9,813797562,238900,7072,2.8,2014.66666666667,"High"
"595","Austin",2014,10,796863816,239600,6791,2.7,2014.75,"High"
"596","Austin",2014,11,624591613,242100,6126,2.4,2014.83333333333,"High"
"597","Austin",2014,12,768005685,245700,5602,2.2,2014.91666666667,"High"
"598","Austin",2015,2,595625521,245300,5733,2.2,2015.08333333333,"High"
"599","Austin",2015,3,885779822,253900,5906,2.3,2015.16666666667,"High"
"600","Austin",2015,4,931744729,270300,6560,2.5,2015.25,"High"
"601","Austin",2015,5,1026501450,271200,7009,2.7,2015.33333333333,"High"
"602","Austin",2015,6,1086689918,270200,7419,2.8,2015.41666666667,"High"
"603","Austin",2015,7,1150381553,264600,7913,3,2015.5,"High"
"604","Bay Area",2000,1,29322659,100700,1766,4.3,2000,"Medium"
"605","Bay Area",2000,2,48295141,110400,1817,4.4,2000.08333333333,"Medium"
"606","Bay Area",2000,3,48779462,113400,1830,4.5,2000.16666666667,"Medium"
"607","Bay Area",2000,4,52943752,107000,1845,4.6,2000.25,"Medium"
"608","Bay Area",2000,5,70983815,115900,1827,4.4,2000.33333333333,"High"
"609","Bay Area",2000,7,59472007,114900,1876,4.6,2000.5,"Medium"
"610","Bay Area",2000,9,51414827,111100,1842,4.5,2000.66666666667,"Medium"
"611","Bay Area",2000,11,42727036,116200,1863,4.6,2000.83333333333,"Medium"
"612","Bay Area",2001,1,31955500,112500,1840,4.5,2001,"Medium"
"613","Bay Area",2001,3,60352214,124800,1912,4.7,2001.16666666667,"Medium"
"614","Bay Area",2001,6,78359863,126500,2083,5.1,2001.41666666667,"High"
"615","Bay Area",2001,7,68101919,124900,2030,5,2001.5,"Medium"
"616","Bay Area",2001,8,78260372,126400,1945,4.7,2001.58333333333,"High"
"617","Bay Area",2001,11,53614316,126100,1917,4.6,2001.83333333333,"Medium"
"618","Bay Area",2001,12,56117403,124400,1826,4.3,2001.91666666667,"Medium"
"619","Bay Area",2002,1,40226990,122600,1911,4.5,2002,"Medium"
"620","Bay Area",2002,2,50945825,124800,1910,4.5,2002.08333333333,"Medium"
"621","Bay Area",2002,3,62291039,127800,1989,4.7,2002.16666666667,"Medium"
"622","Bay Area",2002,4,61963889,124000,2056,4.8,2002.25,"Medium"
"623","Bay Area",2002,5,74588933,133500,2098,4.9,2002.33333333333,"Medium"
"624","Bay Area",2002,6,83392501,138400,2177,5.1,2002.41666666667,"High"
"625","Bay Area",2002,7,78849480,135700,2297,5.4,2002.5,"Medium"
"626","Bay Area",2002,8,74537321,133900,2336,5.5,2002.58333333333,"Medium"
"627","Bay Area",2002,9,61488327,132000,2347,5.5,2002.66666666667,"Medium"
"628","Bay Area",2002,10,56757885,127500,2412,5.6,2002.75,"Medium"
"629","Bay Area",2002,11,45123084,129300,2371,5.6,2002.83333333333,"Medium"
"630","Bay Area",2003,1,43964503,125900,2361,5.6,2003,"Medium"
"631","Bay Area",2003,4,64296998,131500,2511,5.9,2003.25,"Medium"
"632","Bay Area",2003,5,76296527,135900,2617,6.1,2003.33333333333,"Medium"
"633","Bay Area",2003,6,81564889,139700,2698,6.3,2003.41666666667,"Medium"
"634","Bay Area",2003,7,89335731,143100,2679,6.3,2003.5,"High"
"635","Bay Area",2003,8,96450032,137400,2628,6,2003.58333333333,"High"
"636","Bay Area",2003,10,63236010,130000,2657,6,2003.75,"Medium"
"637","Bay Area",2003,11,56544557,132200,2597,5.8,2003.83333333333,"Medium"
"638","Bay Area",2003,12,67188921,130400,2438,5.4,2003.91666666667,"Medium"
"639","Bay Area",2004,1,43475986,127200,2516,5.6,2004,"Medium"
"640","Bay Area",2004,2,52162523,134400,2527,5.7,2004.08333333333,"Medium"
"641","Bay Area",2004,3,80570639,133200,2653,5.8,2004.16666666667,"Medium"
"642","Bay Area",2004,4,85388081,137200,2614,5.6,2004.25,"High"
"643","Bay Area",2004,5,89611256,135400,2645,5.6,2004.33333333333,"High"
"644","Bay Area",2004,7,98664253,136900,2677,5.5,2004.5,"High"
"645","Bay Area",2004,8,95362551,132700,2647,5.4,2004.58333333333,"High"
"646","Bay Area",2004,9,79070724,127700,2672,5.4,2004.66666666667,"Medium"
"647","Bay Area",2004,10,69774087,131000,2675,5.4,2004.75,"Medium"
"648","Bay Area",2004,11,61623024,123800,2639,5.3,2004.83333333333,"Medium"
"649","Bay Area",2004,12,79223240,135400,2438,4.8,2004.91666666667,"Medium"
"650","Bay Area",2005,2,63794027,132200,2606,5.1,2005.08333333333,"Medium"
"651","Bay Area",2005,5,104324082,138000,2755,5.3,2005.33333333333,"High"
"652","Bay Area",2005,6,127889712,144900,2794,5.3,2005.41666666667,"High"
"653","Bay Area",2005,7,116164121,145200,2793,5.3,2005.5,"High"
"654","Bay Area",2005,8,122394312,146600,2797,5.2,2005.58333333333,"High"
"655","Bay Area",2005,9,82428682,143700,2823,5.3,2005.66666666667,"Medium"
"656","Bay Area",2005,10,80411154,136600,2910,5.5,2005.75,"Medium"
"657","Bay Area",2005,12,90218600,143200,2839,5.3,2005.91666666667,"Medium"
"658","Bay Area",2006,1,58297417,133100,3038,5.7,2006,"Medium"
"659","Bay Area",2006,4,108249483,143800,3581,6.5,2006.25,"High"
"660","Bay Area",2006,5,130486854,146200,3730,6.6,2006.33333333333,"High"
"661","Bay Area",2006,6,137838694,158000,3960,7,2006.41666666667,"High"
"662","Bay Area",2006,8,127753745,150300,4096,7.2,2006.58333333333,"High"
"663","Bay Area",2006,9,97958221,149200,4167,7.3,2006.66666666667,"High"
"664","Bay Area",2006,10,87210547,134400,4087,7,2006.75,"High"
"665","Bay Area",2006,11,93988300,141700,3983,6.8,2006.83333333333,"High"
"666","Bay Area",2006,12,102060900,149200,3748,6.3,2006.91666666667,"High"
"667","Bay Area",2007,1,71090516,147500,3804,6.4,2007,"Medium"
"668","Bay Area",2007,3,110437513,151300,4088,6.9,2007.16666666667,"High"
"669","Bay Area",2007,4,123050272,149400,4321,7.2,2007.25,"High"
"670","Bay Area",2007,5,133374728,158000,4429,7.4,2007.33333333333,"High"
"671","Bay Area",2007,8,140986908,163200,4412,7.4,2007.58333333333,"High"
"672","Bay Area",2007,9,102609828,150700,4330,7.2,2007.66666666667,"High"
"673","Bay Area",2007,10,88094781,151000,4361,7.4,2007.75,"Medium"
"674","Bay Area",2007,12,94424058,155900,3961,6.8,2007.91666666667,"Medium"
"675","Bay Area",2008,1,56398952,141500,3921,6.8,2008,"Medium"
"676","Bay Area",2008,2,82031673,146900,4005,7,2008.08333333333,"Medium"
"677","Bay Area",2008,3,112078144,158000,4155,7.3,2008.16666666667,"High"
"678","Bay Area",2008,4,98627606,153100,4248,7.5,2008.25,"High"
"679","Bay Area",2008,5,127418177,159700,4215,7.5,2008.33333333333,"High"
"680","Bay Area",2008,6,132977285,162800,4169,7.5,2008.41666666667,"High"
"681","Bay Area",2008,7,146093090,170200,4135,7.5,2008.5,"High"
"682","Bay Area",2008,8,131890669,167300,4030,7.4,2008.58333333333,"High"
"683","Bay Area",2008,9,59706694,170900,3623,6.9,2008.66666666667,"Medium"
"684","Bay Area",2008,11,46981295,139300,3126,6.3,2008.83333333333,"Medium"
"685","Bay Area",2008,12,72996172,149400,2853,5.8,2008.91666666667,"Medium"
"686","Bay Area",2009,2,59217251,143700,2912,6.1,2009.08333333333,"Medium"
"687","Bay Area",2009,4,71946293,151900,3066,6.7,2009.25,"Medium"
"688","Bay Area",2009,5,81863619,156500,3146,7.2,2009.33333333333,"Medium"
"689","Bay Area",2009,8,93440972,153200,3461,8.3,2009.58333333333,"Medium"
"690","Bay Area",2009,9,91230969,151700,3480,8.1,2009.66666666667,"Medium"
"691","Bay Area",2009,10,81435594,152300,3518,8,2009.75,"Medium"
"692","Bay Area",2009,11,75904044,146900,3491,7.7,2009.83333333333,"Medium"
"693","Bay Area",2009,12,73974741,153600,3382,7.5,2009.91666666667,"Medium"
"694","Bay Area",2010,3,90639743,153800,4127,9.3,2010.16666666667,"Medium"
"695","Bay Area",2010,4,92783572,155400,4152,9.2,2010.25,"Medium"
"696","Bay Area",2010,5,102652499,154400,4389,9.5,2010.33333333333,"High"
"697","Bay Area",2010,6,101230779,162100,4627,10.2,2010.41666666667,"Medium"
"698","Bay Area",2010,7,80907483,161700,4756,10.7,2010.5,"Medium"
"699","Bay Area",2010,8,80246739,158500,4593,10.6,2010.58333333333,"Medium"
"700","Bay Area",2010,9,71344491,153400,4455,10.5,2010.66666666667,"Medium"
"701","Bay Area",2010,10,69954394,158200,4368,10.4,2010.75,"Medium"
"702","Bay Area",2010,12,76002315,158200,3938,9.6,2010.91666666667,"Medium"
"703","Bay Area",2011,1,49266053,136700,4000,9.7,2011,"Medium"
"704","Bay Area",2011,2,57584202,150700,4075,9.8,2011.08333333333,"Medium"
"705","Bay Area",2011,3,79172229,151800,4222,10.3,2011.16666666667,"Medium"
"706","Bay Area",2011,4,86816873,159600,4301,10.5,2011.25,"Medium"
"707","Bay Area",2011,5,88285312,157000,4377,10.9,2011.33333333333,"Medium"
"708","Bay Area",2011,6,88492680,157600,4437,11.2,2011.41666666667,"Medium"
"709","Bay Area",2011,7,86269940,151600,4256,10.6,2011.5,"Medium"
"710","Bay Area",2011,9,83543105,158600,3852,9.2,2011.66666666667,"Medium"
"711","Bay Area",2011,11,72517961,152400,3646,8.6,2011.83333333333,"Medium"
"712","Bay Area",2011,12,82336126,157400,3356,7.8,2011.91666666667,"Medium"
"713","Bay Area",2012,1,52759766,140000,3285,7.6,2012,"Medium"
"714","Bay Area",2012,2,70937939,156300,3289,7.6,2012.08333333333,"Medium"
"715","Bay Area",2012,3,84923075,152700,3338,7.6,2012.16666666667,"Medium"
"716","Bay Area",2012,4,89577466,155000,3379,7.7,2012.25,"Medium"
"717","Bay Area",2012,6,115929435,162700,3338,7.2,2012.41666666667,"High"
"718","Bay Area",2012,8,116689892,152200,3183,6.6,2012.58333333333,"High"
"719","Bay Area",2012,9,89273495,165500,3099,6.4,2012.66666666667,"Medium"
"720","Bay Area",2012,10,99528523,157500,3025,6.1,2012.75,"High"
"721","Bay Area",2012,11,88662121,159000,2909,5.8,2012.83333333333,"Medium"
"722","Bay Area",2012,12,89917192,157500,2703,5.4,2012.91666666667,"Medium"
"723","Bay Area",2013,2,85906613,156200,2747,5.3,2013.08333333333,"Medium"
"724","Bay Area",2013,3,103674964,159800,2794,5.4,2013.16666666667,"High"
"725","Bay Area",2013,4,118849609,165200,2779,5.2,2013.25,"High"
"726","Bay Area",2013,5,157533832,170300,2769,5.1,2013.33333333333,"High"
"727","Bay Area",2013,6,153326108,177900,2790,5.1,2013.41666666667,"High"
"728","Bay Area",2013,7,164924265,173200,2829,5,2013.5,"High"
"729","Bay Area",2013,8,158463475,175000,2792,4.9,2013.58333333333,"High"
"730","Bay Area",2013,9,119642217,169500,2773,4.8,2013.66666666667,"High"
"731","Bay Area",2013,10,121201992,167100,2728,4.6,2013.75,"High"
"732","Bay Area",2013,11,89314560,163800,2598,4.4,2013.83333333333,"Medium"
"733","Bay Area",2013,12,120716894,170500,2417,4.1,2013.91666666667,"High"
"734","Bay Area",2014,1,74355512,157500,2383,4,2014,"Medium"
"735","Bay Area",2014,2,101202076,172800,2377,3.9,2014.08333333333,"Medium"
"736","Bay Area",2014,3,119138935,171100,2414,4,2014.16666666667,"High"
"737","Bay Area",2014,4,139962135,171700,2429,4,2014.25,"High"
"738","Bay Area",2014,5,166424154,182000,2386,3.9,2014.33333333333,"High"
"739","Bay Area",2014,6,176892955,186000,2449,3.9,2014.41666666667,"High"
"740","Bay Area",2014,7,173366761,178200,2515,4,2014.5,"High"
"741","Bay Area",2014,8,182260959,183700,2462,3.9,2014.58333333333,"High"
"742","Bay Area",2014,9,140716025,178400,2331,3.7,2014.66666666667,"High"
"743","Bay Area",2014,10,149013631,174300,2182,3.4,2014.75,"High"
"744","Bay Area",2014,11,117333715,185000,2092,3.2,2014.83333333333,"High"
"745","Bay Area",2014,12,136939956,188500,1894,2.9,2014.91666666667,"High"
"746","Bay Area",2015,1,81231345,172200,1910,2.9,2015,"Medium"
"747","Bay Area",2015,2,110931977,186100,1871,2.8,2015.08333333333,"Medium"
"748","Bay Area",2015,3,147416393,185900,1896,2.9,2015.16666666667,"High"
"749","Bay Area",2015,4,150881749,192100,1943,2.9,2015.25,"High"
"750","Bay Area",2015,5,165877043,194300,2057,3.1,2015.33333333333,"High"
"751","Bay Area",2015,7,197368370,200800,2144,3.2,2015.5,"High"
"752","Beaumont",2000,1,10100000,82100,876,6.1,2000,"Medium"
"753","Beaumont",2000,2,12405000,81500,896,6.3,2000.08333333333,"Medium"
"754","Beaumont",2000,3,15915000,82700,898,6.2,2000.16666666667,"Medium"
"755","Beaumont",2000,4,15600000,83800,872,6,2000.25,"Medium"
"756","Beaumont",2000,6,17410000,87800,947,6.5,2000.41666666667,"Medium"
"757","Beaumont",2000,7,19095000,85000,951,6.5,2000.5,"Medium"
"758","Beaumont",2000,8,16920000,78800,984,6.7,2000.58333333333,"Medium"
"759","Beaumont",2000,9,16450000,94400,1023,7.1,2000.66666666667,"Medium"
"760","Beaumont",2000,11,16190000,85300,980,6.7,2000.83333333333,"Medium"
"761","Beaumont",2000,12,14050000,79300,942,6.3,2000.91666666667,"Medium"
"762","Beaumont",2001,1,8865000,86500,971,6.6,2001,"Low"
"763","Beaumont",2001,2,12090000,83800,975,6.7,2001.08333333333,"Medium"
"764","Beaumont",2001,3,18055000,89400,969,6.6,2001.16666666667,"Medium"
"765","Beaumont",2001,4,18035000,88400,974,6.6,2001.25,"Medium"
"766","Beaumont",2001,5,21020000,87000,1003,6.7,2001.33333333333,"Medium"
"767","Beaumont",2001,7,23250000,88500,1007,6.7,2001.5,"Medium"
"768","Beaumont",2001,8,18075000,89700,1080,7.2,2001.58333333333,"Medium"
"769","Beaumont",2001,9,16745000,91700,1091,7.3,2001.66666666667,"Medium"
"770","Beaumont",2001,11,15235000,92100,1006,6.7,2001.83333333333,"Medium"
"771","Beaumont",2001,12,13145000,87500,924,6.2,2001.91666666667,"Medium"
"772","Beaumont",2002,1,10910000,82100,990,6.6,2002,"Medium"
"773","Beaumont",2002,3,15165000,85600,1025,6.8,2002.16666666667,"Medium"
"774","Beaumont",2002,4,21395000,87000,1009,6.6,2002.25,"Medium"
"775","Beaumont",2002,5,23355000,91900,1009,6.5,2002.33333333333,"Medium"
"776","Beaumont",2002,6,21560000,99600,1018,6.4,2002.41666666667,"Medium"
"777","Beaumont",2002,7,18110000,97000,1034,6.6,2002.5,"Medium"
"778","Beaumont",2002,8,21650000,98300,1020,6.5,2002.58333333333,"Medium"
"779","Beaumont",2002,9,18835000,94100,995,6.2,2002.66666666667,"Medium"
"780","Beaumont",2002,11,12490000,92700,1003,6.2,2002.83333333333,"Medium"
"781","Beaumont",2003,1,10680000,83100,1044,6.5,2003,"Medium"
"782","Beaumont",2003,4,20020000,91600,1129,7.1,2003.25,"Medium"
"783","Beaumont",2003,5,20225000,87800,1164,7.4,2003.33333333333,"Medium"
"784","Beaumont",2003,6,20700000,100400,1159,7.4,2003.41666666667,"Medium"
"785","Beaumont",2003,7,24140000,101000,1159,7.3,2003.5,"Medium"
"786","Beaumont",2003,8,25170000,103200,1159,7.2,2003.58333333333,"Medium"
"787","Beaumont",2003,9,23290000,101400,1173,7.1,2003.66666666667,"Medium"
"788","Beaumont",2003,10,20930000,95000,1160,7,2003.75,"Medium"
"789","Beaumont",2003,11,15105000,86100,1159,6.9,2003.83333333333,"Medium"
"790","Beaumont",2003,12,27165000,116300,1118,6.5,2003.91666666667,"Medium"
"791","Beaumont",2004,4,22375000,103700,1181,6.7,2004.25,"Medium"
"792","Beaumont",2004,6,27460000,106000,1226,6.8,2004.41666666667,"Medium"
"793","Beaumont",2004,7,23120000,100300,1207,6.7,2004.5,"Medium"
"794","Beaumont",2004,8,27990000,103200,1275,7,2004.58333333333,"Medium"
"795","Beaumont",2004,9,20840000,97000,1296,7.2,2004.66666666667,"Medium"
"796","Beaumont",2004,11,20500000,92900,1237,6.9,2004.83333333333,"Medium"
"797","Beaumont",2005,1,15330000,97700,1240,7,2005,"Medium"
"798","Beaumont",2005,2,20115000,106200,1232,6.9,2005.08333333333,"Medium"
"799","Beaumont",2005,3,22125000,90900,1286,7.2,2005.16666666667,"Medium"
"800","Beaumont",2005,4,19555000,93000,1317,7.4,2005.25,"Medium"
"801","Beaumont",2005,6,24955000,111200,1417,7.9,2005.41666666667,"Medium"
"802","Beaumont",2005,8,28945000,104800,1399,7.9,2005.58333333333,"Medium"
"803","Beaumont",2005,9,15290000,116700,1232,7.1,2005.66666666667,"Medium"
"804","Beaumont",2005,10,12405000,120000,1078,6.5,2005.75,"Low"
"805","Beaumont",2005,11,27065000,109700,940,5.5,2005.83333333333,"Medium"
"806","Beaumont",2006,2,22570000,116900,767,4.4,2006.08333333333,"Medium"
"807","Beaumont",2006,3,27095000,105800,804,4.5,2006.16666666667,"Medium"
"808","Beaumont",2006,4,24620000,108600,850,4.8,2006.25,"Medium"
"809","Beaumont",2006,5,25445000,117100,839,4.8,2006.33333333333,"Medium"
"810","Beaumont",2006,6,28960000,121400,922,5.2,2006.41666666667,"Medium"
"811","Beaumont",2006,8,31025000,109700,1042,5.8,2006.58333333333,"Medium"
"812","Beaumont",2006,9,32465000,124000,1030,5.5,2006.66666666667,"Medium"
"813","Beaumont",2006,10,26110000,123900,1009,5.1,2006.75,"Medium"
"814","Beaumont",2006,11,23395000,122500,1436,7.4,2006.83333333333,"Medium"
"815","Beaumont",2006,12,26505000,124800,970,5,2006.91666666667,"Medium"
"816","Beaumont",2007,2,26235000,122200,947,4.9,2007.08333333333,"Medium"
"817","Beaumont",2007,3,35980000,122100,1008,5.1,2007.16666666667,"Medium"
"818","Beaumont",2007,4,28040000,117800,1007,5.1,2007.25,"Medium"
"819","Beaumont",2007,5,41715000,137200,1103,5.4,2007.33333333333,"Medium"
"820","Beaumont",2007,6,35875000,131700,1184,5.7,2007.41666666667,"Medium"
"821","Beaumont",2007,7,35065000,128900,1307,6.2,2007.5,"Medium"
"822","Beaumont",2007,8,38555000,130900,1299,6.1,2007.58333333333,"Medium"
"823","Beaumont",2007,9,27960000,133300,1305,6.3,2007.66666666667,"Medium"
"824","Beaumont",2007,10,26265000,112400,1299,6.2,2007.75,"Medium"
"825","Beaumont",2007,12,25340000,123500,1249,6,2007.91666666667,"Medium"
"826","Beaumont",2008,1,18145000,134300,1321,6.4,2008,"Medium"
"827","Beaumont",2008,2,21225000,120600,1322,6.5,2008.08333333333,"Medium"
"828","Beaumont",2008,3,25915000,121100,1388,7,2008.16666666667,"Medium"
"829","Beaumont",2008,4,29975000,126700,1411,7.1,2008.25,"Medium"
"830","Beaumont",2008,5,30935000,127600,1425,7.4,2008.33333333333,"Medium"
"831","Beaumont",2008,6,30505000,127700,1488,7.7,2008.41666666667,"Medium"
"832","Beaumont",2008,7,38825000,138600,1512,7.8,2008.5,"Medium"
"833","Beaumont",2008,8,28220000,121900,1429,7.6,2008.58333333333,"Medium"
"834","Beaumont",2008,9,13010000,135500,1369,7.7,2008.66666666667,"Low"
"835","Beaumont",2008,10,28240000,139000,1370,7.7,2008.75,"Medium"
"836","Beaumont",2008,11,23125000,134400,1260,7.2,2008.83333333333,"Medium"
"837","Beaumont",2008,12,23065000,128100,1208,6.9,2008.91666666667,"Medium"
"838","Beaumont",2009,1,19020000,126000,1261,7.2,2009,"Medium"
"839","Beaumont",2009,2,21040000,132800,1293,7.4,2009.08333333333,"Medium"
"840","Beaumont",2009,3,26200000,137400,1345,7.7,2009.16666666667,"Medium"
"841","Beaumont",2009,4,24135000,131200,1376,8,2009.25,"Medium"
"842","Beaumont",2009,5,30395000,139200,1418,8.3,2009.33333333333,"Medium"
"843","Beaumont",2009,8,28820000,138100,1511,9.1,2009.58333333333,"Medium"
"844","Beaumont",2009,9,20905000,131400,1510,8.9,2009.66666666667,"Medium"
"845","Beaumont",2009,10,23253297,130900,1546,9.1,2009.75,"Medium"
"846","Beaumont",2009,11,19300926,124700,1520,9,2009.83333333333,"Medium"
"847","Beaumont",2009,12,20251478,121100,1472,8.9,2009.91666666667,"Medium"
"848","Beaumont",2010,1,14161924,163800,1533,9.5,2010,"Low"
"849","Beaumont",2010,2,17690323,138200,1586,10,2010.08333333333,"Medium"
"850","Beaumont",2010,3,28700876,122400,1689,10.6,2010.16666666667,"Medium"
"851","Beaumont",2010,4,26818968,123200,1708,10.6,2010.25,"Medium"
"852","Beaumont",2010,5,28832506,123100,1771,10.9,2010.33333333333,"Medium"
"853","Beaumont",2010,6,27218893,122800,1803,11.1,2010.41666666667,"Medium"
"854","Beaumont",2010,7,22705979,124300,1857,11.7,2010.5,"Medium"
"855","Beaumont",2010,8,25236825,136800,1830,11.6,2010.58333333333,"Medium"
"856","Beaumont",2010,9,17233313,121100,1829,11.7,2010.66666666667,"Medium"
"857","Beaumont",2010,10,23904149,138500,1779,11.5,2010.75,"Medium"
"858","Beaumont",2010,11,18106895,150700,1742,11.2,2010.83333333333,"Medium"
"859","Beaumont",2010,12,21234653,132500,1646,10.5,2010.91666666667,"Medium"
"860","Beaumont",2011,1,16199760,130700,1677,10.6,2011,"Medium"
"861","Beaumont",2011,3,22183468,120000,1762,11.3,2011.16666666667,"Medium"
"862","Beaumont",2011,4,24086772,130000,1767,11.6,2011.25,"Medium"
"863","Beaumont",2011,5,19684333,120700,1832,12.4,2011.33333333333,"Medium"
"864","Beaumont",2011,6,25859565,131200,1845,12.6,2011.41666666667,"Medium"
"865","Beaumont",2011,7,28480251,132800,1822,12.4,2011.5,"Medium"
"866","Beaumont",2011,8,24920835,144600,1789,12.3,2011.58333333333,"Medium"
"867","Beaumont",2011,9,16907506,123800,1785,12.3,2011.66666666667,"Medium"
"868","Beaumont",2011,10,22563502,132100,1722,11.8,2011.75,"Medium"
"869","Beaumont",2011,12,20580188,114000,1596,11.1,2011.91666666667,"Medium"
"870","Beaumont",2012,1,13496168,110000,1647,11.4,2012,"Medium"
"871","Beaumont",2012,2,17211846,117500,1666,11.4,2012.08333333333,"Medium"
"872","Beaumont",2012,3,25358523,129600,1730,11.6,2012.16666666667,"Medium"
"873","Beaumont",2012,4,24956123,126200,1735,11.6,2012.25,"Medium"
"874","Beaumont",2012,5,30159002,134100,1765,11.4,2012.33333333333,"Medium"
"875","Beaumont",2012,6,25281117,130800,1724,11.2,2012.41666666667,"Medium"
"876","Beaumont",2012,8,31145689,133600,1683,10.5,2012.58333333333,"Medium"
"877","Beaumont",2012,9,24051767,118800,1704,10.3,2012.66666666667,"Medium"
"878","Beaumont",2012,10,27350251,121800,1671,9.9,2012.75,"Medium"
"879","Beaumont",2012,11,22905813,134300,1652,9.7,2012.83333333333,"Medium"
"880","Beaumont",2012,12,25714275,134700,1570,9.1,2012.91666666667,"Medium"
"881","Beaumont",2013,1,23028515,126100,1581,9,2013,"Medium"
"882","Beaumont",2013,3,25551327,121200,1567,8.9,2013.16666666667,"Medium"
"883","Beaumont",2013,4,29432968,131400,1696,9.5,2013.25,"Medium"
"884","Beaumont",2013,5,37279685,134200,1659,9.1,2013.33333333333,"Medium"
"885","Beaumont",2013,6,36275117,134100,1675,9,2013.41666666667,"Medium"
"886","Beaumont",2013,7,30817961,128200,1708,9,2013.5,"Medium"
"887","Beaumont",2013,8,42027963,135000,1675,8.7,2013.58333333333,"Medium"
"888","Beaumont",2013,10,25685677,121100,1655,8.5,2013.75,"Medium"
"889","Beaumont",2013,11,26371036,140500,1624,8.3,2013.83333333333,"Medium"
"890","Beaumont",2013,12,32538192,140000,1534,7.6,2013.91666666667,"Medium"
"891","Beaumont",2014,1,18076788,106700,1575,7.9,2014,"Medium"
"892","Beaumont",2014,2,27164059,132500,1636,8,2014.08333333333,"Medium"
"893","Beaumont",2014,3,26343961,129100,1539,7.5,2014.16666666667,"Medium"
"894","Beaumont",2014,4,30181350,138300,1604,7.8,2014.25,"Medium"
"895","Beaumont",2014,5,36738840,134500,1620,7.9,2014.33333333333,"Medium"
"896","Beaumont",2014,6,38188521,134500,1672,8,2014.41666666667,"Medium"
"897","Beaumont",2014,7,34860532,142200,1657,8,2014.5,"Medium"
"898","Beaumont",2014,8,41190822,142400,1617,7.8,2014.58333333333,"Medium"
"899","Beaumont",2014,9,35335349,128100,1501,7.2,2014.66666666667,"Medium"
"900","Beaumont",2014,10,40922785,140600,1575,7.4,2014.75,"Medium"
"901","Beaumont",2014,11,24925170,124300,1544,7.2,2014.83333333333,"Medium"
"902","Beaumont",2014,12,31656001,133800,1500,7,2014.91666666667,"Medium"
"903","Beaumont",2015,1,21656222,122000,1558,7.3,2015,"Medium"
"904","Beaumont",2015,2,30877782,126700,1503,7,2015.08333333333,"Medium"
"905","Beaumont",2015,3,41454519,134500,1569,7,2015.16666666667,"Medium"
"906","Beaumont",2015,4,40459640,138800,1548,6.8,2015.25,"Medium"
"907","Beaumont",2015,5,42246222,132400,1555,6.7,2015.33333333333,"Medium"
"908","Brazoria County",2000,1,5245000,74400,512,5.9,2000,"Low"
"909","Brazoria County",2000,4,8315000,81900,470,5.4,2000.25,"Low"
"910","Brazoria County",2000,5,12630000,85300,470,5.3,2000.33333333333,"Medium"
"911","Brazoria County",2000,7,14095000,88800,451,5,2000.5,"Medium"
"912","Brazoria County",2000,8,11085000,97500,442,4.9,2000.58333333333,"Medium"
"913","Brazoria County",2000,9,8075000,84500,438,4.9,2000.66666666667,"Low"
"914","Brazoria County",2000,10,8180000,75000,438,4.9,2000.75,"Low"
"915","Brazoria County",2000,11,6180000,78900,410,4.6,2000.83333333333,"Low"
"916","Brazoria County",2000,12,8650000,85000,410,4.6,2000.91666666667,"Low"
"917","Brazoria County",2001,1,5895000,87800,423,4.8,2001,"Low"
"918","Brazoria County",2001,4,8685000,81700,459,5.2,2001.25,"Low"
"919","Brazoria County",2001,5,10840000,88300,493,5.7,2001.33333333333,"Medium"
"920","Brazoria County",2001,7,9210000,98300,503,5.9,2001.5,"Low"
"921","Brazoria County",2001,8,13125000,92000,477,5.6,2001.58333333333,"Medium"
"922","Brazoria County",2001,9,8455000,84000,477,5.6,2001.66666666667,"Low"
"923","Brazoria County",2001,11,7590000,89000,448,5.1,2001.83333333333,"Low"
"924","Brazoria County",2001,12,8470000,1e+05,457,5.3,2001.91666666667,"Low"
"925","Brazoria County",2002,1,5220000,76400,477,5.5,2002,"Low"
"926","Brazoria County",2002,3,9540000,86000,450,5.3,2002.16666666667,"Low"
"927","Brazoria County",2002,4,10560000,92500,472,5.5,2002.25,"Low"
"928","Brazoria County",2002,5,12235000,92500,471,5.5,2002.33333333333,"Medium"
"929","Brazoria County",2002,6,12350000,86800,512,6,2002.41666666667,"Medium"
"930","Brazoria County",2002,7,11125000,101400,480,5.5,2002.5,"Medium"
"931","Brazoria County",2002,8,11125000,101400,480,5.6,2002.58333333333,"Medium"
"932","Brazoria County",2002,9,9185000,1e+05,453,5.4,2002.66666666667,"Low"
"933","Brazoria County",2002,10,10835000,92500,469,5.5,2002.75,"Medium"
"934","Brazoria County",2002,11,7040000,102500,490,5.8,2002.83333333333,"Low"
"935","Brazoria County",2002,12,9870000,90000,490,5.7,2002.91666666667,"Low"
"936","Brazoria County",2005,1,9515000,98000,704,7.4,2005,"Low"
"937","Brazoria County",2005,3,13290000,107300,665,6.9,2005.16666666667,"Medium"
"938","Brazoria County",2005,4,11005000,99400,689,7.3,2005.25,"Low"
"939","Brazoria County",2005,5,13080000,107500,689,7.2,2005.33333333333,"Medium"
"940","Brazoria County",2007,1,12060000,123100,674,5.7,2007,"Low"
"941","Brazoria County",2007,3,17095000,113200,735,6.2,2007.16666666667,"Medium"
"942","Brazoria County",2008,1,7835000,128200,669,6,2008,"Low"
"943","Brazoria County",2008,2,11055000,119000,669,6.1,2008.08333333333,"Low"
"944","Brazoria County",2008,4,14645000,128000,659,6.3,2008.25,"Medium"
"945","Brazoria County",2008,5,15775000,125500,715,7,2008.33333333333,"Medium"
"946","Brazoria County",2008,8,16215000,132900,730,7.3,2008.58333333333,"Medium"
"947","Brazoria County",2008,9,10325000,122500,688,7.1,2008.66666666667,"Low"
"948","Brazoria County",2008,11,8530000,117100,661,7.1,2008.83333333333,"Low"
"949","Brazoria County",2008,12,9880000,120000,633,6.8,2008.91666666667,"Low"
"950","Brazoria County",2009,1,4720000,110000,650,7.1,2009,"Low"
"951","Brazoria County",2009,2,6445000,128500,678,7.6,2009.08333333333,"Low"
"952","Brazoria County",2009,3,8970000,122900,630,7.2,2009.16666666667,"Low"
"953","Brazoria County",2009,4,9380000,132000,667,7.9,2009.25,"Low"
"954","Brazoria County",2009,6,12210000,127500,689,8.3,2009.41666666667,"Low"
"955","Brazoria County",2009,7,10905000,130000,713,9.4,2009.5,"Low"
"956","Brazoria County",2009,10,12666174,127000,670,9.1,2009.75,"Low"
"957","Brazoria County",2009,11,9602660,118200,672,9,2009.83333333333,"Low"
"958","Brazoria County",2009,12,9860603,113800,648,8.7,2009.91666666667,"Low"
"959","Brazoria County",2010,1,3496900,103300,685,9.2,2010,"Low"
"960","Brazoria County",2010,3,13038339,123600,707,9.1,2010.16666666667,"Low"
"961","Brazoria County",2010,4,12067420,119100,682,8.6,2010.25,"Low"
"962","Brazoria County",2010,6,10790835,118200,717,9.2,2010.41666666667,"Low"
"963","Brazoria County",2010,8,10490185,125000,800,9.9,2010.58333333333,"Low"
"964","Brazoria County",2010,9,10779850,135300,801,10,2010.66666666667,"Low"
"965","Brazoria County",2010,10,10532870,123600,803,10.2,2010.75,"Low"
"966","Brazoria County",2010,11,7409600,131400,804,10.5,2010.83333333333,"Low"
"967","Brazoria County",2010,12,10372589,111400,704,9.2,2010.91666666667,"Low"
"968","Brazoria County",2011,2,6854595,115000,762,9.7,2011.08333333333,"Low"
"969","Brazoria County",2011,4,13193661,130000,781,10.2,2011.25,"Low"
"970","Brazoria County",2011,5,14320294,120800,773,10.1,2011.33333333333,"Medium"
"971","Brazoria County",2011,6,12012759,129000,773,10.1,2011.41666666667,"Low"
"972","Brazoria County",2011,7,11348915,124000,760,10.2,2011.5,"Low"
"973","Brazoria County",2011,8,13745248,126900,789,10.3,2011.58333333333,"Medium"
"974","Brazoria County",2011,9,9488710,125500,760,10,2011.66666666667,"Low"
"975","Brazoria County",2011,10,7973581,1e+05,735,9.8,2011.75,"Low"
"976","Brazoria County",2011,11,9178879,133800,690,9.1,2011.83333333333,"Low"
"977","Brazoria County",2012,1,5721754,102500,657,8.8,2012,"Low"
"978","Brazoria County",2012,2,10100540,116000,639,8.4,2012.08333333333,"Low"
"979","Brazoria County",2012,3,13186348,120000,672,8.6,2012.16666666667,"Medium"
"980","Brazoria County",2012,4,13574180,130000,666,8.4,2012.25,"Medium"
"981","Brazoria County",2012,6,17678694,141100,678,8.1,2012.41666666667,"Medium"
"982","Brazoria County",2012,8,18127086,126200,594,6.8,2012.58333333333,"Medium"
"983","Brazoria County",2012,10,12621326,135000,553,6.1,2012.75,"Low"
"984","Brazoria County",2012,12,11862897,133800,510,5.4,2012.91666666667,"Low"
"985","Brazoria County",2013,1,8288129,126200,521,5.5,2013,"Low"
"986","Brazoria County",2013,2,10824392,125700,518,5.4,2013.08333333333,"Low"
"987","Brazoria County",2013,3,13488119,123300,492,5.2,2013.16666666667,"Low"
"988","Brazoria County",2013,4,17983086,135300,462,4.8,2013.25,"Medium"
"989","Brazoria County",2013,6,20162420,148500,515,5.2,2013.41666666667,"Medium"
"990","Brazoria County",2013,8,22019827,134700,522,5.2,2013.58333333333,"Medium"
"991","Brazoria County",2013,9,18432380,155000,453,4.5,2013.66666666667,"Medium"
"992","Brazoria County",2013,10,10522088,118600,456,4.6,2013.75,"Low"
"993","Brazoria County",2013,11,12686494,135700,447,4.5,2013.83333333333,"Low"
"994","Brazoria County",2014,1,7482478,123000,444,4.6,2014,"Low"
"995","Brazoria County",2014,2,12377021,131200,434,4.5,2014.08333333333,"Low"
"996","Brazoria County",2014,3,15470381,153800,435,4.5,2014.16666666667,"Low"
"997","Brazoria County",2014,4,13458240,131300,420,4.4,2014.25,"Low"
"998","Brazoria County",2014,5,18271289,131200,389,4.1,2014.33333333333,"Medium"
"999","Brazoria County",2014,6,23433180,148200,401,4.2,2014.41666666667,"Medium"
"1000","Brazoria County",2014,7,19302364,159200,402,4.2,2014.5,"Medium"
"1001","Brazoria County",2014,8,22835334,165000,389,4.1,2014.58333333333,"Medium"
"1002","Brazoria County",2014,9,19001245,160900,369,3.9,2014.66666666667,"Medium"
"1003","Brazoria County",2014,11,16856389,164400,307,3,2014.83333333333,"Medium"
"1004","Brazoria County",2014,12,17302000,146700,309,2.9,2014.91666666667,"Medium"
"1005","Brazoria County",2015,1,10382931,146000,301,2.8,2015,"Low"
"1006","Brazoria County",2015,2,12882865,144500,281,2.6,2015.08333333333,"Low"
"1007","Brazoria County",2015,3,18991755,153000,275,2.5,2015.16666666667,"Medium"
"1008","Brazoria County",2015,4,21020995,152700,275,2.5,2015.25,"Medium"
"1009","Brownsville",2000,2,3390000,66700,368,8.1,2000.08333333333,"Low"
"1010","Brownsville",2000,3,3530000,67500,431,9.7,2000.16666666667,"Low"
"1011","Brownsville",2000,4,1260000,55800,425,10,2000.25,"Low"
"1012","Brownsville",2000,5,4725000,80500,423,9.9,2000.33333333333,"Low"
"1013","Brownsville",2000,7,3440000,63800,375,8.7,2000.5,"Low"
"1014","Brownsville",2000,8,6125000,83300,332,7.4,2000.58333333333,"Low"
"1015","Brownsville",2000,10,3980000,76000,450,10.2,2000.75,"Low"
"1016","Brownsville",2000,11,3695000,83900,381,8.5,2000.83333333333,"Low"
"1017","Brownsville",2001,2,3730000,72900,318,7.3,2001.08333333333,"Low"
"1018","Brownsville",2001,3,5080000,70000,350,7.9,2001.16666666667,"Low"
"1019","Brownsville",2001,5,3570000,77000,392,8.9,2001.33333333333,"Low"
"1020","Brownsville",2001,7,4395000,88300,504,11.4,2001.5,"Low"
"1021","Brownsville",2001,8,6255000,80000,355,8.2,2001.58333333333,"Low"
"1022","Brownsville",2001,9,4510000,89000,371,8.7,2001.66666666667,"Low"
"1023","Brownsville",2001,10,4445000,87500,416,9.5,2001.75,"Low"
"1024","Brownsville",2001,11,3315000,69400,377,8.8,2001.83333333333,"Low"
"1025","Brownsville",2001,12,2970000,91200,382,9,2001.91666666667,"Low"
"1026","Brownsville",2002,2,4965000,80000,412,9.4,2002.08333333333,"Low"
"1027","Brownsville",2002,3,5255000,81000,438,9.9,2002.16666666667,"Low"
"1028","Brownsville",2003,8,6640000,77500,497,8.9,2003.58333333333,"Low"
"1029","Brownsville",2003,10,6380000,82500,523,9.3,2003.75,"Low"
"1030","Brownsville",2010,12,8369940,111400,740,11.8,2010.91666666667,"Low"
"1031","Brownsville",2011,1,4974408,83300,784,12.6,2011,"Low"
"1032","Brownsville",2011,2,5558575,101400,776,12.7,2011.08333333333,"Low"
"1033","Brownsville",2011,3,8479915,113800,797,13.5,2011.16666666667,"Low"
"1034","Brownsville",2011,6,8432399,91200,803,14,2011.41666666667,"Low"
"1035","Brownsville",2011,7,4807019,91200,749,13.1,2011.5,"Low"
"1036","Brownsville",2011,8,11334939,117100,793,13.5,2011.58333333333,"Low"
"1037","Brownsville",2011,9,7644485,85700,760,13,2011.66666666667,"Low"
"1038","Brownsville",2011,10,5268850,85600,762,12.9,2011.75,"Low"
"1039","Brownsville",2011,12,4203440,86800,726,12.4,2011.91666666667,"Low"
"1040","Brownsville",2012,1,3892348,85000,791,13.6,2012,"Low"
"1041","Brownsville",2012,2,6276572,93800,773,13.2,2012.08333333333,"Low"
"1042","Brownsville",2012,3,2976148,93800,734,13.3,2012.16666666667,"Low"
"1043","Brownsville",2012,5,10671594,115000,803,13.6,2012.33333333333,"Low"
"1044","Brownsville",2012,6,6298550,81700,812,14.2,2012.41666666667,"Low"
"1045","Brownsville",2012,9,6334975,99000,773,13.5,2012.66666666667,"Low"
"1046","Brownsville",2012,10,10198193,107300,779,13.2,2012.75,"Low"
"1047","Brownsville",2012,11,5115393,99000,807,14,2012.83333333333,"Low"
"1048","Brownsville",2012,12,9449710,121400,785,13.2,2012.91666666667,"Low"
"1049","Brownsville",2013,2,5488160,92000,816,13.5,2013.08333333333,"Low"
"1050","Brownsville",2013,3,8004982,100900,809,12.6,2013.16666666667,"Low"
"1051","Brownsville",2013,4,10085188,88300,832,13.3,2013.25,"Low"
"1052","Brownsville",2013,5,9577111,116700,800,12.8,2013.33333333333,"Low"
"1053","Brownsville",2013,6,10367770,1e+05,827,12.7,2013.41666666667,"Low"
"1054","Brownsville",2013,7,8501702,89600,831,12.7,2013.5,"Low"
"1055","Brownsville",2013,8,10201100,104400,837,12.8,2013.58333333333,"Low"
"1056","Brownsville",2013,9,7170871,93800,820,12.6,2013.66666666667,"Low"
"1057","Brownsville",2013,11,4824930,108000,859,13.4,2013.83333333333,"Low"
"1058","Brownsville",2013,12,10672980,120900,790,12.2,2013.91666666667,"Low"
"1059","Brownsville",2014,1,4916200,86700,831,13,2014,"Low"
"1060","Brownsville",2014,2,7528256,109100,839,13,2014.08333333333,"Low"
"1061","Brownsville",2014,3,7819949,102700,786,12.2,2014.16666666667,"Low"
"1062","Brownsville",2014,6,8675631,120000,788,12.4,2014.41666666667,"Low"
"1063","Brownsville",2014,7,12258066,120000,793,12.1,2014.5,"Low"
"1064","Brownsville",2014,8,9679399,104400,752,11.4,2014.58333333333,"Low"
"1065","Brownsville",2014,9,9332740,120000,761,11.3,2014.66666666667,"Low"
"1066","Brownsville",2014,10,12055336,112000,750,10.9,2014.75,"Low"
"1067","Brownsville",2014,12,6913618,96700,696,10.1,2014.91666666667,"Low"
"1068","Brownsville",2015,1,5400796,97000,733,10.7,2015,"Low"
"1069","Brownsville",2015,2,7338875,110000,735,10.8,2015.08333333333,"Low"
"1070","Brownsville",2015,3,7675775,97500,711,10.5,2015.16666666667,"Low"
"1071","Brownsville",2015,4,9475527,94000,724,10.5,2015.25,"Low"
"1072","Brownsville",2015,5,11895047,130000,725,10.6,2015.33333333333,"Low"
"1073","Brownsville",2015,6,11833474,115000,744,10.7,2015.41666666667,"Low"
"1074","Bryan-College Station",2000,2,7300000,89500,534,4.6,2000.08333333333,"Low"
"1075","Bryan-College Station",2000,3,13600000,113300,561,4.8,2000.16666666667,"Medium"
"1076","Bryan-College Station",2000,4,12555000,102800,573,5,2000.25,"Medium"
"1077","Bryan-College Station",2000,5,19195000,102800,585,5.1,2000.33333333333,"Medium"
"1078","Bryan-College Station",2000,6,20270000,95600,585,5,2000.41666666667,"Medium"
"1079","Bryan-College Station",2000,7,20680000,110800,588,5.3,2000.5,"Medium"
"1080","Bryan-College Station",2000,8,20515000,94100,568,5,2000.58333333333,"Medium"
"1081","Bryan-College Station",2000,9,12130000,113200,598,5.2,2000.66666666667,"Low"
"1082","Bryan-College Station",2000,11,9920000,119000,571,5,2000.83333333333,"Low"
"1083","Bryan-College Station",2000,12,10670000,106200,486,4.3,2000.91666666667,"Low"
"1084","Bryan-College Station",2001,1,7195000,121000,611,5.4,2001,"Low"
"1085","Bryan-College Station",2001,2,10875000,120000,644,5.7,2001.08333333333,"Low"
"1086","Bryan-College Station",2001,4,15800000,112600,801,6.9,2001.25,"Medium"
"1087","Bryan-College Station",2001,5,22305000,120600,689,5.9,2001.33333333333,"Medium"
"1088","Bryan-College Station",2001,6,18920000,109600,826,7.3,2001.41666666667,"Medium"
"1089","Bryan-College Station",2001,7,29890000,118100,761,6.4,2001.5,"Medium"
"1090","Bryan-College Station",2001,8,28130000,119000,716,5.9,2001.58333333333,"Medium"
"1091","Bryan-College Station",2001,9,9480000,126700,710,6,2001.66666666667,"Low"
"1092","Bryan-College Station",2001,11,13865000,113500,677,5.5,2001.83333333333,"Medium"
"1093","Bryan-College Station",2001,12,10670000,111000,670,5.5,2001.91666666667,"Low"
"1094","Bryan-College Station",2002,1,11340000,118600,707,5.7,2002,"Low"
"1095","Bryan-College Station",2002,2,10925000,112900,739,5.9,2002.08333333333,"Low"
"1096","Bryan-College Station",2002,3,14745000,119600,826,6.6,2002.16666666667,"Medium"
"1097","Bryan-College Station",2002,4,15950000,108600,811,6.5,2002.25,"Medium"
"1098","Bryan-College Station",2002,5,26935000,111100,805,6.3,2002.33333333333,"Medium"
"1099","Bryan-College Station",2002,8,28995000,115600,741,5.7,2002.58333333333,"Medium"
"1100","Bryan-College Station",2002,9,13460000,117300,800,6,2002.66666666667,"Medium"
"1101","Bryan-College Station",2002,10,10795000,129500,774,5.8,2002.75,"Low"
"1102","Bryan-College Station",2002,11,10420000,126900,764,5.8,2002.83333333333,"Low"
"1103","Bryan-College Station",2002,12,13860000,114100,733,5.5,2002.91666666667,"Medium"
"1104","Bryan-College Station",2003,5,27040000,124100,1034,7.8,2003.33333333333,"Medium"
"1105","Bryan-College Station",2003,6,31760000,121800,1024,7.5,2003.41666666667,"Medium"
"1106","Bryan-College Station",2003,8,35295000,124600,1011,7,2003.58333333333,"Medium"
"1107","Bryan-College Station",2003,9,19575000,122100,1030,7,2003.66666666667,"Medium"
"1108","Bryan-College Station",2003,12,17405000,121800,990,6.3,2003.91666666667,"Medium"
"1109","Bryan-College Station",2004,1,13205000,115300,1076,6.8,2004,"Medium"
"1110","Bryan-College Station",2004,2,13920000,122500,1177,7.4,2004.08333333333,"Medium"
"1111","Bryan-College Station",2004,4,23055000,116600,1212,7.4,2004.25,"Medium"
"1112","Bryan-College Station",2004,5,35255000,129300,1190,7.1,2004.33333333333,"Medium"
"1113","Bryan-College Station",2004,6,36455000,121300,1209,7.1,2004.41666666667,"Medium"
"1114","Bryan-College Station",2004,7,40540000,121800,1150,6.6,2004.5,"Medium"
"1115","Bryan-College Station",2004,8,38990000,130000,1140,6.6,2004.58333333333,"Medium"
"1116","Bryan-College Station",2004,9,18945000,122400,1128,6.5,2004.66666666667,"Medium"
"1117","Bryan-College Station",2004,10,18070000,131100,1193,6.8,2004.75,"Medium"
"1118","Bryan-College Station",2004,11,18605000,126400,1109,6.3,2004.83333333333,"Medium"
"1119","Bryan-College Station",2004,12,19185000,119500,1048,5.9,2004.91666666667,"Medium"
"1120","Bryan-College Station",2005,1,15050000,126400,1096,6.2,2005,"Medium"
"1121","Bryan-College Station",2005,2,18070000,136400,1173,6.6,2005.08333333333,"Medium"
"1122","Bryan-College Station",2005,4,27715000,121000,1281,7.1,2005.25,"Medium"
"1123","Bryan-College Station",2005,5,33690000,125900,1255,6.9,2005.33333333333,"Medium"
"1124","Bryan-College Station",2005,6,44235000,130900,1252,6.8,2005.41666666667,"Medium"
"1125","Bryan-College Station",2005,8,40260000,134400,1126,6,2005.58333333333,"Medium"
"1126","Bryan-College Station",2005,9,22610000,134600,1072,5.7,2005.66666666667,"Medium"
"1127","Bryan-College Station",2005,10,17075000,134200,1106,5.9,2005.75,"Medium"
"1128","Bryan-College Station",2006,1,15880000,132700,1178,6.4,2006,"Medium"
"1129","Bryan-College Station",2006,3,29730000,125600,1327,7,2006.16666666667,"Medium"
"1130","Bryan-College Station",2006,4,33725000,133100,1300,6.8,2006.25,"Medium"
"1131","Bryan-College Station",2006,5,47440000,129300,1326,6.7,2006.33333333333,"Medium"
"1132","Bryan-College Station",2006,6,52200000,138300,1308,6.5,2006.41666666667,"Medium"
"1133","Bryan-College Station",2006,7,41845000,136100,1262,6.3,2006.5,"Medium"
"1134","Bryan-College Station",2006,8,52095000,140200,1254,6.1,2006.58333333333,"Medium"
"1135","Bryan-College Station",2006,10,31175000,134200,1169,5.5,2006.75,"Medium"
"1136","Bryan-College Station",2006,11,23570000,139500,1191,5.6,2006.83333333333,"Medium"
"1137","Bryan-College Station",2006,12,24665000,140000,1121,5.2,2006.91666666667,"Medium"
"1138","Bryan-College Station",2007,2,23120000,133100,1190,5.4,2007.08333333333,"Medium"
"1139","Bryan-College Station",2007,3,29200000,137100,1346,6.2,2007.16666666667,"Medium"
"1140","Bryan-College Station",2007,4,37980000,147900,1356,6.3,2007.25,"Medium"
"1141","Bryan-College Station",2007,5,48480000,138800,1344,6.3,2007.33333333333,"Medium"
"1142","Bryan-College Station",2007,6,53430000,140400,1297,6,2007.41666666667,"Medium"
"1143","Bryan-College Station",2007,7,49425000,137200,1161,5.4,2007.5,"Medium"
"1144","Bryan-College Station",2007,8,52110000,144800,1217,5.6,2007.58333333333,"Medium"
"1145","Bryan-College Station",2007,9,20925000,137100,1165,5.4,2007.66666666667,"Medium"
"1146","Bryan-College Station",2007,10,20700000,137500,1243,6,2007.75,"Medium"
"1147","Bryan-College Station",2007,11,21640000,132500,1221,5.9,2007.83333333333,"Medium"
"1148","Bryan-College Station",2007,12,29360000,138700,1085,5.2,2007.91666666667,"Medium"
"1149","Bryan-College Station",2008,2,19875000,129600,1351,6.5,2008.08333333333,"Medium"
"1150","Bryan-College Station",2008,3,28845000,139700,1407,6.8,2008.16666666667,"Medium"
"1151","Bryan-College Station",2008,4,42535000,143200,1355,6.5,2008.25,"Medium"
"1152","Bryan-College Station",2008,6,51760000,144400,1181,5.7,2008.41666666667,"Medium"
"1153","Bryan-College Station",2008,7,61625000,154500,1218,5.7,2008.5,"Medium"
"1154","Bryan-College Station",2008,9,23850000,141300,1135,5.3,2008.66666666667,"Medium"
"1155","Bryan-College Station",2008,10,20650000,148000,1057,5,2008.75,"Medium"
"1156","Bryan-College Station",2008,11,16575000,139200,1051,5,2008.83333333333,"Medium"
"1157","Bryan-College Station",2008,12,24305000,148000,1031,5,2008.91666666667,"Medium"
"1158","Bryan-College Station",2009,1,15145000,155500,1111,5.5,2009,"Low"
"1159","Bryan-College Station",2009,2,15405000,139500,1188,5.9,2009.08333333333,"Low"
"1160","Bryan-College Station",2009,3,24400000,151200,1265,6.4,2009.16666666667,"Medium"
"1161","Bryan-College Station",2009,4,28425000,142800,1272,6.6,2009.25,"Medium"
"1162","Bryan-College Station",2009,5,45105000,149400,1254,6.7,2009.33333333333,"Medium"
"1163","Bryan-College Station",2009,6,50785000,149800,1253,6.7,2009.41666666667,"Medium"
"1164","Bryan-College Station",2009,8,42585000,147900,1222,6.8,2009.58333333333,"Medium"
"1165","Bryan-College Station",2009,10,25607134,148800,1216,6.8,2009.75,"Medium"
"1166","Bryan-College Station",2009,11,24835261,149300,1175,6.4,2009.83333333333,"Medium"
"1167","Bryan-College Station",2009,12,23518518,157200,1114,6.1,2009.91666666667,"Medium"
"1168","Bryan-College Station",2010,1,15151050,151900,1298,7.1,2010,"Low"
"1169","Bryan-College Station",2010,2,19685773,165300,1439,7.8,2010.08333333333,"Medium"
"1170","Bryan-College Station",2010,3,29116953,148300,1577,8.5,2010.16666666667,"Medium"
"1171","Bryan-College Station",2010,6,47453045,151700,1588,8.4,2010.41666666667,"Medium"
"1172","Bryan-College Station",2010,7,30773396,152200,1646,9.1,2010.5,"Medium"
"1173","Bryan-College Station",2010,8,34057267,148500,1599,9.1,2010.58333333333,"Medium"
"1174","Bryan-College Station",2010,9,22982958,149300,1549,8.8,2010.66666666667,"Medium"
"1175","Bryan-College Station",2010,10,17568112,161400,1530,8.9,2010.75,"Medium"
"1176","Bryan-College Station",2010,11,20301050,159300,1510,9,2010.83333333333,"Medium"
"1177","Bryan-College Station",2011,1,15242335,147700,1480,8.8,2011,"Low"
"1178","Bryan-College Station",2011,2,16125368,148500,1562,9.3,2011.08333333333,"Medium"
"1179","Bryan-College Station",2011,3,26891333,152100,1723,10.4,2011.16666666667,"Medium"
"1180","Bryan-College Station",2011,4,31683630,151200,1833,11.3,2011.25,"Medium"
"1181","Bryan-College Station",2011,5,40305840,148900,1840,11.6,2011.33333333333,"Medium"
"1182","Bryan-College Station",2011,6,47776184,149400,1758,11.1,2011.41666666667,"Medium"
"1183","Bryan-College Station",2011,7,42941203,148700,1662,10.2,2011.5,"Medium"
"1184","Bryan-College Station",2011,8,31667153,146700,1581,9.7,2011.58333333333,"Medium"
"1185","Bryan-College Station",2011,9,23916205,156400,1536,9.4,2011.66666666667,"Medium"
"1186","Bryan-College Station",2011,11,24228294,156200,1445,8.7,2011.83333333333,"Medium"
"1187","Bryan-College Station",2012,1,20634783,140700,1486,8.8,2012,"Medium"
"1188","Bryan-College Station",2012,2,19788800,152000,1634,9.6,2012.08333333333,"Medium"
"1189","Bryan-College Station",2012,3,26643942,154300,1806,10.6,2012.16666666667,"Medium"
"1190","Bryan-College Station",2012,4,35334793,156600,1834,10.8,2012.25,"Medium"
"1191","Bryan-College Station",2012,5,51715769,153100,1793,10.2,2012.33333333333,"Medium"
"1192","Bryan-College Station",2012,6,50348419,149300,1734,9.9,2012.41666666667,"Medium"
"1193","Bryan-College Station",2012,7,52928291,154400,1669,9.3,2012.5,"Medium"
"1194","Bryan-College Station",2012,8,55447814,159700,1518,8.1,2012.58333333333,"Medium"
"1195","Bryan-College Station",2012,9,28433703,170000,1498,7.9,2012.66666666667,"Medium"
"1196","Bryan-College Station",2012,10,31263079,155200,1458,7.5,2012.75,"Medium"
"1197","Bryan-College Station",2012,11,28881595,149100,1442,7.3,2012.83333333333,"Medium"
"1198","Bryan-College Station",2012,12,22886684,148400,1442,7.3,2012.91666666667,"Medium"
"1199","Bryan-College Station",2013,1,26961175,155500,1486,7.5,2013,"Medium"
"1200","Bryan-College Station",2013,3,33859431,161000,1750,8.7,2013.16666666667,"Medium"
"1201","Bryan-College Station",2013,4,51056250,158200,1680,8.1,2013.25,"Medium"
"1202","Bryan-College Station",2013,7,76115910,161000,1385,6.1,2013.5,"Medium"
"1203","Bryan-College Station",2013,8,63759360,166100,1385,6,2013.58333333333,"Medium"
"1204","Bryan-College Station",2013,9,35220141,156500,1201,5.2,2013.66666666667,"Medium"
"1205","Bryan-College Station",2013,10,32813858,167300,1155,5,2013.75,"Medium"
"1206","Bryan-College Station",2013,11,29754064,156500,1132,4.9,2013.83333333333,"Medium"
"1207","Bryan-College Station",2014,2,33326264,168500,1218,5,2014.08333333333,"Medium"
"1208","Bryan-College Station",2014,3,50403677,155300,1261,5,2014.16666666667,"Medium"
"1209","Bryan-College Station",2014,5,71456404,165200,1212,4.8,2014.33333333333,"Medium"
"1210","Bryan-College Station",2014,6,77983319,169600,1152,4.5,2014.41666666667,"Medium"
"1211","Bryan-College Station",2014,7,83546871,172600,1041,4.1,2014.5,"Medium"
"1212","Bryan-College Station",2014,8,60638705,172200,1016,4,2014.58333333333,"Medium"
"1213","Bryan-College Station",2014,10,46484824,176100,1031,4,2014.75,"Medium"
"1214","Bryan-College Station",2014,11,34902867,172800,973,3.8,2014.83333333333,"Medium"
"1215","Bryan-College Station",2014,12,42553034,177300,882,3.4,2014.91666666667,"Medium"
"1216","Bryan-College Station",2015,1,38204866,189300,988,3.8,2015,"Medium"
"1217","Bryan-College Station",2015,4,66006889,183200,958,3.6,2015.25,"Medium"
"1218","Bryan-College Station",2015,5,78769642,177300,956,3.5,2015.33333333333,"Medium"
"1219","Bryan-College Station",2015,6,84025416,187400,939,3.5,2015.41666666667,"Medium"
"1220","Bryan-College Station",2015,7,90432362,190700,894,3.3,2015.5,"Medium"
"1221","Collin County",2000,2,128636804,152300,2950,4,2000.08333333333,"High"
"1222","Collin County",2000,4,165262688,159500,3124,4.2,2000.25,"High"
"1223","Collin County",2000,5,204977080,167600,3206,4.2,2000.33333333333,"High"
"1224","Collin County",2000,7,204537519,169700,3242,4.2,2000.5,"High"
"1225","Collin County",2000,8,193039110,164000,3156,4,2000.58333333333,"High"
"1226","Collin County",2000,9,156116915,162400,3274,4.1,2000.66666666667,"High"
"1227","Collin County",2000,10,161510049,170500,3306,4.1,2000.75,"High"
"1228","Collin County",2000,11,154976371,168700,3169,3.8,2000.83333333333,"High"
"1229","Collin County",2001,1,102567674,165900,3494,4.2,2001,"High"
"1230","Collin County",2001,3,210545677,169700,3685,4.3,2001.16666666667,"High"
"1231","Collin County",2001,4,187839341,169200,3912,4.5,2001.25,"High"
"1232","Collin County",2001,6,257026479,174600,4066,4.6,2001.41666666667,"High"
"1233","Collin County",2001,7,237504332,175900,4125,4.6,2001.5,"High"
"1234","Collin County",2001,8,228798766,173400,4059,4.5,2001.58333333333,"High"
"1235","Collin County",2001,9,171708750,175600,4242,4.7,2001.66666666667,"High"
"1236","Collin County",2001,10,154379784,169800,4340,4.8,2001.75,"High"
"1237","Collin County",2002,1,141339256,174200,4081,4.4,2002,"High"
"1238","Collin County",2002,2,169666943,174100,4337,4.7,2002.08333333333,"High"
"1239","Collin County",2002,3,187091668,173900,4475,4.9,2002.16666666667,"High"
"1240","Collin County",2002,4,205162970,176800,4770,5.2,2002.25,"High"
"1241","Collin County",2002,5,258215407,179100,5011,5.4,2002.33333333333,"High"
"1242","Collin County",2002,6,218997260,180300,5092,5.6,2002.41666666667,"High"
"1243","Collin County",2002,7,222282465,177300,5454,6.1,2002.5,"High"
"1244","Collin County",2002,8,205329191,175700,5438,6.1,2002.58333333333,"High"
"1245","Collin County",2002,9,171838403,175800,5687,6.4,2002.66666666667,"High"
"1246","Collin County",2002,10,175146594,173800,5577,6.2,2002.75,"High"
"1247","Collin County",2002,12,191060153,182500,5095,5.7,2002.91666666667,"High"
"1248","Collin County",2003,1,134186099,172100,5591,6.2,2003,"High"
"1249","Collin County",2003,2,158794994,170700,5845,6.5,2003.08333333333,"High"
"1250","Collin County",2003,4,192280785,172800,6367,7.1,2003.25,"High"
"1251","Collin County",2003,5,233979259,173700,6388,7.1,2003.33333333333,"High"
"1252","Collin County",2003,6,274407394,180300,6337,6.9,2003.41666666667,"High"
"1253","Collin County",2003,8,254035889,178100,6064,6.3,2003.58333333333,"High"
"1254","Collin County",2003,11,162355237,174700,5566,5.7,2003.83333333333,"High"
"1255","Collin County",2003,12,224578835,177400,5319,5.4,2003.91666666667,"High"
"1256","Collin County",2004,1,130693649,169600,5638,5.7,2004,"High"
"1257","Collin County",2004,2,172253684,175400,5798,5.9,2004.08333333333,"High"
"1258","Collin County",2004,3,244063982,175500,5993,6,2004.16666666667,"High"
"1259","Collin County",2004,4,260147814,174200,6224,6.1,2004.25,"High"
"1260","Collin County",2004,5,283754094,175800,6407,6.2,2004.33333333333,"High"
"1261","Collin County",2004,6,304792203,183200,6373,6.1,2004.41666666667,"High"
"1262","Collin County",2004,7,303770155,184200,6199,5.9,2004.5,"High"
"1263","Collin County",2004,8,282120104,182600,6182,5.9,2004.58333333333,"High"
"1264","Collin County",2004,9,228661767,177700,6066,5.7,2004.66666666667,"High"
"1265","Collin County",2004,10,216006082,185900,5788,5.4,2004.75,"High"
"1266","Collin County",2004,11,194556851,176300,5606,5.2,2004.83333333333,"High"
"1267","Collin County",2004,12,227909020,176600,5156,4.8,2004.91666666667,"High"
"1268","Collin County",2005,1,139666893,170700,5582,5.2,2005,"High"
"1269","Collin County",2005,2,198061838,177700,5907,5.4,2005.08333333333,"High"
"1270","Collin County",2005,3,296226936,176600,6099,5.5,2005.16666666667,"High"
"1271","Collin County",2005,4,300809553,183500,6425,5.7,2005.25,"High"
"1272","Collin County",2005,6,372382573,186400,6510,5.7,2005.41666666667,"High"
"1273","Collin County",2005,7,372359698,184900,6350,5.4,2005.5,"High"
"1274","Collin County",2005,9,303837133,184200,5716,4.7,2005.66666666667,"High"
"1275","Collin County",2005,10,277045260,177200,5574,4.5,2005.75,"High"
"1276","Collin County",2005,11,267822168,192800,5381,4.3,2005.83333333333,"High"
"1277","Collin County",2005,12,268536367,188000,5003,3.9,2005.91666666667,"High"
"1278","Collin County",2006,1,191563021,186300,5372,4.2,2006,"High"
"1279","Collin County",2006,2,248724121,184000,5607,4.3,2006.08333333333,"High"
"1280","Collin County",2006,3,325449634,183100,6082,4.7,2006.16666666667,"High"
"1281","Collin County",2006,4,287676517,186200,6429,5,2006.25,"High"
"1282","Collin County",2006,6,450257932,201600,6677,5,2006.41666666667,"High"
"1283","Collin County",2006,7,375081509,200500,6891,5.1,2006.5,"High"
"1284","Collin County",2006,8,381813760,193400,6676,5,2006.58333333333,"High"
"1285","Collin County",2006,9,277673002,189800,6853,5.2,2006.66666666667,"High"
"1286","Collin County",2007,1,198945910,188000,6446,4.9,2007,"High"
"1287","Collin County",2007,2,231755119,188100,6817,5.2,2007.08333333333,"High"
"1288","Collin County",2007,3,332251913,196900,7468,5.7,2007.16666666667,"High"
"1289","Collin County",2007,4,306587982,195900,7912,6.1,2007.25,"High"
"1290","Collin County",2007,5,365270249,205800,8091,6.3,2007.33333333333,"High"
"1291","Collin County",2007,6,432744140,213400,8152,6.4,2007.41666666667,"High"
"1292","Collin County",2007,7,368794103,204200,7981,6.3,2007.5,"High"
"1293","Collin County",2007,8,374291932,210000,7664,6.1,2007.58333333333,"High"
"1294","Collin County",2007,10,244180901,196000,7377,6,2007.75,"High"
"1295","Collin County",2007,11,244750789,205900,6983,5.7,2007.83333333333,"High"
"1296","Collin County",2007,12,224546524,196600,6218,5.2,2007.91666666667,"High"
"1297","Collin County",2008,1,173570438,195600,6526,5.5,2008,"High"
"1298","Collin County",2008,3,291871904,203000,7106,6.1,2008.16666666667,"High"
"1299","Collin County",2008,4,291164840,209500,7290,6.3,2008.25,"High"
"1300","Collin County",2008,5,327837305,207200,7043,6.2,2008.33333333333,"High"
"1301","Collin County",2008,6,347502195,201800,7059,6.3,2008.41666666667,"High"
"1302","Collin County",2008,7,334103942,211300,6767,6.1,2008.5,"High"
"1303","Collin County",2008,9,244147070,194600,6045,5.6,2008.66666666667,"High"
"1304","Collin County",2008,10,227426326,204400,5832,5.4,2008.75,"High"
"1305","Collin County",2008,11,140401559,193000,5635,5.4,2008.83333333333,"High"
"1306","Collin County",2008,12,187907853,200300,5083,4.9,2008.91666666667,"High"
"1307","Collin County",2009,2,176239743,199100,5457,5.5,2009.08333333333,"High"
"1308","Collin County",2009,3,215896487,194200,5646,5.8,2009.16666666667,"High"
"1309","Collin County",2009,5,246984261,208100,5808,6.2,2009.33333333333,"High"
"1310","Collin County",2009,6,310698010,207200,5201,5.6,2009.41666666667,"High"
"1311","Collin County",2009,7,314347788,208700,5099,5.5,2009.5,"High"
"1312","Collin County",2009,8,276611043,201800,4858,5.3,2009.58333333333,"High"
"1313","Collin County",2009,9,240633427,194300,4544,4.9,2009.66666666667,"High"
"1314","Collin County",2009,10,240641188,193600,4362,4.7,2009.75,"High"
"1315","Collin County",2009,11,201664155,186800,4260,4.4,2009.83333333333,"High"
"1316","Collin County",2009,12,194294120,206800,3993,4.1,2009.91666666667,"High"
"1317","Collin County",2010,1,118404909,193200,4331,4.5,2010,"Medium"
"1318","Collin County",2010,7,235802350,224700,5925,6.1,2010.5,"High"
"1319","Collin County",2010,8,227967945,217500,5755,6,2010.58333333333,"High"
"1320","Collin County",2010,10,183144964,205700,5253,5.8,2010.75,"High"
"1321","Collin County",2010,11,192187487,219000,4958,5.6,2010.83333333333,"High"
"1322","Collin County",2011,1,134388537,196200,4461,5,2011,"High"
"1323","Collin County",2011,3,229609824,201100,4730,5.3,2011.16666666667,"High"
"1324","Collin County",2011,4,250282362,212700,5044,5.8,2011.25,"High"
"1325","Collin County",2011,6,323629919,213100,5060,5.9,2011.41666666667,"High"
"1326","Collin County",2011,7,282570620,218100,4837,5.5,2011.5,"High"
"1327","Collin County",2011,8,307435388,214600,4416,4.9,2011.58333333333,"High"
"1328","Collin County",2011,9,235191630,214800,4143,4.5,2011.66666666667,"High"
"1329","Collin County",2011,10,201251421,205700,3942,4.3,2011.75,"High"
"1330","Collin County",2011,11,182294552,194400,3665,4,2011.83333333333,"High"
"1331","Collin County",2011,12,216697246,207000,3228,3.5,2011.91666666667,"High"
"1332","Collin County",2012,2,190639691,208300,3452,3.6,2012.08333333333,"High"
"1333","Collin County",2012,3,254906858,202300,3577,3.7,2012.16666666667,"High"
"1334","Collin County",2012,4,282426327,218500,3552,3.7,2012.25,"High"
"1335","Collin County",2012,5,360611091,217000,3598,3.6,2012.33333333333,"High"
"1336","Collin County",2012,6,392822643,221200,3596,3.5,2012.41666666667,"High"
"1337","Collin County",2012,7,339340039,223900,3605,3.5,2012.5,"High"
"1338","Collin County",2012,8,352918790,219000,3423,3.3,2012.58333333333,"High"
"1339","Collin County",2012,9,287612024,220300,3251,3.1,2012.66666666667,"High"
"1340","Collin County",2012,11,254902309,212200,2633,2.4,2012.83333333333,"High"
"1341","Collin County",2012,12,261728642,224200,2324,2.1,2012.91666666667,"High"
"1342","Collin County",2013,2,228942851,222100,2351,2.1,2013.08333333333,"High"
"1343","Collin County",2013,3,358199071,228700,2372,2.1,2013.16666666667,"High"
"1344","Collin County",2013,4,427409160,240200,2391,2,2013.25,"High"
"1345","Collin County",2013,5,486754799,243300,2487,2,2013.33333333333,"High"
"1346","Collin County",2013,6,505828885,252600,2635,2.1,2013.41666666667,"High"
"1347","Collin County",2013,7,497531661,241100,2748,2.2,2013.5,"High"
"1348","Collin County",2013,8,490240078,246000,2753,2.1,2013.58333333333,"High"
"1349","Collin County",2013,9,383242216,239700,2577,1.9,2013.66666666667,"High"
"1350","Collin County",2013,10,323625072,238800,2384,1.8,2013.75,"High"
"1351","Collin County",2013,11,302281356,242600,2179,1.6,2013.83333333333,"High"
"1352","Collin County",2013,12,320528906,251100,1892,1.4,2013.91666666667,"High"
"1353","Collin County",2014,1,208055429,233500,1961,1.5,2014,"High"
"1354","Collin County",2014,2,284595888,257000,2026,1.5,2014.08333333333,"High"
"1355","Collin County",2014,3,364274831,259500,2048,1.5,2014.16666666667,"High"
"1356","Collin County",2014,4,402425346,257400,2219,1.7,2014.25,"High"
"1357","Collin County",2014,6,553500560,271600,2417,1.8,2014.41666666667,"High"
"1358","Collin County",2014,7,557122394,271500,2518,1.9,2014.5,"High"
"1359","Collin County",2014,8,524952374,268500,2493,1.9,2014.58333333333,"High"
"1360","Collin County",2014,9,413231117,256500,2345,1.8,2014.66666666667,"High"
"1361","Collin County",2014,11,320549660,267000,2038,1.5,2014.83333333333,"High"
"1362","Collin County",2014,12,381109772,272200,1788,1.3,2014.91666666667,"High"
"1363","Collin County",2015,1,242496585,268000,1780,1.3,2015,"High"
"1364","Collin County",2015,2,300904769,283400,1817,1.4,2015.08333333333,"High"
"1365","Collin County",2015,4,456997967,291400,2018,1.5,2015.25,"High"
"1366","Collin County",2015,6,614959441,300400,2314,1.7,2015.41666666667,"High"
"1367","Collin County",2015,7,613669702,292600,2809,2.1,2015.5,"High"
"1368","Corpus Christi",2000,1,17665000,78500,2510,9.3,2000,"Medium"
"1369","Corpus Christi",2000,2,20240000,78700,2534,9.4,2000.08333333333,"Medium"
"1370","Corpus Christi",2000,3,36255000,85500,2591,9.4,2000.16666666667,"Medium"
"1371","Corpus Christi",2000,5,34565000,90200,2651,9.7,2000.33333333333,"Medium"
"1372","Corpus Christi",2000,6,37750000,93600,2632,9.6,2000.41666666667,"Medium"
"1373","Corpus Christi",2000,7,31185000,90700,2687,9.9,2000.5,"Medium"
"1374","Corpus Christi",2000,8,40670000,85400,2232,8,2000.58333333333,"Medium"
"1375","Corpus Christi",2000,10,26645000,82600,2471,8.5,2000.75,"Medium"
"1376","Corpus Christi",2000,12,24130000,90000,2360,8.2,2000.91666666667,"Medium"
"1377","Corpus Christi",2001,1,19335000,86500,2490,8.6,2001,"Medium"
"1378","Corpus Christi",2001,2,29210000,85300,2524,8.6,2001.08333333333,"Medium"
"1379","Corpus Christi",2001,3,30045000,84600,2550,8.8,2001.16666666667,"Medium"
"1380","Corpus Christi",2001,4,34435000,85200,2607,8.9,2001.25,"Medium"
"1381","Corpus Christi",2001,5,34565000,90100,2529,8.6,2001.33333333333,"Medium"
"1382","Corpus Christi",2001,7,35040000,89100,2433,8.1,2001.5,"Medium"
"1383","Corpus Christi",2001,8,40570000,92100,2310,7.8,2001.58333333333,"Medium"
"1384","Corpus Christi",2001,9,26275000,88400,1827,6.2,2001.66666666667,"Medium"
"1385","Corpus Christi",2001,10,26295000,92800,1760,6.1,2001.75,"Medium"
"1386","Corpus Christi",2001,12,30125000,93300,1570,5.4,2001.91666666667,"Medium"
"1387","Corpus Christi",2002,1,25905000,92300,1586,5.3,2002,"Medium"
"1388","Corpus Christi",2002,2,29555000,91300,1531,5.2,2002.08333333333,"Medium"
"1389","Corpus Christi",2002,3,27070000,85000,1475,5,2002.16666666667,"Medium"
"1390","Corpus Christi",2002,4,34805000,93000,1550,5.3,2002.25,"Medium"
"1391","Corpus Christi",2002,6,38020000,95800,1467,5,2002.41666666667,"Medium"
"1392","Corpus Christi",2002,7,40015000,95600,1397,4.7,2002.5,"Medium"
"1393","Corpus Christi",2002,9,34910000,93600,1472,4.9,2002.66666666667,"Medium"
"1394","Corpus Christi",2002,10,34500000,93900,1515,4.9,2002.75,"Medium"
"1395","Corpus Christi",2002,11,31335000,95600,1530,4.9,2002.83333333333,"Medium"
"1396","Corpus Christi",2002,12,37405000,1e+05,1428,4.5,2002.91666666667,"Medium"
"1397","Corpus Christi",2003,2,32970000,93300,1503,4.8,2003.08333333333,"Medium"
"1398","Corpus Christi",2003,3,39295000,99200,1544,4.8,2003.16666666667,"Medium"
"1399","Corpus Christi",2003,4,42720000,98800,1624,5,2003.25,"Medium"
"1400","Corpus Christi",2003,5,45130000,103200,1684,5.2,2003.33333333333,"Medium"
"1401","Corpus Christi",2003,6,52690000,107000,1664,5.1,2003.41666666667,"Medium"
"1402","Corpus Christi",2003,8,56195000,108200,1646,4.9,2003.58333333333,"Medium"
"1403","Corpus Christi",2003,9,44455000,102300,1662,4.8,2003.66666666667,"Medium"
"1404","Corpus Christi",2003,10,42470000,97600,1731,5,2003.75,"Medium"
"1405","Corpus Christi",2003,11,34950000,104800,1758,5,2003.83333333333,"Medium"
"1406","Corpus Christi",2003,12,42015000,104700,1693,4.8,2003.91666666667,"Medium"
"1407","Corpus Christi",2004,2,38180000,98900,1712,4.8,2004.08333333333,"Medium"
"1408","Corpus Christi",2004,3,59805000,112900,1753,4.8,2004.16666666667,"Medium"
"1409","Corpus Christi",2004,5,56860000,116800,1727,4.6,2004.33333333333,"Medium"
"1410","Corpus Christi",2004,7,60420000,116700,1821,4.8,2004.5,"Medium"
"1411","Corpus Christi",2004,8,63050000,114400,1756,4.6,2004.58333333333,"Medium"
"1412","Corpus Christi",2004,9,53620000,118900,1783,4.6,2004.66666666667,"Medium"
"1413","Corpus Christi",2004,10,51525000,116600,1791,4.6,2004.75,"Medium"
"1414","Corpus Christi",2004,11,47135000,120000,1628,4.1,2004.83333333333,"Medium"
"1415","Corpus Christi",2004,12,47970000,113900,1728,4.4,2004.91666666667,"Medium"
"1416","Corpus Christi",2005,1,37205000,112600,1793,4.5,2005,"Medium"
"1417","Corpus Christi",2005,4,51550000,115800,1750,4.5,2005.25,"Medium"
"1418","Corpus Christi",2005,5,66160000,122900,1809,4.6,2005.33333333333,"Medium"
"1419","Corpus Christi",2005,6,81105000,129300,1783,4.5,2005.41666666667,"High"
"1420","Corpus Christi",2005,7,77795000,127400,1823,4.5,2005.5,"Medium"
"1421","Corpus Christi",2005,8,78340000,130900,1830,4.5,2005.58333333333,"Medium"
"1422","Corpus Christi",2005,9,58895000,127000,1923,4.7,2005.66666666667,"Medium"
"1423","Corpus Christi",2005,10,60315000,127900,2058,5.1,2005.75,"Medium"
"1424","Corpus Christi",2005,11,49485000,136300,2016,5,2005.83333333333,"Medium"
"1425","Corpus Christi",2005,12,57455000,130200,2082,5.1,2005.91666666667,"Medium"
"1426","Corpus Christi",2006,1,40265000,126900,2089,5.1,2006,"Medium"
"1427","Corpus Christi",2006,3,69005000,127900,2308,5.5,2006.16666666667,"Medium"
"1428","Corpus Christi",2006,4,69265000,131600,2756,6.5,2006.25,"Medium"
"1429","Corpus Christi",2006,5,79550000,132000,2581,6,2006.33333333333,"Medium"
"1430","Corpus Christi",2006,7,72620000,134300,2818,6.6,2006.5,"Medium"
"1431","Corpus Christi",2006,8,78820000,128600,2862,6.7,2006.58333333333,"Medium"
"1432","Corpus Christi",2006,9,65090000,127600,2833,6.6,2006.66666666667,"Medium"
"1433","Corpus Christi",2006,11,54940000,129800,2762,6.4,2006.83333333333,"Medium"
"1434","Corpus Christi",2006,12,59380000,135000,2718,6.3,2006.91666666667,"Medium"
"1435","Corpus Christi",2007,1,42858267,132700,2713,6.3,2007,"Medium"
"1436","Corpus Christi",2007,2,52133866,122000,2781,6.4,2007.08333333333,"Medium"
"1437","Corpus Christi",2007,3,74619940,136400,2953,6.9,2007.16666666667,"Medium"
"1438","Corpus Christi",2007,7,79533597,141000,3245,7.9,2007.5,"Medium"
"1439","Corpus Christi",2007,8,72398917,146400,3243,8.1,2007.58333333333,"Medium"
"1440","Corpus Christi",2007,10,61560750,143300,3192,8.2,2007.75,"Medium"
"1441","Corpus Christi",2007,12,47815670,139300,2951,7.9,2007.91666666667,"Medium"
"1442","Corpus Christi",2008,1,37913488,127700,2891,7.7,2008,"Medium"
"1443","Corpus Christi",2008,2,45098053,136700,3007,8.2,2008.08333333333,"Medium"
"1444","Corpus Christi",2008,6,65130000,143500,3150,9.1,2008.41666666667,"Medium"
"1445","Corpus Christi",2008,7,62105000,146800,3071,9.1,2008.5,"Medium"
"1446","Corpus Christi",2008,8,60640000,135800,3115,9.3,2008.58333333333,"Medium"
"1447","Corpus Christi",2008,9,50974182,138100,3102,9.3,2008.66666666667,"Medium"
"1448","Corpus Christi",2008,10,42967125,139200,3056,9.4,2008.75,"Medium"
"1449","Corpus Christi",2008,11,33321310,130500,3000,9.5,2008.83333333333,"Medium"
"1450","Corpus Christi",2008,12,36922702,133100,2971,9.4,2008.91666666667,"Medium"
"1451","Corpus Christi",2009,1,26518789,129600,2842,9.2,2009,"Medium"
"1452","Corpus Christi",2009,2,34090000,133800,2842,9.3,2009.08333333333,"Medium"
"1453","Corpus Christi",2009,3,41741772,122200,2850,9.5,2009.16666666667,"Medium"
"1454","Corpus Christi",2009,4,41315000,122200,2900,9.8,2009.25,"Medium"
"1455","Corpus Christi",2009,5,48473022,133700,2939,10.2,2009.33333333333,"Medium"
"1456","Corpus Christi",2009,7,48870874,138700,2991,10.6,2009.5,"Medium"
"1457","Corpus Christi",2009,8,50840000,138100,3168,11.5,2009.58333333333,"Medium"
"1458","Corpus Christi",2009,9,43168802,144100,3005,11,2009.66666666667,"Medium"
"1459","Corpus Christi",2009,10,47219137,135300,3005,10.8,2009.75,"Medium"
"1460","Corpus Christi",2009,11,48185362,138400,2969,10.4,2009.83333333333,"Medium"
"1461","Corpus Christi",2010,1,22214818,125900,2688,9.4,2010,"Medium"
"1462","Corpus Christi",2010,3,47526182,137600,2816,9.8,2010.16666666667,"Medium"
"1463","Corpus Christi",2010,5,57297054,133100,2966,10,2010.33333333333,"Medium"
"1464","Corpus Christi",2010,7,45479194,135000,3146,10.8,2010.5,"Medium"
"1465","Corpus Christi",2010,8,52966363,148500,3266,11.2,2010.58333333333,"Medium"
"1466","Corpus Christi",2010,9,39326777,137100,3213,11,2010.66666666667,"Medium"
"1467","Corpus Christi",2010,10,35254886,134200,2990,10.5,2010.75,"Medium"
"1468","Corpus Christi",2010,11,36810227,138400,2990,10.4,2010.83333333333,"Medium"
"1469","Corpus Christi",2010,12,46232126,138400,2942,10.2,2010.91666666667,"Medium"
"1470","Corpus Christi",2011,2,27313203,143900,2814,9.9,2011.08333333333,"Medium"
"1471","Corpus Christi",2011,3,47001404,132400,2820,10,2011.16666666667,"Medium"
"1472","Corpus Christi",2011,7,54068445,145900,2764,10,2011.5,"Medium"
"1473","Corpus Christi",2011,8,60754506,135100,2508,8.9,2011.58333333333,"Medium"
"1474","Corpus Christi",2011,9,43455045,134600,2647,9.3,2011.66666666667,"Medium"
"1475","Corpus Christi",2011,10,40988405,128900,2619,9.1,2011.75,"Medium"
"1476","Corpus Christi",2011,11,44667590,141500,2300,8.2,2011.83333333333,"Medium"
"1477","Corpus Christi",2011,12,49745084,138100,2357,8.3,2011.91666666667,"Medium"
"1478","Corpus Christi",2012,1,28911687,127100,2186,7.7,2012,"Medium"
"1479","Corpus Christi",2012,2,41689138,137900,2209,7.6,2012.08333333333,"Medium"
"1480","Corpus Christi",2012,3,52866536,132200,2232,7.5,2012.16666666667,"Medium"
"1481","Corpus Christi",2012,4,63414940,139800,2186,7.3,2012.25,"Medium"
"1482","Corpus Christi",2012,6,77838239,144600,2095,6.6,2012.41666666667,"Medium"
"1483","Corpus Christi",2012,8,75170429,144100,2269,7,2012.58333333333,"Medium"
"1484","Corpus Christi",2012,9,55490787,143600,2329,7.1,2012.66666666667,"Medium"
"1485","Corpus Christi",2012,10,51094389,139800,2291,6.9,2012.75,"Medium"
"1486","Corpus Christi",2012,11,57002796,154200,2267,6.8,2012.83333333333,"Medium"
"1487","Corpus Christi",2013,2,48134035,140400,2004,5.8,2013.08333333333,"Medium"
"1488","Corpus Christi",2013,3,69450191,143700,2016,5.8,2013.16666666667,"Medium"
"1489","Corpus Christi",2013,4,66964938,143600,1968,5.6,2013.25,"Medium"
"1490","Corpus Christi",2013,5,85268037,154800,1979,5.5,2013.33333333333,"Medium"
"1491","Corpus Christi",2013,6,84759840,160500,1901,5.2,2013.41666666667,"Medium"
"1492","Corpus Christi",2013,7,90271448,163800,1932,5.2,2013.5,"Medium"
"1493","Corpus Christi",2013,9,66221747,156400,1787,4.7,2013.66666666667,"Medium"
"1494","Corpus Christi",2013,10,68394597,156700,1976,5.2,2013.75,"Medium"
"1495","Corpus Christi",2013,11,61721526,156400,1965,5.2,2013.83333333333,"Medium"
"1496","Corpus Christi",2013,12,65702376,144000,1898,5,2013.91666666667,"Medium"
"1497","Corpus Christi",2014,2,61363819,168600,1764,4.6,2014.08333333333,"Medium"
"1498","Corpus Christi",2014,3,75123249,164400,1470,3.8,2014.16666666667,"Medium"
"1499","Corpus Christi",2014,4,76475125,160600,1573,4.1,2014.25,"Medium"
"1500","Corpus Christi",2014,5,80066895,169500,1280,3.4,2014.33333333333,"Medium"
"1501","Corpus Christi",2014,6,95154634,170800,1948,5.1,2014.41666666667,"Medium"
"1502","Corpus Christi",2014,7,95883057,175000,1851,4.8,2014.5,"Medium"
"1503","Corpus Christi",2014,8,90630093,172900,1815,4.7,2014.58333333333,"Medium"
"1504","Corpus Christi",2014,9,90229967,164600,1815,4.6,2014.66666666667,"Medium"
"1505","Corpus Christi",2014,12,77891401,174900,1870,4.8,2014.91666666667,"Medium"
"1506","Corpus Christi",2015,1,45291485,162800,1872,4.8,2015,"Medium"
"1507","Corpus Christi",2015,2,63256153,174500,1861,4.8,2015.08333333333,"Medium"
"1508","Corpus Christi",2015,3,78345229,173200,1870,4.8,2015.16666666667,"Medium"
"1509","Corpus Christi",2015,4,87577428,175000,1911,4.8,2015.25,"Medium"
"1510","Corpus Christi",2015,5,85776743,186100,2036,5.1,2015.33333333333,"Medium"
"1511","Dallas",2000,1,375389865,124400,13316,3.7,2000,"High"
"1512","Dallas",2000,2,555124812,127700,13495,3.7,2000.08333333333,"High"
"1513","Dallas",2000,4,667331427,132000,13752,3.7,2000.25,"High"
"1514","Dallas",2000,5,783197806,137100,14018,3.7,2000.33333333333,"High"
"1515","Dallas",2000,6,846254912,138800,14392,3.8,2000.41666666667,"High"
"1516","Dallas",2000,7,763793916,139600,14705,3.9,2000.5,"High"
"1517","Dallas",2000,8,770735708,134500,14607,3.9,2000.58333333333,"High"
"1518","Dallas",2000,10,626302634,134600,15212,4,2000.75,"High"
"1519","Dallas",2000,11,589401171,133200,14565,3.8,2000.83333333333,"High"
"1520","Dallas",2000,12,554774879,138700,13762,3.6,2000.91666666667,"High"
"1521","Dallas",2001,1,426059934,130300,14931,3.9,2001,"High"
"1522","Dallas",2001,2,578096015,139300,15389,4,2001.08333333333,"High"
"1523","Dallas",2001,4,700310163,140800,17059,4.5,2001.25,"High"
"1524","Dallas",2001,5,832516238,141700,17814,4.7,2001.33333333333,"High"
"1525","Dallas",2001,6,941310414,146300,18372,4.8,2001.41666666667,"High"
"1526","Dallas",2001,8,839224430,141400,18584,4.8,2001.58333333333,"High"
"1527","Dallas",2001,10,564356982,136000,19403,5,2001.75,"High"
"1528","Dallas",2001,11,582425484,142300,18495,4.8,2001.83333333333,"High"
"1529","Dallas",2001,12,624519434,142600,17290,4.4,2001.91666666667,"High"
"1530","Dallas",2002,1,502970859,140700,18240,4.6,2002,"High"
"1531","Dallas",2002,2,616881882,143700,18927,4.8,2002.08333333333,"High"
"1532","Dallas",2002,3,731728110,145200,19367,4.9,2002.16666666667,"High"
"1533","Dallas",2002,4,766278911,144900,20139,5.1,2002.25,"High"
"1534","Dallas",2002,5,913391794,145600,21153,5.3,2002.33333333333,"High"
"1535","Dallas",2002,7,857727953,145100,23165,5.9,2002.5,"High"
"1536","Dallas",2002,8,811329118,145500,23056,5.9,2002.58333333333,"High"
"1537","Dallas",2002,9,653244332,142800,23551,6.1,2002.66666666667,"High"
"1538","Dallas",2002,10,657676258,143700,23458,6,2002.75,"High"
"1539","Dallas",2002,11,611752816,143400,22758,5.8,2002.83333333333,"High"
"1540","Dallas",2003,1,495512434,141900,23586,6,2003,"High"
"1541","Dallas",2003,2,549263980,145600,24381,6.3,2003.08333333333,"High"
"1542","Dallas",2003,3,775700960,146100,25382,6.5,2003.16666666667,"High"
"1543","Dallas",2003,4,752063142,146800,26210,6.7,2003.25,"High"
"1544","Dallas",2003,5,883859330,150600,26824,6.9,2003.33333333333,"High"
"1545","Dallas",2003,6,920352540,154000,27169,6.9,2003.41666666667,"High"
"1546","Dallas",2003,8,957387591,153300,26604,6.6,2003.58333333333,"High"
"1547","Dallas",2003,9,819435447,148300,26372,6.5,2003.66666666667,"High"
"1548","Dallas",2003,10,772657281,143600,25757,6.3,2003.75,"High"
"1549","Dallas",2003,12,757974150,147200,24013,5.8,2003.91666666667,"High"
"1550","Dallas",2004,1,523105156,138900,25365,6.2,2004,"High"
"1551","Dallas",2004,2,643892110,146700,25849,6.2,2004.08333333333,"High"
"1552","Dallas",2004,3,924268970,146600,26821,6.4,2004.16666666667,"High"
"1553","Dallas",2004,4,985509075,148900,27938,6.5,2004.25,"High"
"1554","Dallas",2004,5,997391985,149600,28496,6.6,2004.33333333333,"High"
"1555","Dallas",2004,6,1134082858,159300,28725,6.6,2004.41666666667,"High"
"1556","Dallas",2004,8,1038300840,152400,28612,6.5,2004.58333333333,"High"
"1557","Dallas",2004,9,834310868,146300,28055,6.3,2004.66666666667,"High"
"1558","Dallas",2004,10,802557736,148900,27386,6.2,2004.75,"High"
"1559","Dallas",2004,11,754389601,148900,26079,5.8,2004.83333333333,"High"
"1560","Dallas",2005,1,547637034,140200,25873,5.7,2005,"High"
"1561","Dallas",2005,3,1074448492,151700,27751,6,2005.16666666667,"High"
"1562","Dallas",2005,5,1140244812,154400,28790,6.1,2005.33333333333,"High"
"1563","Dallas",2005,9,1013634502,154500,27562,5.6,2005.66666666667,"High"
"1564","Dallas",2005,10,943709896,155100,27113,5.5,2005.75,"High"
"1565","Dallas",2005,11,911211915,158500,26468,5.3,2005.83333333333,"High"
"1566","Dallas",2005,12,952447451,157100,24860,5,2005.91666666667,"High"
"1567","Dallas",2006,1,681032359,149600,26232,5.2,2006,"High"
"1568","Dallas",2006,2,860515451,154100,26793,5.3,2006.08333333333,"High"
"1569","Dallas",2006,4,1079456628,154800,29147,5.7,2006.25,"High"
"1570","Dallas",2006,5,1407381438,164500,29775,5.7,2006.33333333333,"High"
"1571","Dallas",2006,6,1546598624,163400,30323,5.8,2006.41666666667,"High"
"1572","Dallas",2006,8,1336466287,158300,30770,5.8,2006.58333333333,"High"
"1573","Dallas",2006,10,1010810885,152300,30258,5.7,2006.75,"High"
"1574","Dallas",2006,11,940142663,154900,29060,5.4,2006.83333333333,"High"
"1575","Dallas",2006,12,993052385,156300,27369,5.1,2006.91666666667,"High"
"1576","Dallas",2007,1,731573846,149300,28328,5.3,2007,"High"
"1577","Dallas",2007,2,861440268,153500,29121,5.4,2007.08333333333,"High"
"1578","Dallas",2007,3,1235307617,158200,31281,5.8,2007.16666666667,"High"
"1579","Dallas",2007,4,1165180158,164100,32787,6.1,2007.25,"High"
"1580","Dallas",2007,5,1370682102,163000,33283,6.3,2007.33333333333,"High"
"1581","Dallas",2007,6,1432055051,169100,33624,6.4,2007.41666666667,"High"
"1582","Dallas",2007,7,1330935156,163700,33414,6.4,2007.5,"High"
"1583","Dallas",2007,8,1353660825,165700,32915,6.3,2007.58333333333,"High"
"1584","Dallas",2007,10,903923726,153500,32079,6.3,2007.75,"High"
"1585","Dallas",2008,1,630240854,146100,28933,5.9,2008,"High"
"1586","Dallas",2008,2,773134573,147400,29206,6,2008.08333333333,"High"
"1587","Dallas",2008,3,962729451,159600,30124,6.3,2008.16666666667,"High"
"1588","Dallas",2008,4,1028613369,157600,30471,6.4,2008.25,"High"
"1589","Dallas",2008,5,1144397358,162100,30340,6.5,2008.33333333333,"High"
"1590","Dallas",2008,6,1134394581,164400,30340,6.6,2008.41666666667,"High"
"1591","Dallas",2008,10,772075592,154300,26563,6.1,2008.75,"High"
"1592","Dallas",2008,11,557480064,144000,26573,6.2,2008.83333333333,"High"
"1593","Dallas",2009,1,417085333,138300,25070,6,2009,"High"
"1594","Dallas",2009,3,694327912,147900,26346,6.6,2009.16666666667,"High"
"1595","Dallas",2009,6,1001824336,166600,24677,6.5,2009.41666666667,"High"
"1596","Dallas",2009,7,1004407059,163400,24387,6.5,2009.5,"High"
"1597","Dallas",2009,8,874205286,159600,23827,6.4,2009.58333333333,"High"
"1598","Dallas",2009,11,741958892,151200,21552,5.6,2009.83333333333,"High"
"1599","Dallas",2010,1,420140118,140800,21825,5.7,2010,"High"
"1600","Dallas",2010,2,548903564,149800,22991,6.1,2010.08333333333,"High"
"1601","Dallas",2010,5,1025677623,161900,25680,6.4,2010.33333333333,"High"
"1602","Dallas",2010,6,1055526309,166700,26812,6.7,2010.41666666667,"High"
"1603","Dallas",2010,8,738748272,164900,27346,7.2,2010.58333333333,"High"
"1604","Dallas",2010,9,651529718,155200,26745,7.2,2010.66666666667,"High"
"1605","Dallas",2010,10,606133350,154100,25688,7.1,2010.75,"High"
"1606","Dallas",2011,1,440255555,149900,22432,6.4,2011,"High"
"1607","Dallas",2011,2,536086749,156700,22868,6.5,2011.08333333333,"High"
"1608","Dallas",2011,3,765050217,152400,23641,6.8,2011.16666666667,"High"
"1609","Dallas",2011,7,879245704,164000,23300,6.9,2011.5,"High"
"1610","Dallas",2011,8,972011821,162600,21860,6.3,2011.58333333333,"High"
"1611","Dallas",2011,9,710642787,157200,20823,6,2011.66666666667,"High"
"1612","Dallas",2011,11,615547826,149400,18690,5.3,2011.83333333333,"High"
"1613","Dallas",2011,12,726947587,160300,16676,4.7,2011.91666666667,"High"
"1614","Dallas",2012,1,509458081,150800,16721,4.7,2012,"High"
"1615","Dallas",2012,2,634067291,157100,17173,4.7,2012.08333333333,"High"
"1616","Dallas",2012,3,898320563,167300,17433,4.7,2012.16666666667,"High"
"1617","Dallas",2012,5,1175419749,175100,17726,4.7,2012.33333333333,"High"
"1618","Dallas",2012,6,1209024869,177900,17587,4.6,2012.41666666667,"High"
"1619","Dallas",2012,8,1168296112,174200,16611,4.2,2012.58333333333,"High"
"1620","Dallas",2012,9,921678400,173500,15994,4,2012.66666666667,"High"
"1621","Dallas",2012,10,885330428,166700,15008,3.7,2012.75,"High"
"1622","Dallas",2012,11,851505972,168300,13908,3.3,2012.83333333333,"High"
"1623","Dallas",2012,12,886692144,177800,12436,3,2012.91666666667,"High"
"1624","Dallas",2013,1,655201227,163100,12360,2.9,2013,"High"
"1625","Dallas",2013,3,1203754457,180800,12249,2.8,2013.16666666667,"High"
"1626","Dallas",2013,5,1584160079,198000,12785,2.8,2013.33333333333,"High"
"1627","Dallas",2013,6,1593190134,202800,13339,2.9,2013.41666666667,"High"
"1628","Dallas",2013,8,1570480866,198000,13694,2.8,2013.58333333333,"High"
"1629","Dallas",2013,9,1181585876,188800,13145,2.7,2013.66666666667,"High"
"1630","Dallas",2013,10,1105924279,189200,12728,2.6,2013.75,"High"
"1631","Dallas",2013,12,1071755610,194900,10531,2.1,2013.91666666667,"High"
"1632","Dallas",2014,1,720647942,180300,10603,2.1,2014,"High"
"1633","Dallas",2014,2,963263681,194600,10697,2.1,2014.08333333333,"High"
"1634","Dallas",2014,4,1381342187,202300,11416,2.3,2014.25,"High"
"1635","Dallas",2014,5,1618432082,209700,12208,2.5,2014.33333333333,"High"
"1636","Dallas",2014,6,1703805588,217100,12432,2.5,2014.41666666667,"High"
"1637","Dallas",2014,7,1695109572,215800,12869,2.6,2014.5,"High"
"1638","Dallas",2014,8,1547392167,211400,12600,2.6,2014.58333333333,"High"
"1639","Dallas",2014,10,1330991006,200400,11329,2.3,2014.75,"High"
"1640","Dallas",2014,11,1034129843,205200,10441,2.1,2014.83333333333,"High"
"1641","Dallas",2014,12,1311403538,217400,9146,1.8,2014.91666666667,"High"
"1642","Dallas",2015,1,773952769,203300,9063,1.8,2015,"High"
"1643","Dallas",2015,2,1030862233,213700,8850,1.8,2015.08333333333,"High"
"1644","Dallas",2015,3,1408782357,224800,8932,1.8,2015.16666666667,"High"
"1645","Dallas",2015,4,1557683074,232500,9616,1.9,2015.25,"High"
"1646","Dallas",2015,5,1779708059,241300,10355,2.1,2015.33333333333,"High"
"1647","Dallas",2015,6,1960556658,242300,11014,2.2,2015.41666666667,"High"
"1648","Denton County",2000,1,50391510,138700,2023,4.4,2000,"Medium"
"1649","Denton County",2000,2,60625344,130600,2085,4.5,2000.08333333333,"Medium"
"1650","Denton County",2000,3,95662001,142100,2168,4.6,2000.16666666667,"High"
"1651","Denton County",2000,4,86276146,140100,2192,4.6,2000.25,"High"
"1652","Denton County",2000,6,119130134,152700,2209,4.5,2000.41666666667,"High"
"1653","Denton County",2000,8,106079394,143500,2135,4.2,2000.58333333333,"High"
"1654","Denton County",2000,11,68324540,138800,2165,4.2,2000.83333333333,"Medium"
"1655","Denton County",2000,12,64140494,150000,2058,4,2000.91666666667,"Medium"
"1656","Denton County",2001,1,54142802,140800,2239,4.4,2001,"Medium"
"1657","Denton County",2001,2,71832456,145600,2379,4.6,2001.08333333333,"Medium"
"1658","Denton County",2001,3,96747650,152200,2597,5.1,2001.16666666667,"High"
"1659","Denton County",2001,5,113528240,148100,2666,5.2,2001.33333333333,"High"
"1660","Denton County",2001,6,122951808,152400,2785,5.4,2001.41666666667,"High"
"1661","Denton County",2001,7,122823514,154900,2783,5.4,2001.5,"High"
"1662","Denton County",2001,8,120734992,157000,2716,5.2,2001.58333333333,"High"
"1663","Denton County",2001,9,93856208,153600,2749,5.2,2001.66666666667,"Medium"
"1664","Denton County",2001,10,77959276,144400,2745,5.2,2001.75,"Medium"
"1665","Denton County",2001,11,78596722,154900,2597,4.9,2001.83333333333,"Medium"
"1666","Denton County",2001,12,84726584,150000,2497,4.6,2001.91666666667,"Medium"
"1667","Denton County",2002,1,65183143,148200,2676,4.9,2002,"Medium"
"1668","Denton County",2002,2,87047727,151700,2753,5,2002.08333333333,"Medium"
"1669","Denton County",2002,3,98736736,154500,2869,5.2,2002.16666666667,"High"
"1670","Denton County",2002,4,96489237,155400,3038,5.5,2002.25,"High"
"1671","Denton County",2002,6,117355796,155200,3168,5.8,2002.41666666667,"High"
"1672","Denton County",2002,7,119208136,151500,3234,5.9,2002.5,"High"
"1673","Denton County",2002,9,87066019,149900,3288,6.1,2002.66666666667,"Medium"
"1674","Denton County",2002,10,81183797,152800,3183,5.9,2002.75,"Medium"
"1675","Denton County",2002,12,97401578,153800,2906,5.3,2002.91666666667,"Medium"
"1676","Denton County",2003,1,56612032,144900,3196,5.9,2003,"Medium"
"1677","Denton County",2003,2,74574074,149700,3349,6.3,2003.08333333333,"Medium"
"1678","Denton County",2003,3,102793457,149500,3544,6.6,2003.16666666667,"High"
"1679","Denton County",2003,5,120244730,155500,3659,6.8,2003.33333333333,"High"
"1680","Denton County",2003,6,121352070,161900,3808,7,2003.41666666667,"High"
"1681","Denton County",2003,8,129890513,158900,3694,6.7,2003.58333333333,"High"
"1682","Denton County",2003,9,110592351,158000,3660,6.5,2003.66666666667,"High"
"1683","Denton County",2003,10,94577712,149600,3611,6.4,2003.75,"High"
"1684","Denton County",2003,11,77065886,152800,3532,6.3,2003.83333333333,"Medium"
"1685","Denton County",2003,12,93367052,148700,3415,6.1,2003.91666666667,"Medium"
"1686","Denton County",2004,1,66859505,147600,3685,6.5,2004,"Medium"
"1687","Denton County",2004,2,81441406,152900,3763,6.6,2004.08333333333,"Medium"
"1688","Denton County",2004,4,128630194,155000,4113,7.1,2004.25,"High"
"1689","Denton County",2004,5,136568573,152000,4161,7.1,2004.33333333333,"High"
"1690","Denton County",2004,6,160205268,166100,4121,6.8,2004.41666666667,"High"
"1691","Denton County",2004,7,140352988,153300,4052,6.7,2004.5,"High"
"1692","Denton County",2004,8,157614455,158200,3982,6.5,2004.58333333333,"High"
"1693","Denton County",2004,10,104818126,156100,3818,6.1,2004.75,"High"
"1694","Denton County",2004,11,107275006,157500,3594,5.7,2004.83333333333,"High"
"1695","Denton County",2004,12,117360736,152900,3364,5.2,2004.91666666667,"High"
"1696","Denton County",2005,1,67517007,149700,3720,5.8,2005,"Medium"
"1697","Denton County",2005,3,142892852,154500,3893,5.9,2005.16666666667,"High"
"1698","Denton County",2005,4,135005525,152100,3986,6,2005.25,"High"
"1699","Denton County",2005,6,180214907,164000,3813,5.5,2005.41666666667,"High"
"1700","Denton County",2005,7,158358437,161000,3919,5.7,2005.5,"High"
"1701","Denton County",2005,9,143884180,159400,3646,5.2,2005.66666666667,"High"
"1702","Denton County",2005,10,124531473,158600,3582,5.1,2005.75,"High"
"1703","Denton County",2005,11,132246868,164200,3466,4.9,2005.83333333333,"High"
"1704","Denton County",2005,12,128708133,160000,3179,4.4,2005.91666666667,"High"
"1705","Denton County",2006,3,152511903,159000,3399,4.7,2006.16666666667,"High"
"1706","Denton County",2006,5,181273927,165700,3627,4.9,2006.33333333333,"High"
"1707","Denton County",2006,6,213038620,169400,3662,4.9,2006.41666666667,"High"
"1708","Denton County",2006,7,171976915,165100,3725,5,2006.5,"High"
"1709","Denton County",2006,8,177380410,163900,3686,4.9,2006.58333333333,"High"
"1710","Denton County",2006,9,133617412,155000,3649,4.9,2006.66666666667,"High"
"1711","Denton County",2006,10,126003124,158800,3542,4.7,2006.75,"High"
"1712","Denton County",2006,11,123700225,168500,3435,4.6,2006.83333333333,"High"
"1713","Denton County",2006,12,127127223,162000,3241,4.4,2006.91666666667,"High"
"1714","Denton County",2007,1,96358603,159600,3397,4.6,2007,"Medium"
"1715","Denton County",2007,2,107879940,156000,3564,4.8,2007.08333333333,"High"
"1716","Denton County",2007,3,152978919,168900,3844,5.2,2007.16666666667,"High"
"1717","Denton County",2007,5,171181622,164500,4029,5.6,2007.33333333333,"High"
"1718","Denton County",2007,6,205837728,173200,4076,5.7,2007.41666666667,"High"
"1719","Denton County",2007,8,190380206,176500,3923,5.5,2007.58333333333,"High"
"1720","Denton County",2007,9,106423825,170700,3872,5.5,2007.66666666667,"Medium"
"1721","Denton County",2007,10,126403124,163000,3712,5.3,2007.75,"High"
"1722","Denton County",2007,11,101384825,159500,3511,5.1,2007.83333333333,"Medium"
"1723","Denton County",2007,12,100623381,157900,3170,4.7,2007.91666666667,"Medium"
"1724","Denton County",2008,1,83795577,158100,3361,5,2008,"Medium"
"1725","Denton County",2008,3,116046713,164800,3600,5.5,2008.16666666667,"High"
"1726","Denton County",2008,4,112518386,152000,3739,5.8,2008.25,"High"
"1727","Denton County",2008,6,152796286,163800,3748,6,2008.41666666667,"High"
"1728","Denton County",2008,9,110292306,161900,3360,5.6,2008.66666666667,"High"
"1729","Denton County",2008,11,66933662,153700,3098,5.3,2008.83333333333,"Medium"
"1730","Denton County",2008,12,79108682,152500,2849,5,2008.91666666667,"Medium"
"1731","Denton County",2009,1,47699558,148800,2981,5.3,2009,"Medium"
"1732","Denton County",2009,2,77767397,160200,3094,5.6,2009.08333333333,"Medium"
"1733","Denton County",2009,3,89014225,156000,3264,6,2009.16666666667,"Medium"
"1734","Denton County",2009,5,113931185,168400,3436,6.6,2009.33333333333,"High"
"1735","Denton County",2009,6,142095255,163500,3108,6,2009.41666666667,"High"
"1736","Denton County",2009,9,101924813,156900,2937,5.8,2009.66666666667,"High"
"1737","Denton County",2009,10,111513100,156300,2743,5.3,2009.75,"High"
"1738","Denton County",2009,11,96661498,156300,2694,5.1,2009.83333333333,"High"
"1739","Denton County",2009,12,89702679,156400,2537,4.7,2009.91666666667,"Medium"
"1740","Denton County",2010,1,55563609,158800,2787,5.2,2010,"Medium"
"1741","Denton County",2010,2,66173005,155200,2933,5.5,2010.08333333333,"Medium"
"1742","Denton County",2010,4,138329478,156800,3046,5.4,2010.25,"High"
"1743","Denton County",2010,5,152111955,164600,3281,5.7,2010.33333333333,"High"
"1744","Denton County",2010,6,133079491,169900,3536,6.2,2010.41666666667,"High"
"1745","Denton County",2010,8,101465042,172000,3535,6.6,2010.58333333333,"Medium"
"1746","Denton County",2010,9,79441541,159700,3373,6.4,2010.66666666667,"Medium"
"1747","Denton County",2010,10,83180544,161500,3257,6.4,2010.75,"Medium"
"1748","Denton County",2010,11,72901476,162200,3111,6.2,2010.83333333333,"Medium"
"1749","Denton County",2010,12,92643336,159600,2942,5.9,2010.91666666667,"Medium"
"1750","Denton County",2011,1,58476571,155700,2954,5.9,2011,"Medium"
"1751","Denton County",2011,2,59888384,158900,2978,6,2011.08333333333,"Medium"
"1752","Denton County",2011,3,92493584,152500,3171,6.5,2011.16666666667,"Medium"
"1753","Denton County",2011,4,102936173,155000,3257,7,2011.25,"High"
"1754","Denton County",2011,6,133449312,162400,3177,7,2011.41666666667,"High"
"1755","Denton County",2011,7,126222829,164600,3123,6.6,2011.5,"High"
"1756","Denton County",2011,8,135278687,163800,2881,5.9,2011.58333333333,"High"
"1757","Denton County",2011,9,98160567,157900,2707,5.5,2011.66666666667,"Medium"
"1758","Denton County",2011,10,88263064,162600,2593,5.2,2011.75,"Medium"
"1759","Denton County",2011,11,88468082,155300,2446,4.9,2011.83333333333,"Medium"
"1760","Denton County",2012,1,63120983,153900,2192,4.3,2012,"Medium"
"1761","Denton County",2012,5,151744881,172100,2531,4.6,2012.33333333333,"High"
"1762","Denton County",2012,6,169099769,182500,2453,4.4,2012.41666666667,"High"
"1763","Denton County",2012,7,160106187,174300,2358,4.1,2012.5,"High"
"1764","Denton County",2012,8,186621301,175500,2161,3.6,2012.58333333333,"High"
"1765","Denton County",2012,9,133061244,176100,2031,3.4,2012.66666666667,"High"
"1766","Denton County",2012,10,130653945,165700,1881,3,2012.75,"High"
"1767","Denton County",2012,11,120915477,175300,1760,2.8,2012.83333333333,"High"
"1768","Denton County",2012,12,118842450,177500,1546,2.4,2012.91666666667,"High"
"1769","Denton County",2013,2,110127434,167500,1519,2.3,2013.08333333333,"High"
"1770","Denton County",2013,3,157172639,177600,1565,2.3,2013.16666666667,"High"
"1771","Denton County",2013,4,200598630,185700,1588,2.3,2013.25,"High"
"1772","Denton County",2013,6,211107663,191500,1751,2.4,2013.41666666667,"High"
"1773","Denton County",2013,7,245184975,193900,1834,2.5,2013.5,"High"
"1774","Denton County",2013,8,236513793,194500,1765,2.3,2013.58333333333,"High"
"1775","Denton County",2013,9,170868690,180000,1696,2.2,2013.66666666667,"High"
"1776","Denton County",2013,10,161284866,190000,1606,2.1,2013.75,"High"
"1777","Denton County",2013,11,138868018,186900,1471,1.9,2013.83333333333,"High"
"1778","Denton County",2013,12,141579248,185300,1331,1.7,2013.91666666667,"High"
"1779","Denton County",2014,1,98131230,185400,1354,1.7,2014,"Medium"
"1780","Denton County",2014,2,124864412,188600,1408,1.8,2014.08333333333,"High"
"1781","Denton County",2014,3,177843335,197100,1399,1.8,2014.16666666667,"High"
"1782","Denton County",2014,4,207376227,202300,1502,1.9,2014.25,"High"
"1783","Denton County",2014,5,232927665,206900,1678,2.2,2014.33333333333,"High"
"1784","Denton County",2014,6,263671306,215900,1743,2.2,2014.41666666667,"High"
"1785","Denton County",2014,7,258743721,209500,1810,2.3,2014.5,"High"
"1786","Denton County",2014,9,220547273,208000,1576,2,2014.66666666667,"High"
"1787","Denton County",2014,11,147224335,212100,1358,1.7,2014.83333333333,"High"
"1788","Denton County",2014,12,185305076,211600,1193,1.5,2014.91666666667,"High"
"1789","Denton County",2015,1,122341947,216100,1151,1.4,2015,"Medium"
"1790","Denton County",2015,2,146757193,212500,1114,1.4,2015.08333333333,"High"
"1791","Denton County",2015,3,198837658,226300,1196,1.5,2015.16666666667,"High"
"1792","Denton County",2015,5,278865996,239500,1422,1.7,2015.33333333333,"High"
"1793","Denton County",2015,6,306978637,238000,1635,2,2015.41666666667,"High"
"1794","Denton County",2015,7,303559728,229200,1817,2.2,2015.5,"High"
"1795","El Paso",2000,1,31525000,82100,2512,5.8,2000,"Medium"
"1796","El Paso",2000,3,47505000,77100,2549,5.8,2000.16666666667,"Medium"
"1797","El Paso",2000,4,37915000,79400,2525,5.9,2000.25,"Medium"
"1798","El Paso",2000,5,43335000,80100,2552,5.9,2000.33333333333,"Medium"
"1799","El Paso",2000,7,42925000,82600,2685,6.4,2000.5,"Medium"
"1800","El Paso",2000,9,36775000,78300,2661,6.3,2000.66666666667,"Medium"
"1801","El Paso",2000,10,40535000,81900,2704,6.5,2000.75,"Medium"
"1802","El Paso",2000,12,45465000,80400,2426,5.7,2000.91666666667,"Medium"
"1803","El Paso",2001,3,42450000,82800,3420,8.1,2001.16666666667,"Medium"
"1804","El Paso",2001,4,41400000,86400,3523,8.3,2001.25,"Medium"
"1805","El Paso",2001,6,57990000,99400,3482,8.1,2001.41666666667,"Medium"
"1806","El Paso",2001,7,49740000,88500,3514,8.1,2001.5,"Medium"
"1807","El Paso",2001,8,50295000,90600,3515,8.2,2001.58333333333,"Medium"
"1808","El Paso",2001,9,45305000,87900,3515,8.2,2001.66666666667,"Medium"
"1809","El Paso",2001,11,39455000,84500,3213,7.5,2001.83333333333,"Medium"
"1810","El Paso",2001,12,39040000,83100,2979,7.1,2001.91666666667,"Medium"
"1811","El Paso",2002,1,41360000,84700,3117,7.3,2002,"Medium"
"1812","El Paso",2002,2,38655000,86600,3070,7.2,2002.08333333333,"Medium"
"1813","El Paso",2002,3,46940000,87900,3127,7.3,2002.16666666667,"Medium"
"1814","El Paso",2002,4,54015000,82300,3107,7,2002.25,"High"
"1815","El Paso",2002,5,44530000,87900,3114,7.1,2002.33333333333,"Medium"
"1816","El Paso",2002,6,50530000,93400,3187,7.4,2002.41666666667,"Medium"
"1817","El Paso",2002,7,54775000,92400,3236,7.5,2002.5,"Medium"
"1818","El Paso",2002,9,47495000,88400,3284,7.5,2002.66666666667,"Medium"
"1819","El Paso",2002,10,63565000,94800,3289,7.3,2002.75,"High"
"1820","El Paso",2002,12,44880000,88700,2853,6.3,2002.91666666667,"Medium"
"1821","El Paso",2003,1,42705000,88600,2991,6.6,2003,"Medium"
"1822","El Paso",2003,2,38205000,89900,3063,6.8,2003.08333333333,"Medium"
"1823","El Paso",2003,3,61185000,86100,3289,7.1,2003.16666666667,"High"
"1824","El Paso",2003,4,54185000,88100,3282,7.2,2003.25,"Medium"
"1825","El Paso",2003,6,66375000,1e+05,3108,6.5,2003.41666666667,"High"
"1826","El Paso",2003,8,66400000,95700,3233,6.6,2003.58333333333,"High"
"1827","El Paso",2003,9,66640000,92600,3291,6.6,2003.66666666667,"High"
"1828","El Paso",2003,10,62140000,92100,3242,6.5,2003.75,"High"
"1829","El Paso",2003,12,71320000,97800,2929,5.6,2003.91666666667,"High"
"1830","El Paso",2004,1,48330000,93500,3028,5.8,2004,"Medium"
"1831","El Paso",2004,3,60105000,89000,3288,6.2,2004.16666666667,"High"
"1832","El Paso",2004,4,64980000,89900,3320,6.2,2004.25,"High"
"1833","El Paso",2004,5,68890000,97500,3271,6.1,2004.33333333333,"High"
"1834","El Paso",2006,6,101085000,129900,1769,3.6,2006.41666666667,"High"
"1835","El Paso",2006,8,117570000,129500,2300,4.3,2006.58333333333,"High"
"1836","El Paso",2006,9,99280000,127000,2578,4.6,2006.66666666667,"High"
"1837","El Paso",2006,10,87815000,131000,2548,4.5,2006.75,"High"
"1838","El Paso",2006,11,85835000,131400,2711,4.7,2006.83333333333,"High"
"1839","El Paso",2006,12,88225000,133800,2554,4.4,2006.91666666667,"High"
"1840","El Paso",2007,1,70090000,124800,2554,4.3,2007,"Medium"
"1841","El Paso",2007,3,94925000,129200,1272,2.2,2007.16666666667,"High"
"1842","El Paso",2007,4,96675000,128100,3241,5.4,2007.25,"High"
"1843","El Paso",2007,5,97535000,130200,3159,5.2,2007.33333333333,"High"
"1844","El Paso",2007,6,100975000,138900,3589,6,2007.41666666667,"High"
"1845","El Paso",2007,7,91810000,134200,3791,6.4,2007.5,"High"
"1846","El Paso",2007,9,64025000,136000,4024,7.2,2007.66666666667,"Medium"
"1847","El Paso",2007,10,68665000,130900,4337,7.9,2007.75,"Medium"
"1848","El Paso",2007,11,64305000,133600,4292,8,2007.83333333333,"Medium"
"1849","El Paso",2008,1,47445000,133200,4254,8.5,2008,"Medium"
"1850","El Paso",2008,2,53395000,133800,4374,9,2008.08333333333,"Medium"
"1851","El Paso",2008,3,66165000,128700,4714,10,2008.16666666667,"Medium"
"1852","El Paso",2008,5,70460000,137800,5155,12.1,2008.33333333333,"Medium"
"1853","El Paso",2008,6,82190000,142800,5127,12.4,2008.41666666667,"Medium"
"1854","El Paso",2008,7,81170000,138500,5012,12.3,2008.5,"Medium"
"1855","El Paso",2008,8,69510000,133300,5085,12.7,2008.58333333333,"Medium"
"1856","El Paso",2008,9,71575000,134300,5096,12.7,2008.66666666667,"Medium"
"1857","El Paso",2008,10,65445000,130500,5040,12.6,2008.75,"Medium"
"1858","El Paso",2008,12,58035000,136300,4454,11.2,2008.91666666667,"Medium"
"1859","El Paso",2009,1,47945000,126900,4499,11.3,2009,"Medium"
"1860","El Paso",2009,4,59250000,128100,3982,9.8,2009.25,"Medium"
"1861","El Paso",2009,5,65430000,126800,3940,9.7,2009.33333333333,"Medium"
"1862","El Paso",2009,6,75185000,134500,3749,9.2,2009.41666666667,"Medium"
"1863","El Paso",2009,7,75075000,135200,3704,9.1,2009.5,"Medium"
"1864","El Paso",2009,8,72785000,129600,3681,9,2009.58333333333,"Medium"
"1865","El Paso",2009,12,68485000,135000,3375,7.5,2009.91666666667,"Medium"
"1866","El Paso",2010,1,39460000,130700,3310,7.5,2010,"Medium"
"1867","El Paso",2010,3,75064093,126900,3320,7.3,2010.16666666667,"Medium"
"1868","El Paso",2010,4,79751467,132200,3162,6.8,2010.25,"Medium"
"1869","El Paso",2010,7,65596150,139800,3348,6.8,2010.5,"Medium"
"1870","El Paso",2010,8,72108549,137300,3381,6.9,2010.58333333333,"Medium"
"1871","El Paso",2010,11,57297072,134100,3236,7,2010.83333333333,"Medium"
"1872","El Paso",2010,12,70498267,134100,3076,6.7,2010.91666666667,"Medium"
"1873","El Paso",2011,1,66136913,127900,3084,6.6,2011,"Medium"
"1874","El Paso",2011,2,44840808,134500,3023,6.5,2011.08333333333,"Medium"
"1875","El Paso",2011,4,74429226,133300,3149,7.1,2011.25,"Medium"
"1876","El Paso",2011,5,61624856,130000,3188,7.4,2011.33333333333,"Medium"
"1877","El Paso",2011,6,71212091,134200,3266,8,2011.41666666667,"Medium"
"1878","El Paso",2011,7,72366107,133900,3208,7.7,2011.5,"Medium"
"1879","El Paso",2011,8,86547783,140300,3122,7.4,2011.58333333333,"High"
"1880","El Paso",2011,11,60621910,137500,3047,7.2,2011.83333333333,"Medium"
"1881","El Paso",2011,12,65448640,135700,2881,6.9,2011.91666666667,"Medium"
"1882","El Paso",2012,2,57403675,136000,3017,7.2,2012.08333333333,"Medium"
"1883","El Paso",2012,5,75158752,136100,3169,7.4,2012.33333333333,"Medium"
"1884","El Paso",2012,6,77261827,136400,3242,7.5,2012.41666666667,"Medium"
"1885","El Paso",2012,7,78377697,140700,3411,7.8,2012.5,"Medium"
"1886","El Paso",2012,8,87310524,145100,3351,7.7,2012.58333333333,"High"
"1887","El Paso",2012,9,78251266,138100,3362,7.6,2012.66666666667,"Medium"
"1888","El Paso",2012,10,86929465,140100,3168,7,2012.75,"High"
"1889","El Paso",2013,1,58368066,135300,3463,7.3,2013,"Medium"
"1890","El Paso",2013,3,73085856,141600,3524,7.4,2013.16666666667,"Medium"
"1891","El Paso",2013,5,73624545,136500,3699,7.7,2013.33333333333,"Medium"
"1892","El Paso",2013,7,106165925,146800,3851,7.8,2013.5,"High"
"1893","El Paso",2013,8,88342876,144800,3797,7.7,2013.58333333333,"High"
"1894","El Paso",2013,9,79215386,138600,3904,7.9,2013.66666666667,"Medium"
"1895","El Paso",2013,10,80904868,143900,3884,7.9,2013.75,"Medium"
"1896","El Paso",2013,11,60618046,140000,3804,7.9,2013.83333333333,"Medium"
"1897","El Paso",2013,12,84374310,146100,3690,7.6,2013.91666666667,"High"
"1898","El Paso",2014,1,55617304,135200,3883,8.1,2014,"Medium"
"1899","El Paso",2014,2,59820714,136300,3973,8.2,2014.08333333333,"Medium"
"1900","El Paso",2014,3,79870996,137300,4059,8.3,2014.16666666667,"Medium"
"1901","El Paso",2014,4,85145747,134400,4095,8.3,2014.25,"High"
"1902","El Paso",2014,6,106404891,146300,3945,7.8,2014.41666666667,"High"
"1903","El Paso",2014,7,100745229,147500,4210,8.3,2014.5,"High"
"1904","El Paso",2014,8,84329540,138300,4199,8.3,2014.58333333333,"High"
"1905","El Paso",2014,9,76174388,137600,4159,8.2,2014.66666666667,"Medium"
"1906","El Paso",2014,10,82484157,147600,4157,8.2,2014.75,"Medium"
"1907","El Paso",2014,11,71246238,138900,3950,7.7,2014.83333333333,"Medium"
"1908","El Paso",2014,12,84854214,143900,3830,7.4,2014.91666666667,"High"
"1909","El Paso",2015,1,62708001,135200,3995,7.7,2015,"Medium"
"1910","El Paso",2015,2,61029887,139000,4070,7.9,2015.08333333333,"Medium"
"1911","El Paso",2015,3,93910307,141200,3857,7.4,2015.16666666667,"High"
"1912","El Paso",2015,6,118116401,147700,4105,7.6,2015.41666666667,"High"
"1913","El Paso",2015,7,113660791,148600,4145,7.6,2015.5,"High"
"1914","Fort Bend",2000,1,52031964,129000,2181,3.8,2000,"Medium"
"1915","Fort Bend",2000,2,66803684,123100,2262,3.9,2000.08333333333,"Medium"
"1916","Fort Bend",2000,3,102595686,125100,2307,3.9,2000.16666666667,"High"
"1917","Fort Bend",2000,4,93906626,132900,2404,4.1,2000.25,"High"
"1918","Fort Bend",2000,5,115043495,129800,2510,4.2,2000.33333333333,"High"
"1919","Fort Bend",2000,6,131697099,140500,2614,4.4,2000.41666666667,"High"
"1920","Fort Bend",2000,7,124163901,136700,2689,4.5,2000.5,"High"
"1921","Fort Bend",2000,8,123742572,138400,2744,4.6,2000.58333333333,"High"
"1922","Fort Bend",2000,9,101289086,139900,2808,4.7,2000.66666666667,"High"
"1923","Fort Bend",2000,10,87434242,130900,2824,4.7,2000.75,"High"
"1924","Fort Bend",2000,12,91108799,140200,2603,4.3,2000.91666666667,"High"
"1925","Fort Bend",2001,1,66140181,134600,2675,4.4,2001,"Medium"
"1926","Fort Bend",2001,2,81248543,137300,2803,4.6,2001.08333333333,"Medium"
"1927","Fort Bend",2001,4,119127060,148000,3039,4.9,2001.25,"High"
"1928","Fort Bend",2001,6,149508001,151000,3023,4.9,2001.41666666667,"High"
"1929","Fort Bend",2001,7,143900241,146300,2936,4.7,2001.5,"High"
"1930","Fort Bend",2001,8,144183626,151200,2934,4.6,2001.58333333333,"High"
"1931","Fort Bend",2001,11,90223814,142600,2584,4.1,2001.83333333333,"High"
"1932","Fort Bend",2001,12,114046427,143000,2412,3.7,2001.91666666667,"High"
"1933","Fort Bend",2002,1,82709841,146200,2529,3.9,2002,"Medium"
"1934","Fort Bend",2002,2,91399532,143200,2598,3.9,2002.08333333333,"High"
"1935","Fort Bend",2002,3,113894405,149600,2702,4.1,2002.16666666667,"High"
"1936","Fort Bend",2002,4,127032519,147000,2714,4.1,2002.25,"High"
"1937","Fort Bend",2002,5,148323719,153200,2837,4.2,2002.33333333333,"High"
"1938","Fort Bend",2002,6,152722907,154700,2873,4.3,2002.41666666667,"High"
"1939","Fort Bend",2002,7,154230406,149800,2980,4.5,2002.5,"High"
"1940","Fort Bend",2002,8,139949581,157600,2987,4.5,2002.58333333333,"High"
"1941","Fort Bend",2002,9,113542881,155300,3051,4.6,2002.66666666667,"High"
"1942","Fort Bend",2002,10,108691034,151000,3046,4.5,2002.75,"High"
"1943","Fort Bend",2002,12,115243309,152500,2921,4.4,2002.91666666667,"High"
"1944","Fort Bend",2003,1,85081790,149500,3064,4.6,2003,"Medium"
"1945","Fort Bend",2003,2,85779035,149100,3149,4.7,2003.08333333333,"Medium"
"1946","Fort Bend",2003,3,104993905,148900,3332,5,2003.16666666667,"High"
"1947","Fort Bend",2003,4,122695495,158500,3400,5.2,2003.25,"High"
"1948","Fort Bend",2003,5,133047420,153100,3566,5.5,2003.33333333333,"High"
"1949","Fort Bend",2003,6,167378196,156500,3834,5.8,2003.41666666667,"High"
"1950","Fort Bend",2003,7,171984739,163500,3886,5.9,2003.5,"High"
"1951","Fort Bend",2003,8,147958653,159000,3813,5.7,2003.58333333333,"High"
"1952","Fort Bend",2003,9,138251644,156000,3852,5.7,2003.66666666667,"High"
"1953","Fort Bend",2003,10,118692915,149200,3819,5.6,2003.75,"High"
"1954","Fort Bend",2003,11,90945397,149000,3697,5.4,2003.83333333333,"Medium"
"1955","Fort Bend",2003,12,148105687,155400,3323,4.8,2003.91666666667,"High"
"1956","Fort Bend",2004,1,85006400,143800,3508,5.1,2004,"Medium"
"1957","Fort Bend",2004,4,154782429,151500,4157,5.7,2004.25,"High"
"1958","Fort Bend",2004,5,150631508,159100,4317,5.9,2004.33333333333,"High"
"1959","Fort Bend",2004,6,187268903,159800,4368,5.9,2004.41666666667,"High"
"1960","Fort Bend",2004,7,175902266,159800,4330,5.9,2004.5,"High"
"1961","Fort Bend",2004,8,173007294,159800,4217,5.6,2004.58333333333,"High"
"1962","Fort Bend",2004,9,134965487,155700,4232,5.7,2004.66666666667,"High"
"1963","Fort Bend",2004,11,118615865,152900,3959,5.2,2004.83333333333,"High"
"1964","Fort Bend",2005,1,90814157,154200,3862,5,2005,"Medium"
"1965","Fort Bend",2005,2,105857666,151200,4016,5.2,2005.08333333333,"High"
"1966","Fort Bend",2005,4,155338726,161300,4396,5.7,2005.25,"High"
"1967","Fort Bend",2005,5,204762471,163400,4423,5.6,2005.33333333333,"High"
"1968","Fort Bend",2005,6,218039329,167600,4458,5.5,2005.41666666667,"High"
"1969","Fort Bend",2005,7,212303039,166700,4348,5.3,2005.5,"High"
"1970","Fort Bend",2005,8,205811046,163500,4193,5.1,2005.58333333333,"High"
"1971","Fort Bend",2005,9,144454932,165100,4023,4.9,2005.66666666667,"High"
"1972","Fort Bend",2005,10,158034029,162100,3833,4.6,2005.75,"High"
"1973","Fort Bend",2005,11,137947237,158300,3596,4.3,2005.83333333333,"High"
"1974","Fort Bend",2006,1,107451495,163700,3485,4.1,2006,"High"
"1975","Fort Bend",2006,2,136074317,163800,3509,4.1,2006.08333333333,"High"
"1976","Fort Bend",2006,3,191084809,168500,3676,4.2,2006.16666666667,"High"
"1977","Fort Bend",2006,4,166805402,163200,3765,4.3,2006.25,"High"
"1978","Fort Bend",2006,5,223710514,172200,3744,4.3,2006.33333333333,"High"
"1979","Fort Bend",2006,6,257058221,176000,3938,4.4,2006.41666666667,"High"
"1980","Fort Bend",2006,7,232601872,182000,3996,4.5,2006.5,"High"
"1981","Fort Bend",2006,8,230930127,172300,4077,4.6,2006.58333333333,"High"
"1982","Fort Bend",2006,9,190738246,170800,4074,4.5,2006.66666666667,"High"
"1983","Fort Bend",2006,11,171533451,170700,4009,4.4,2006.83333333333,"High"
"1984","Fort Bend",2006,12,194106516,170800,3682,4,2006.91666666667,"High"
"1985","Fort Bend",2007,1,123987870,165800,3798,4.1,2007,"High"
"1986","Fort Bend",2007,3,199275967,167400,4211,4.5,2007.16666666667,"High"
"1987","Fort Bend",2007,5,239347868,181600,4555,4.9,2007.33333333333,"High"
"1988","Fort Bend",2007,6,269977921,187300,4717,5,2007.41666666667,"High"
"1989","Fort Bend",2007,7,242668952,185100,4749,5.1,2007.5,"High"
"1990","Fort Bend",2007,8,253697668,186600,4742,5,2007.58333333333,"High"
"1991","Fort Bend",2007,9,157280863,175300,4739,5.1,2007.66666666667,"High"
"1992","Fort Bend",2007,10,173857089,165100,4621,5,2007.75,"High"
"1993","Fort Bend",2007,11,155656207,177300,4446,4.9,2007.83333333333,"High"
"1994","Fort Bend",2007,12,180781790,179700,4295,4.8,2007.91666666667,"High"
"1995","Fort Bend",2008,1,108731310,171200,4453,5,2008,"High"
"1996","Fort Bend",2008,2,136477704,172900,4535,5.1,2008.08333333333,"High"
"1997","Fort Bend",2008,3,154881857,180400,4701,5.4,2008.16666666667,"High"
"1998","Fort Bend",2008,4,187041355,176700,4778,5.5,2008.25,"High"
"1999","Fort Bend",2008,5,213123230,183600,4792,5.6,2008.33333333333,"High"
"2000","Fort Bend",2008,7,234936814,191000,4779,5.7,2008.5,"High"
"2001","Fort Bend",2008,8,228231624,191900,4571,5.5,2008.58333333333,"High"
"2002","Fort Bend",2008,9,138175503,184400,4451,5.4,2008.66666666667,"High"
"2003","Fort Bend",2008,10,140577443,178600,4354,5.4,2008.75,"High"
"2004","Fort Bend",2008,11,109956160,175800,4091,5.2,2008.83333333333,"High"
"2005","Fort Bend",2008,12,171527708,189100,3715,4.7,2008.91666666667,"High"
"2006","Fort Bend",2009,1,87307623,159500,3676,4.7,2009,"Medium"
"2007","Fort Bend",2009,2,109518339,175100,3720,4.8,2009.08333333333,"High"
"2008","Fort Bend",2009,3,139202049,177700,3725,4.9,2009.16666666667,"High"
"2009","Fort Bend",2009,4,149054615,181800,3502,4.7,2009.25,"High"
"2010","Fort Bend",2009,5,192119064,195000,3454,4.7,2009.33333333333,"High"
"2011","Fort Bend",2009,6,217844650,198400,3481,4.8,2009.41666666667,"High"
"2012","Fort Bend",2009,8,207685824,201200,3467,4.8,2009.58333333333,"High"
"2013","Fort Bend",2009,9,180492768,189500,3426,4.7,2009.66666666667,"High"
"2014","Fort Bend",2009,10,169101207,178600,3418,4.6,2009.75,"High"
"2015","Fort Bend",2009,12,174240455,199300,3278,4.3,2009.91666666667,"High"
"2016","Fort Bend",2010,2,116171458,186300,3636,4.8,2010.08333333333,"Medium"
"2017","Fort Bend",2010,3,184130895,197100,3918,5.1,2010.16666666667,"High"
"2018","Fort Bend",2010,4,185874020,190700,3874,5,2010.25,"High"
"2019","Fort Bend",2010,5,212016398,191400,4292,5.5,2010.33333333333,"High"
"2020","Fort Bend",2010,6,217760515,212200,4686,6,2010.41666666667,"High"
"2021","Fort Bend",2010,7,190471512,205400,4827,6.3,2010.5,"High"
"2022","Fort Bend",2010,9,157302762,196300,4653,6.2,2010.66666666667,"High"
"2023","Fort Bend",2010,10,125675509,199600,4553,6.3,2010.75,"High"
"2024","Fort Bend",2010,11,128856913,205900,4424,6.2,2010.83333333333,"High"
"2025","Fort Bend",2010,12,174562329,200900,4251,6,2010.91666666667,"High"
"2026","Fort Bend",2011,2,124911370,185700,4242,5.9,2011.08333333333,"High"
"2027","Fort Bend",2011,3,171278873,204700,4487,6.3,2011.16666666667,"High"
"2028","Fort Bend",2011,4,160782802,184700,4564,6.5,2011.25,"High"
"2029","Fort Bend",2011,5,199584759,196200,4553,6.6,2011.33333333333,"High"
"2030","Fort Bend",2011,6,249402897,216700,4641,6.6,2011.41666666667,"High"
"2031","Fort Bend",2011,7,217655519,205300,4578,6.5,2011.5,"High"
"2032","Fort Bend",2011,10,139336606,194300,4018,5.4,2011.75,"High"
"2033","Fort Bend",2011,11,161108936,201100,3801,5,2011.83333333333,"High"
"2034","Fort Bend",2011,12,187971388,200900,3563,4.7,2011.91666666667,"High"
"2035","Fort Bend",2012,1,101104201,180000,3644,4.8,2012,"Medium"
"2036","Fort Bend",2012,2,150692171,192800,3634,4.7,2012.08333333333,"High"
"2037","Fort Bend",2012,3,193145347,202800,3728,4.8,2012.16666666667,"High"
"2038","Fort Bend",2012,4,210113365,209600,3855,4.9,2012.25,"High"
"2039","Fort Bend",2012,5,254522473,204400,3798,4.7,2012.33333333333,"High"
"2040","Fort Bend",2012,6,285942511,208200,3739,4.6,2012.41666666667,"High"
"2041","Fort Bend",2012,7,306937614,219600,3617,4.3,2012.5,"High"
"2042","Fort Bend",2012,8,283346930,201800,3423,3.9,2012.58333333333,"High"
"2043","Fort Bend",2012,9,193311073,202000,3182,3.6,2012.66666666667,"High"
"2044","Fort Bend",2012,10,211612143,208900,2980,3.3,2012.75,"High"
"2045","Fort Bend",2012,11,219278377,209800,2785,3.1,2012.83333333333,"High"
"2046","Fort Bend",2012,12,230169767,212900,2543,2.8,2012.91666666667,"High"
"2047","Fort Bend",2013,1,150241423,196700,2552,2.7,2013,"High"
"2048","Fort Bend",2013,2,169444247,199800,2591,2.8,2013.08333333333,"High"
"2049","Fort Bend",2013,3,242096961,217800,2424,2.5,2013.16666666667,"High"
"2050","Fort Bend",2013,4,297280059,233000,2328,2.4,2013.25,"High"
"2051","Fort Bend",2013,7,386489972,244000,2528,2.4,2013.5,"High"
"2052","Fort Bend",2013,8,376262240,239400,2451,2.3,2013.58333333333,"High"
"2053","Fort Bend",2013,9,301465695,234000,2442,2.3,2013.66666666667,"High"
"2054","Fort Bend",2013,10,266808748,230800,2356,2.2,2013.75,"High"
"2055","Fort Bend",2013,11,230245252,236300,2181,2,2013.83333333333,"High"
"2056","Fort Bend",2013,12,294989169,251500,1988,1.8,2013.91666666667,"High"
"2057","Fort Bend",2014,1,177415897,229500,2062,1.9,2014,"High"
"2058","Fort Bend",2014,2,210279563,240500,2074,1.9,2014.08333333333,"High"
"2059","Fort Bend",2014,3,291357757,257100,2208,2,2014.16666666667,"High"
"2060","Fort Bend",2014,4,311335675,261100,2248,2.1,2014.25,"High"
"2061","Fort Bend",2014,5,345904893,256600,2494,2.4,2014.33333333333,"High"
"2062","Fort Bend",2014,8,399806580,273500,2555,2.4,2014.58333333333,"High"
"2063","Fort Bend",2014,9,326662690,254100,2460,2.3,2014.66666666667,"High"
"2064","Fort Bend",2014,11,262151296,263300,2226,2.1,2014.83333333333,"High"
"2065","Fort Bend",2014,12,352285417,277300,2190,2,2014.91666666667,"High"
"2066","Fort Bend",2015,1,203621920,260300,2414,2.3,2015,"High"
"2067","Fort Bend",2015,3,324852823,276100,2565,2.4,2015.16666666667,"High"
"2068","Fort Bend",2015,4,319107435,270800,2742,2.6,2015.25,"High"
"2069","Fort Bend",2015,7,431875327,280400,3328,3.1,2015.5,"High"
"2070","Fort Worth",2000,1,33417427,79200,2170,4.2,2000,"Medium"
"2071","Fort Worth",2000,2,42978548,75000,2251,4.3,2000.08333333333,"Medium"
"2072","Fort Worth",2000,3,57458826,79300,2247,4.3,2000.16666666667,"High"
"2073","Fort Worth",2000,4,50344886,82900,2226,4.3,2000.25,"Medium"
"2074","Fort Worth",2000,5,67131123,81700,2193,4.2,2000.33333333333,"High"
"2075","Fort Worth",2000,6,70773279,85900,2212,4.2,2000.41666666667,"High"
"2076","Fort Worth",2000,7,57460916,85100,2362,4.5,2000.5,"High"
"2077","Fort Worth",2000,8,71524686,87600,2391,4.5,2000.58333333333,"High"
"2078","Fort Worth",2000,9,58065223,89000,2519,4.8,2000.66666666667,"Medium"
"2079","Fort Worth",2000,10,57992200,85300,2573,4.8,2000.75,"High"
"2080","Fort Worth",2000,11,56157896,88300,2468,4.6,2000.83333333333,"Medium"
"2081","Fort Worth",2000,12,49177284,85500,2248,4.2,2000.91666666667,"Medium"
"2082","Fort Worth",2001,1,38878030,78100,2424,4.5,2001,"Medium"
"2083","Fort Worth",2001,3,63260951,86000,2511,4.7,2001.16666666667,"High"
"2084","Fort Worth",2001,4,57613823,87300,2630,4.8,2001.25,"High"
"2085","Fort Worth",2001,5,72426354,92600,2700,4.9,2001.33333333333,"High"
"2086","Fort Worth",2001,6,81662074,96700,2807,5.1,2001.41666666667,"High"
"2087","Fort Worth",2001,7,72047979,93200,2871,5.2,2001.5,"High"
"2088","Fort Worth",2001,8,76165866,92000,2826,5,2001.58333333333,"High"
"2089","Fort Worth",2001,9,57133701,89600,2782,5,2001.66666666667,"High"
"2090","Fort Worth",2001,11,62368195,102100,2658,4.7,2001.83333333333,"Medium"
"2091","Fort Worth",2001,12,61800725,97700,2479,4.4,2001.91666666667,"Medium"
"2092","Fort Worth",2002,1,45958126,89400,2643,4.7,2002,"Medium"
"2093","Fort Worth",2002,3,69148134,95800,2829,5,2002.16666666667,"High"
"2094","Fort Worth",2002,4,75596818,95100,2929,5.1,2002.25,"High"
"2095","Fort Worth",2002,5,80965065,96800,3008,5.2,2002.33333333333,"High"
"2096","Fort Worth",2002,6,80835438,97600,3076,5.3,2002.41666666667,"High"
"2097","Fort Worth",2002,7,85046246,96800,3141,5.3,2002.5,"High"
"2098","Fort Worth",2002,8,81785711,97200,3241,5.5,2002.58333333333,"High"
"2099","Fort Worth",2002,9,65785590,92500,3286,5.5,2002.66666666667,"High"
"2100","Fort Worth",2002,10,67906844,95000,3251,5.4,2002.75,"High"
"2101","Fort Worth",2002,12,76050589,99700,2926,4.8,2002.91666666667,"High"
"2102","Fort Worth",2003,1,49212290,93200,3170,5.2,2003,"Medium"
"2103","Fort Worth",2003,2,57127853,98800,3159,5.2,2003.08333333333,"Medium"
"2104","Fort Worth",2003,3,75159286,95000,3387,5.5,2003.16666666667,"High"
"2105","Fort Worth",2003,4,74314758,94300,3518,5.7,2003.25,"High"
"2106","Fort Worth",2003,5,77590378,96800,3757,6.1,2003.33333333333,"High"
"2107","Fort Worth",2003,6,83671558,102300,4021,6.5,2003.41666666667,"High"
"2108","Fort Worth",2003,8,98176331,102300,4241,6.8,2003.58333333333,"High"
"2109","Fort Worth",2003,9,84769870,98300,4406,6.9,2003.66666666667,"High"
"2110","Fort Worth",2003,10,82100710,92600,4313,6.7,2003.75,"High"
"2111","Fort Worth",2003,11,67568396,102900,4221,6.6,2003.83333333333,"High"
"2112","Fort Worth",2003,12,83485458,102800,3918,6.1,2003.91666666667,"High"
"2113","Fort Worth",2004,1,48505749,90800,4068,6.3,2004,"Medium"
"2114","Fort Worth",2004,2,71408855,95900,4150,6.3,2004.08333333333,"High"
"2115","Fort Worth",2004,3,91094771,97100,4235,6.4,2004.16666666667,"High"
"2116","Fort Worth",2004,4,91542726,99100,4275,6.3,2004.25,"High"
"2117","Fort Worth",2004,5,102486522,103500,4445,6.5,2004.33333333333,"High"
"2118","Fort Worth",2004,6,112276460,109100,4479,6.4,2004.41666666667,"High"
"2119","Fort Worth",2004,7,107622675,107100,4651,6.5,2004.5,"High"
"2120","Fort Worth",2004,8,103373028,103400,4635,6.5,2004.58333333333,"High"
"2121","Fort Worth",2004,9,89184927,101100,4589,6.4,2004.66666666667,"High"
"2122","Fort Worth",2004,10,90502176,102900,4597,6.4,2004.75,"High"
"2123","Fort Worth",2004,11,90662913,102000,4457,6.1,2004.83333333333,"High"
"2124","Fort Worth",2004,12,101641142,104100,4327,5.8,2004.91666666667,"High"
"2125","Fort Worth",2005,1,62276332,100600,4785,6.4,2005,"Medium"
"2126","Fort Worth",2005,2,75955992,100900,4915,6.6,2005.08333333333,"High"
"2127","Fort Worth",2005,3,115990990,109500,5173,6.8,2005.16666666667,"High"
"2128","Fort Worth",2005,4,119538362,109900,5249,6.8,2005.25,"High"
"2129","Fort Worth",2005,6,149341658,114000,5207,6.5,2005.41666666667,"High"
"2130","Fort Worth",2005,7,133759524,115400,5355,6.6,2005.5,"High"
"2131","Fort Worth",2005,9,128949991,117700,5256,6.2,2005.66666666667,"High"
"2132","Fort Worth",2005,10,114262341,117000,5322,6.2,2005.75,"High"
"2133","Fort Worth",2006,1,81988837,113800,5230,5.9,2006,"High"
"2134","Fort Worth",2006,2,104635650,114700,5418,6.1,2006.08333333333,"High"
"2135","Fort Worth",2006,3,152751274,116600,5523,6,2006.16666666667,"High"
"2136","Fort Worth",2006,4,132340862,115500,5704,6.2,2006.25,"High"
"2137","Fort Worth",2006,7,146416296,117100,6281,6.6,2006.5,"High"
"2138","Fort Worth",2006,8,164368267,119200,6273,6.5,2006.58333333333,"High"
"2139","Fort Worth",2006,9,141701394,115800,6336,6.5,2006.66666666667,"High"
"2140","Fort Worth",2006,10,137084258,118000,6202,6.3,2006.75,"High"
"2141","Fort Worth",2006,11,126273432,119500,6139,6.2,2006.83333333333,"High"
"2142","Fort Worth",2007,1,92948336,109700,5837,5.8,2007,"High"
"2143","Fort Worth",2007,2,116016778,114000,6003,5.9,2007.08333333333,"High"
"2144","Fort Worth",2007,3,142120227,114500,6372,6.3,2007.16666666667,"High"
"2145","Fort Worth",2007,4,136296937,117800,6433,6.4,2007.25,"High"
"2146","Fort Worth",2007,5,168800115,123500,6454,6.4,2007.33333333333,"High"
"2147","Fort Worth",2007,7,170357642,124100,6499,6.5,2007.5,"High"
"2148","Fort Worth",2007,8,174447960,122200,6355,6.3,2007.58333333333,"High"
"2149","Fort Worth",2007,9,124486194,119500,6339,6.4,2007.66666666667,"High"
"2150","Fort Worth",2007,10,136771604,116800,6142,6.2,2007.75,"High"
"2151","Fort Worth",2007,12,111512957,119600,5509,5.7,2007.91666666667,"High"
"2152","Fort Worth",2008,1,76896552,113300,5555,5.8,2008,"High"
"2153","Fort Worth",2008,2,105521997,115700,5554,5.9,2008.08333333333,"High"
"2154","Fort Worth",2008,3,122290972,116300,5602,6.1,2008.16666666667,"High"
"2155","Fort Worth",2008,4,126866772,114700,5594,6.1,2008.25,"High"
"2156","Fort Worth",2008,5,159261424,123600,5478,6,2008.33333333333,"High"
"2157","Fort Worth",2008,6,151775938,120700,5418,6,2008.41666666667,"High"
"2158","Fort Worth",2008,8,133875254,120800,5252,6.1,2008.58333333333,"High"
"2159","Fort Worth",2008,9,120568362,116900,5120,5.9,2008.66666666667,"High"
"2160","Fort Worth",2008,10,104958741,111800,4934,5.8,2008.75,"High"
"2161","Fort Worth",2008,11,66767401,112300,4847,5.9,2008.83333333333,"Medium"
"2162","Fort Worth",2008,12,86466741,110200,4482,5.5,2008.91666666667,"High"
"2163","Fort Worth",2009,1,57891985,103900,4705,5.9,2009,"Medium"
"2164","Fort Worth",2009,2,68049065,109400,4803,6.2,2009.08333333333,"Medium"
"2165","Fort Worth",2009,3,94798133,109200,4872,6.4,2009.16666666667,"High"
"2166","Fort Worth",2009,5,108627820,112600,4849,6.6,2009.33333333333,"High"
"2167","Fort Worth",2009,6,119628767,119000,4563,6.4,2009.41666666667,"High"
"2168","Fort Worth",2009,7,124664768,118500,4607,6.5,2009.5,"High"
"2169","Fort Worth",2009,8,113858474,117800,4686,6.7,2009.58333333333,"High"
"2170","Fort Worth",2009,10,110990627,113100,4488,6.5,2009.75,"High"
"2171","Fort Worth",2009,11,109190883,115100,4472,6.3,2009.83333333333,"High"
"2172","Fort Worth",2009,12,85830555,111900,4386,6.2,2009.91666666667,"High"
"2173","Fort Worth",2010,1,56812981,103300,4551,6.4,2010,"Medium"
"2174","Fort Worth",2010,2,74125751,110100,4613,6.4,2010.08333333333,"High"
"2175","Fort Worth",2010,3,113624697,116800,4720,6.5,2010.16666666667,"High"
"2176","Fort Worth",2010,4,121954593,116000,4734,6.3,2010.25,"High"
"2177","Fort Worth",2010,5,135346826,119700,5019,6.6,2010.33333333333,"High"
"2178","Fort Worth",2010,6,127809784,114800,5246,6.9,2010.41666666667,"High"
"2179","Fort Worth",2010,7,86554948,114900,5413,7.3,2010.5,"High"
"2180","Fort Worth",2010,8,110981724,121400,5330,7.3,2010.58333333333,"High"
"2181","Fort Worth",2010,9,90680546,110100,5247,7.2,2010.66666666667,"High"
"2182","Fort Worth",2010,10,90101749,114500,5040,7.2,2010.75,"High"
"2183","Fort Worth",2010,11,85415348,107500,4859,7.1,2010.83333333333,"High"
"2184","Fort Worth",2010,12,90219575,119300,4639,6.8,2010.91666666667,"High"
"2185","Fort Worth",2011,1,59971598,105900,4611,6.7,2011,"Medium"
"2186","Fort Worth",2011,2,62529503,107600,4642,6.9,2011.08333333333,"Medium"
"2187","Fort Worth",2011,3,85586930,104400,4709,7.1,2011.16666666667,"High"
"2188","Fort Worth",2011,4,102286254,103000,4743,7.3,2011.25,"High"
"2189","Fort Worth",2011,6,131577775,112800,4586,7.1,2011.41666666667,"High"
"2190","Fort Worth",2011,7,102661069,110000,4471,6.8,2011.5,"High"
"2191","Fort Worth",2011,8,122486048,123200,4329,6.5,2011.58333333333,"High"
"2192","Fort Worth",2011,9,108576299,112900,4131,6.2,2011.66666666667,"High"
"2193","Fort Worth",2011,10,85475504,108100,4009,6,2011.75,"High"
"2194","Fort Worth",2011,11,80607508,107800,3844,5.7,2011.83333333333,"High"
"2195","Fort Worth",2011,12,92898048,111700,3490,5.2,2011.91666666667,"High"
"2196","Fort Worth",2012,1,64655463,106300,3484,5.1,2012,"Medium"
"2197","Fort Worth",2012,2,83605423,112700,3530,5.1,2012.08333333333,"High"
"2198","Fort Worth",2012,3,114500643,119100,3576,5.1,2012.16666666667,"High"
"2199","Fort Worth",2012,4,105555176,116300,3621,5.2,2012.25,"High"
"2200","Fort Worth",2012,5,139331172,121900,3614,5.1,2012.33333333333,"High"
"2201","Fort Worth",2012,7,138967713,124600,3712,5.2,2012.5,"High"
"2202","Fort Worth",2012,9,107948548,123300,3532,4.8,2012.66666666667,"High"
"2203","Fort Worth",2012,10,116861121,118900,3448,4.6,2012.75,"High"
"2204","Fort Worth",2012,11,97414312,120300,3298,4.4,2012.83333333333,"High"
"2205","Fort Worth",2012,12,113075969,119800,2988,3.9,2012.91666666667,"High"
"2206","Fort Worth",2013,1,84809655,113900,3029,4,2013,"High"
"2207","Fort Worth",2013,2,108901468,125200,2917,3.8,2013.08333333333,"High"
"2208","Fort Worth",2013,3,150492902,128700,2922,3.7,2013.16666666667,"High"
"2209","Fort Worth",2013,4,162859211,127200,2937,3.6,2013.25,"High"
"2210","Fort Worth",2013,6,166714703,135200,2988,3.6,2013.41666666667,"High"
"2211","Fort Worth",2013,8,188095093,137000,3217,3.7,2013.58333333333,"High"
"2212","Fort Worth",2013,10,145268140,134300,3093,3.5,2013.75,"High"
"2213","Fort Worth",2013,11,133574945,135400,2900,3.2,2013.83333333333,"High"
"2214","Fort Worth",2014,1,101348956,124100,2558,2.8,2014,"High"
"2215","Fort Worth",2014,2,117065194,131300,2544,2.8,2014.08333333333,"High"
"2216","Fort Worth",2014,3,149287696,135400,2446,2.7,2014.16666666667,"High"
"2217","Fort Worth",2014,4,180742528,140200,2572,2.8,2014.25,"High"
"2218","Fort Worth",2014,5,209920337,141800,2649,2.9,2014.33333333333,"High"
"2219","Fort Worth",2014,6,228470773,153700,2752,2.9,2014.41666666667,"High"
"2220","Fort Worth",2014,7,211751085,145700,2779,2.9,2014.5,"High"
"2221","Fort Worth",2014,8,210937992,148600,2741,2.9,2014.58333333333,"High"
"2222","Fort Worth",2014,9,175463693,141600,2690,2.8,2014.66666666667,"High"
"2223","Fort Worth",2014,12,176744278,151600,2096,2.1,2014.91666666667,"High"
"2224","Fort Worth",2015,1,112482636,143300,2089,2.1,2015,"High"
"2225","Fort Worth",2015,2,143046452,154800,2013,2.1,2015.08333333333,"High"
"2226","Fort Worth",2015,3,188331128,149500,1957,2,2015.16666666667,"High"
"2227","Galveston",2000,1,4555000,95000,636,9.1,2000,"Low"
"2228","Galveston",2000,2,7360000,1e+05,510,7.3,2000.08333333333,"Low"
"2229","Galveston",2000,3,9595000,98300,493,7.1,2000.16666666667,"Low"
"2230","Galveston",2000,5,10185000,89200,529,7.2,2000.33333333333,"Low"
"2231","Galveston",2000,6,13550000,108600,528,7.3,2000.41666666667,"Medium"
"2232","Galveston",2000,7,10870000,99000,505,7.1,2000.5,"Low"
"2233","Galveston",2000,8,12520000,96200,477,6.7,2000.58333333333,"Low"
"2234","Galveston",2000,9,7610000,104000,474,6.6,2000.66666666667,"Low"
"2235","Galveston",2000,10,11270000,118800,463,6.4,2000.75,"Low"
"2236","Galveston",2000,12,7135000,93000,455,6.3,2000.91666666667,"Low"
"2237","Galveston",2001,1,4220000,113300,448,6.3,2001,"Low"
"2238","Galveston",2001,2,9425000,127100,464,6.4,2001.08333333333,"Low"
"2239","Galveston",2001,3,9460000,132000,491,6.9,2001.16666666667,"Low"
"2240","Galveston",2003,1,4685000,95000,598,7.9,2003,"Low"
"2241","Galveston",2003,4,12110000,130000,708,10,2003.25,"Low"
"2242","Galveston",2003,6,14550000,143600,692,10.2,2003.41666666667,"Low"
"2243","Galveston",2003,8,15795000,131800,708,10,2003.58333333333,"Medium"
"2244","Galveston",2003,9,10390000,125000,721,9.9,2003.66666666667,"Low"
"2245","Galveston",2003,10,11455000,124000,664,9.1,2003.75,"Low"
"2246","Galveston",2003,12,11715000,120000,631,8.4,2003.91666666667,"Low"
"2247","Galveston",2004,1,6815000,124300,595,7.8,2004,"Low"
"2248","Galveston",2004,2,10475000,135000,776,10.1,2004.08333333333,"Low"
"2249","Galveston",2004,3,15735000,137500,695,8.7,2004.16666666667,"Low"
"2250","Galveston",2004,6,21975000,143000,700,8.1,2004.41666666667,"Medium"
"2251","Galveston",2004,8,19700000,124000,710,8,2004.58333333333,"Medium"
"2252","Galveston",2004,9,18620000,139200,698,7.6,2004.66666666667,"Medium"
"2253","Galveston",2004,10,17160000,147100,677,7.2,2004.75,"Low"
"2254","Galveston",2004,11,13750000,120000,668,7.2,2004.83333333333,"Low"
"2255","Galveston",2005,1,11115000,165000,697,7.4,2005,"Low"
"2256","Galveston",2005,2,16135000,144000,795,8.3,2005.08333333333,"Low"
"2257","Galveston",2005,3,14310000,106700,627,6.5,2005.16666666667,"Low"
"2258","Galveston",2005,4,31495000,162400,632,6.3,2005.25,"Medium"
"2259","Galveston",2005,5,28910000,157900,745,7.2,2005.33333333333,"Medium"
"2260","Galveston",2005,6,32340000,172900,748,7,2005.41666666667,"Medium"
"2261","Galveston",2006,1,10220000,172500,808,7.5,2006,"Low"
"2262","Galveston",2006,2,19405000,182000,789,7.3,2006.08333333333,"Low"
"2263","Galveston",2006,3,26815000,183800,1145,10.5,2006.16666666667,"Medium"
"2264","Galveston",2006,4,28030000,166900,1200,11.3,2006.25,"Medium"
"2265","Galveston",2006,5,34570000,177500,1309,12.3,2006.33333333333,"Medium"
"2266","Galveston",2006,6,28255000,171300,1002,9.7,2006.41666666667,"Medium"
"2267","Galveston",2006,7,21465000,163800,1361,13.5,2006.5,"Medium"
"2268","Galveston",2006,9,20045000,171000,1192,12.2,2006.66666666667,"Low"
"2269","Galveston",2006,10,20090000,180000,1595,16.1,2006.75,"Low"
"2270","Galveston",2006,11,11155000,165000,1368,14,2006.83333333333,"Low"
"2271","Galveston",2007,1,13500000,168000,1554,16,2007,"Low"
"2272","Galveston",2007,3,23605000,195000,1580,16.4,2007.16666666667,"Low"
"2273","Galveston",2007,4,21020000,163300,1726,18.3,2007.25,"Medium"
"2274","Galveston",2007,5,31350000,168000,1942,20.7,2007.33333333333,"Medium"
"2275","Galveston",2007,8,21480000,182200,1562,16.4,2007.58333333333,"Medium"
"2276","Galveston",2007,9,20855000,165000,1757,18.5,2007.66666666667,"Low"
"2277","Galveston",2007,10,20970000,192500,1668,17.6,2007.75,"Low"
"2278","Galveston",2007,11,16640000,176000,1600,16.6,2007.83333333333,"Low"
"2279","Galveston",2007,12,13470000,171400,1556,16.1,2007.91666666667,"Low"
"2280","Galveston",2008,2,18095000,170000,1395,14.7,2008.08333333333,"Low"
"2281","Galveston",2008,3,22175000,222200,1471,15.7,2008.16666666667,"Low"
"2282","Galveston",2008,4,20825000,176000,1652,17.8,2008.25,"Low"
"2283","Galveston",2008,5,27065000,180000,1560,17.3,2008.33333333333,"Medium"
"2284","Galveston",2008,6,32065000,205000,1688,18.7,2008.41666666667,"Medium"
"2285","Galveston",2009,1,4980000,91700,1105,14.8,2009,"Low"
"2286","Galveston",2009,3,7850000,97500,1133,16,2009.16666666667,"Low"
"2287","Galveston",2009,4,8175000,85000,1110,16.1,2009.25,"Low"
"2288","Galveston",2009,5,9660000,132000,1174,18.3,2009.33333333333,"Low"
"2289","Galveston",2009,7,15225000,150000,1158,19.7,2009.5,"Low"
"2290","Galveston",2009,8,11830000,138600,1199,21.9,2009.58333333333,"Low"
"2291","Galveston",2009,11,10447500,121400,1161,18.7,2009.83333333333,"Low"
"2292","Galveston",2009,12,8783900,125000,1011,16.1,2009.91666666667,"Low"
"2293","Galveston",2010,1,4470650,145000,1113,18.1,2010,"Low"
"2294","Galveston",2010,2,12826047,170000,1167,19.1,2010.08333333333,"Low"
"2295","Galveston",2010,3,18084844,145000,1432,22.8,2010.16666666667,"Low"
"2296","Galveston",2010,4,18197435,153300,1263,19.7,2010.25,"Low"
"2297","Galveston",2010,5,21252450,157000,1173,17.3,2010.33333333333,"Medium"
"2298","Galveston",2010,6,18372750,176700,1448,21.9,2010.41666666667,"Low"
"2299","Galveston",2010,7,20185238,187500,1463,22,2010.5,"Low"
"2300","Galveston",2010,8,19119412,180000,1273,18.8,2010.58333333333,"Low"
"2301","Galveston",2010,10,17027250,172200,1250,18,2010.75,"Low"
"2302","Galveston",2011,1,8882961,170000,1015,13.7,2011,"Low"
"2303","Galveston",2011,2,12988193,177500,1070,14.5,2011.08333333333,"Low"
"2304","Galveston",2011,4,21087100,186000,1140,15.4,2011.25,"Low"
"2305","Galveston",2011,5,19290460,171200,1006,13.7,2011.33333333333,"Low"
"2306","Galveston",2011,7,19497337,170000,1067,14.3,2011.5,"Low"
"2307","Galveston",2011,8,18783228,160000,978,12.9,2011.58333333333,"Medium"
"2308","Galveston",2011,9,15123508,174000,1149,15.1,2011.66666666667,"Low"
"2309","Galveston",2011,10,14988790,173300,1124,14.9,2011.75,"Low"
"2310","Galveston",2011,11,11460595,126700,1092,14.4,2011.83333333333,"Low"
"2311","Galveston",2012,1,5824300,122500,1004,13.3,2012,"Low"
"2312","Galveston",2012,2,16488616,186000,1013,13.2,2012.08333333333,"Low"
"2313","Galveston",2012,3,11964151,146700,1063,14,2012.16666666667,"Low"
"2314","Galveston",2012,4,16270250,153800,1008,13.4,2012.25,"Low"
"2315","Galveston",2012,5,25805865,182900,1002,12.8,2012.33333333333,"Medium"
"2316","Galveston",2012,7,17949647,152500,921,11.4,2012.5,"Medium"
"2317","Galveston",2012,9,13938950,172000,855,10.7,2012.66666666667,"Low"
"2318","Galveston",2012,10,16079510,186000,846,10.6,2012.75,"Low"
"2319","Galveston",2012,11,16602150,178600,835,10.3,2012.83333333333,"Low"
"2320","Galveston",2012,12,20053040,160000,767,9.4,2012.91666666667,"Low"
"2321","Galveston",2013,2,18034000,183300,842,10.2,2013.08333333333,"Low"
"2322","Galveston",2013,4,22056185,216700,877,10.5,2013.25,"Low"
"2323","Galveston",2013,5,28751616,202100,858,10.4,2013.33333333333,"Medium"
"2324","Galveston",2013,6,24816255,202800,847,10.4,2013.41666666667,"Low"
"2325","Galveston",2013,7,27186364,165000,830,10,2013.5,"Medium"
"2326","Galveston",2013,8,31677799,211200,820,9.6,2013.58333333333,"Medium"
"2327","Galveston",2013,10,17181440,156000,848,9.6,2013.75,"Low"
"2328","Galveston",2013,11,12378438,180000,789,9.1,2013.83333333333,"Low"
"2329","Galveston",2014,2,22095050,177500,774,8.9,2014.08333333333,"Medium"
"2330","Galveston",2014,4,27071871,173600,851,9.4,2014.25,"Medium"
"2331","Galveston",2014,5,39096743,229500,813,8.8,2014.33333333333,"Medium"
"2332","Galveston",2014,6,33884138,210400,756,7.9,2014.41666666667,"Medium"
"2333","Galveston",2014,7,33890559,196700,753,7.8,2014.5,"Medium"
"2334","Galveston",2014,9,24028885,188000,682,7.1,2014.66666666667,"Medium"
"2335","Galveston",2014,11,18214075,228600,628,6.4,2014.83333333333,"Low"
"2336","Galveston",2015,1,10840600,187500,575,5.8,2015,"Low"
"2337","Galveston",2015,2,15277270,205800,623,6.5,2015.08333333333,"Low"
"2338","Galveston",2015,3,26243125,203800,639,6.6,2015.16666666667,"Low"
"2339","Galveston",2015,4,25459053,187500,640,6.8,2015.25,"Low"
"2340","Galveston",2015,5,29295720,210700,647,7,2015.33333333333,"Medium"
"2341","Galveston",2015,6,27475690,206900,635,7,2015.41666666667,"Medium"
"2342","Garland",2000,1,13211361,85200,531,2.3,2000,"Medium"
"2343","Garland",2000,2,19476267,88600,494,2.1,2000.08333333333,"Medium"
"2344","Garland",2000,4,25212040,92200,439,1.8,2000.25,"Medium"
"2345","Garland",2000,5,30127104,95400,448,1.8,2000.33333333333,"Medium"
"2346","Garland",2000,6,30847197,92600,460,1.9,2000.41666666667,"Medium"
"2347","Garland",2000,7,28022295,94000,482,2,2000.5,"Medium"
"2348","Garland",2000,8,28925155,94100,458,1.9,2000.58333333333,"Medium"
"2349","Garland",2000,9,20628552,95500,479,2,2000.66666666667,"Medium"
"2350","Garland",2000,11,21070967,93700,430,1.8,2000.83333333333,"Medium"
"2351","Garland",2000,12,19032017,96600,411,1.7,2000.91666666667,"Medium"
"2352","Garland",2001,1,16566536,94200,466,2,2001,"Medium"
"2353","Garland",2001,4,26745976,101400,547,2.4,2001.25,"Medium"
"2354","Garland",2001,6,31764780,103800,646,2.8,2001.41666666667,"Medium"
"2355","Garland",2001,7,33036555,106200,691,3,2001.5,"Medium"
"2356","Garland",2001,8,31170273,106600,712,3.1,2001.58333333333,"Medium"
"2357","Garland",2001,9,28441418,106400,743,3.2,2001.66666666667,"Medium"
"2358","Garland",2001,11,25592002,104600,748,3.2,2001.83333333333,"Medium"
"2359","Garland",2001,12,24692007,109200,693,3,2001.91666666667,"Medium"
"2360","Garland",2002,2,21810392,103600,691,2.9,2002.08333333333,"Medium"
"2361","Garland",2002,3,28743809,105600,736,3.1,2002.16666666667,"Medium"
"2362","Garland",2002,4,27695434,107100,765,3.2,2002.25,"Medium"
"2363","Garland",2002,6,28199140,108500,895,3.9,2002.41666666667,"Medium"
"2364","Garland",2002,7,34447574,111300,972,4.2,2002.5,"Medium"
"2365","Garland",2002,8,32760406,113700,1011,4.4,2002.58333333333,"Medium"
"2366","Garland",2002,9,29862554,112500,1028,4.5,2002.66666666667,"Medium"
"2367","Garland",2002,10,26968544,110600,1021,4.4,2002.75,"Medium"
"2368","Garland",2002,11,26031424,111200,1013,4.4,2002.83333333333,"Medium"
"2369","Garland",2002,12,22302022,109800,978,4.3,2002.91666666667,"Medium"
"2370","Garland",2003,1,16880476,108700,1110,4.9,2003,"Medium"
"2371","Garland",2003,3,28112568,114200,1157,5.2,2003.16666666667,"Medium"
"2372","Garland",2003,4,25762326,112200,1187,5.4,2003.25,"Medium"
"2373","Garland",2003,5,34095219,110500,1232,5.5,2003.33333333333,"Medium"
"2374","Garland",2003,6,29097014,109600,1224,5.4,2003.41666666667,"Medium"
"2375","Garland",2003,7,31474962,114700,1283,5.8,2003.5,"Medium"
"2376","Garland",2003,8,33711426,112400,1241,5.5,2003.58333333333,"Medium"
"2377","Garland",2003,9,28506542,109500,1262,5.6,2003.66666666667,"Medium"
"2378","Garland",2003,10,26053870,106700,1260,5.6,2003.75,"Medium"
"2379","Garland",2003,11,21696913,107600,1232,5.6,2003.83333333333,"Medium"
"2380","Garland",2003,12,27392602,110100,1147,5.1,2003.91666666667,"Medium"
"2381","Garland",2004,1,16217188,108800,1165,5.2,2004,"Medium"
"2382","Garland",2004,5,30338952,108800,1297,5.6,2004.33333333333,"Medium"
"2383","Garland",2004,7,31862583,111800,1378,5.9,2004.5,"Medium"
"2384","Garland",2004,8,30166474,111000,1386,6,2004.58333333333,"Medium"
"2385","Garland",2004,10,26267995,107900,1308,5.7,2004.75,"Medium"
"2386","Garland",2004,11,24011450,109700,1214,5.3,2004.83333333333,"Medium"
"2387","Garland",2004,12,27733449,107100,1091,4.7,2004.91666666667,"Medium"
"2388","Garland",2005,1,14900928,101800,1137,4.9,2005,"Medium"
"2389","Garland",2005,2,19903304,110500,1156,5.1,2005.08333333333,"Medium"
"2390","Garland",2005,3,30262772,108900,1239,5.5,2005.16666666667,"Medium"
"2391","Garland",2005,4,29831503,109100,1259,5.5,2005.25,"Medium"
"2392","Garland",2005,5,27870932,107400,1258,5.6,2005.33333333333,"Medium"
"2393","Garland",2005,6,32505698,112100,1282,5.7,2005.41666666667,"Medium"
"2394","Garland",2005,9,27987863,113500,1277,5.6,2005.66666666667,"Medium"
"2395","Garland",2005,11,23482216,113500,1233,5.4,2005.83333333333,"Medium"
"2396","Garland",2005,12,22671771,107800,1188,5.3,2005.91666666667,"Medium"
"2397","Garland",2006,1,16689261,105900,1280,5.7,2006,"Medium"
"2398","Garland",2006,3,27278118,107900,1337,6,2006.16666666667,"Medium"
"2399","Garland",2006,5,34382686,115300,1407,6.2,2006.33333333333,"Medium"
"2400","Garland",2006,8,32944212,111700,1422,6.3,2006.58333333333,"Medium"
"2401","Garland",2006,9,29356316,110500,1412,6.2,2006.66666666667,"Medium"
"2402","Garland",2006,10,32073353,109600,1323,5.8,2006.75,"Medium"
"2403","Garland",2006,11,27132456,109000,1289,5.6,2006.83333333333,"Medium"
"2404","Garland",2007,1,17071934,110500,1297,5.6,2007,"Medium"
"2405","Garland",2007,4,26275230,108700,1518,6.7,2007.25,"Medium"
"2406","Garland",2007,5,35405310,113500,1457,6.4,2007.33333333333,"Medium"
"2407","Garland",2007,8,28412005,109000,1408,6.3,2007.58333333333,"Medium"
"2408","Garland",2007,9,18040082,105900,1379,6.4,2007.66666666667,"Medium"
"2409","Garland",2007,10,20784576,104800,1304,6.2,2007.75,"Medium"
"2410","Garland",2007,11,22697297,96900,1266,6.1,2007.83333333333,"Medium"
"2411","Garland",2007,12,18910881,101200,1109,5.4,2007.91666666667,"Medium"
"2412","Garland",2008,3,20717436,104400,1102,5.5,2008.16666666667,"Medium"
"2413","Garland",2008,4,24010185,102600,1092,5.5,2008.25,"Medium"
"2414","Garland",2008,5,22990690,100600,1098,5.7,2008.33333333333,"Medium"
"2415","Garland",2008,6,21171016,103300,1122,6,2008.41666666667,"Medium"
"2416","Garland",2008,7,21402746,106800,1102,6.1,2008.5,"Medium"
"2417","Garland",2008,8,24272891,99800,1055,5.9,2008.58333333333,"Medium"
"2418","Garland",2008,9,19825787,103300,1005,5.6,2008.66666666667,"Medium"
"2419","Garland",2008,11,13009553,96400,942,5.5,2008.83333333333,"Medium"
"2420","Garland",2009,1,11902212,97500,859,5.2,2009,"Medium"
"2421","Garland",2009,2,18233931,100600,871,5.3,2009.08333333333,"Medium"
"2422","Garland",2009,3,15833482,91100,842,5.2,2009.16666666667,"Medium"
"2423","Garland",2009,5,17949571,104200,861,5.5,2009.33333333333,"Medium"
"2424","Garland",2009,6,24003777,111500,726,4.7,2009.41666666667,"Medium"
"2425","Garland",2009,8,19731570,106500,712,4.7,2009.58333333333,"Medium"
"2426","Garland",2009,9,19203835,103100,712,4.7,2009.66666666667,"Medium"
"2427","Garland",2009,10,19821976,102200,710,4.6,2009.75,"Medium"
"2428","Garland",2009,11,21737619,107100,714,4.5,2009.83333333333,"Medium"
"2429","Garland",2009,12,14093556,97800,705,4.4,2009.91666666667,"Medium"
"2430","Garland",2010,1,9545740,85000,752,4.7,2010,"Medium"
"2431","Garland",2010,2,13600188,93000,825,5.3,2010.08333333333,"Medium"
"2432","Garland",2010,4,27492406,109400,809,4.9,2010.25,"Medium"
"2433","Garland",2010,5,23228369,99500,824,4.9,2010.33333333333,"Medium"
"2434","Garland",2010,6,22229676,102900,918,5.5,2010.41666666667,"Medium"
"2435","Garland",2010,7,13528080,97500,978,6,2010.5,"Medium"
"2436","Garland",2010,8,14169860,94400,990,6.2,2010.58333333333,"Medium"
"2437","Garland",2010,9,17505580,97300,1023,6.5,2010.66666666667,"Medium"
"2438","Garland",2010,10,12568308,91800,956,6.3,2010.75,"Medium"
"2439","Garland",2010,11,11220556,90000,889,6.1,2010.83333333333,"Medium"
"2440","Garland",2010,12,11689491,84300,871,6.1,2010.91666666667,"Medium"
"2441","Garland",2011,1,9475788,95900,847,6,2011,"Low"
"2442","Garland",2011,2,10639314,87200,867,6.2,2011.08333333333,"Medium"
"2443","Garland",2011,3,13783069,80900,861,6.3,2011.16666666667,"Medium"
"2444","Garland",2011,4,15499612,90000,863,6.6,2011.25,"Medium"
"2445","Garland",2011,5,20006128,93000,820,6.4,2011.33333333333,"Medium"
"2446","Garland",2011,6,18286856,95900,805,6.3,2011.41666666667,"Medium"
"2447","Garland",2011,8,16673418,86200,720,5.3,2011.58333333333,"Medium"
"2448","Garland",2011,9,14522385,95900,693,5.2,2011.66666666667,"Medium"
"2449","Garland",2011,10,12132590,89000,626,4.7,2011.75,"Medium"
"2450","Garland",2012,1,9335840,85000,550,4,2012,"Medium"
"2451","Garland",2012,2,14074712,90000,532,3.8,2012.08333333333,"Medium"
"2452","Garland",2012,3,15216700,92100,515,3.6,2012.16666666667,"Medium"
"2453","Garland",2012,4,18040115,95000,532,3.7,2012.25,"Medium"
"2454","Garland",2012,5,22148682,93700,494,3.4,2012.33333333333,"Medium"
"2455","Garland",2012,6,20433954,1e+05,492,3.4,2012.41666666667,"Medium"
"2456","Garland",2012,7,21780530,101300,500,3.4,2012.5,"Medium"
"2457","Garland",2012,8,21187848,104800,487,3.3,2012.58333333333,"Medium"
"2458","Garland",2012,9,16694522,105800,468,3.1,2012.66666666667,"Medium"
"2459","Garland",2012,10,16756654,95400,463,3,2012.75,"Medium"
"2460","Garland",2012,11,15977478,110000,416,2.7,2012.83333333333,"Medium"
"2461","Garland",2012,12,18857592,111000,371,2.4,2012.91666666667,"Medium"
"2462","Garland",2013,1,14855296,99000,366,2.3,2013,"Medium"
"2463","Garland",2013,2,16539257,109500,326,2.1,2013.08333333333,"Medium"
"2464","Garland",2013,3,24566560,117100,316,2,2013.16666666667,"Medium"
"2465","Garland",2013,4,22363005,113500,310,1.9,2013.25,"Medium"
"2466","Garland",2013,5,23804280,108600,323,2,2013.33333333333,"Medium"
"2467","Garland",2013,7,30879834,128100,336,2.1,2013.5,"Medium"
"2468","Garland",2013,8,27222542,118100,336,2,2013.58333333333,"Medium"
"2469","Garland",2013,9,19885197,116700,317,1.9,2013.66666666667,"Medium"
"2470","Garland",2013,10,21388717,116800,321,1.9,2013.75,"Medium"
"2471","Garland",2013,12,18473472,121500,281,1.7,2013.91666666667,"Medium"
"2472","Garland",2014,2,15400143,111200,286,1.8,2014.08333333333,"Medium"
"2473","Garland",2014,4,30769248,130600,265,1.6,2014.25,"Medium"
"2474","Garland",2014,5,26009184,129300,306,1.9,2014.33333333333,"Medium"
"2475","Garland",2014,6,32523884,134600,295,1.8,2014.41666666667,"Medium"
"2476","Garland",2014,7,33060828,135900,295,1.8,2014.5,"Medium"
"2477","Garland",2014,8,31682214,132600,293,1.8,2014.58333333333,"Medium"
"2478","Garland",2014,9,27637677,137100,293,1.7,2014.66666666667,"Medium"
"2479","Garland",2014,10,28651602,136300,234,1.4,2014.75,"Medium"
"2480","Garland",2014,11,24398343,135600,227,1.3,2014.83333333333,"Medium"
"2481","Garland",2014,12,22839685,129700,212,1.2,2014.91666666667,"Medium"
"2482","Garland",2015,1,17591250,135800,198,1.1,2015,"Medium"
"2483","Garland",2015,2,19955972,141400,147,0.8,2015.08333333333,"Medium"
"2484","Garland",2015,3,25582593,135900,146,0.8,2015.16666666667,"Medium"
"2485","Garland",2015,4,24616400,141000,170,1,2015.25,"Medium"
"2486","Garland",2015,5,32018011,151000,177,1,2015.33333333333,"Medium"
"2487","Garland",2015,6,35772714,154800,208,1.2,2015.41666666667,"Medium"
"2488","Harlingen",2000,2,3435000,83800,699,26,2000.08333333333,"Low"
"2489","Harlingen",2000,4,2240000,81700,682,27.3,2000.25,"Low"
"2490","Harlingen",2000,5,2350000,67500,650,26.2,2000.33333333333,"Low"
"2491","Harlingen",2000,7,1110000,87500,719,30.8,2000.5,"Low"
"2492","Harlingen",2000,8,3125000,63300,850,35.8,2000.58333333333,"Low"
"2493","Harlingen",2000,10,3655000,90800,832,34.2,2000.75,"Low"
"2494","Harlingen",2000,12,1605000,75000,811,31.6,2000.91666666667,"Low"
"2495","Harlingen",2001,1,1695000,78300,801,32.3,2001,"Low"
"2496","Harlingen",2001,2,1770000,90000,781,33.4,2001.08333333333,"Low"
"2497","Harlingen",2001,3,835000,50000,822,36.1,2001.16666666667,"Low"
"2498","Harlingen",2001,5,2755000,93800,718,32.3,2001.33333333333,"Low"
"2499","Harlingen",2001,7,2585000,78000,829,33.8,2001.5,"Low"
"2500","Harlingen",2001,10,3120000,69200,876,34.9,2001.75,"Low"
"2501","Harlingen",2001,11,1500000,75000,950,39.7,2001.83333333333,"Low"
"2502","Harlingen",2001,12,2235000,75000,801,32.5,2001.91666666667,"Low"
"2503","Harlingen",2002,3,2195000,68300,1055,34.7,2002.16666666667,"Low"
"2504","Harlingen",2002,5,3475000,77500,1180,37.5,2002.33333333333,"Low"
"2505","Harlingen",2002,7,2635000,67000,1167,34.4,2002.5,"Low"
"2506","Harlingen",2004,2,5820000,82000,507,8.3,2004.08333333333,"Low"
"2507","Harlingen",2004,3,6520000,77500,520,8.4,2004.16666666667,"Low"
"2508","Harlingen",2004,7,5805000,75000,562,8.3,2004.5,"Low"
"2509","Harlingen",2004,8,7890000,85600,565,8.1,2004.58333333333,"Low"
"2510","Harlingen",2004,9,3830000,71700,542,8.1,2004.66666666667,"Low"
"2511","Harlingen",2004,10,7470000,84200,453,6.8,2004.75,"Low"
"2512","Harlingen",2005,1,5585000,79200,601,9,2005,"Low"
"2513","Harlingen",2005,3,8115000,84000,672,9.9,2005.16666666667,"Low"
"2514","Harlingen",2005,5,7455000,81000,622,9.2,2005.33333333333,"Low"
"2515","Harlingen",2006,12,8740000,93300,846,10.4,2006.91666666667,"Low"
"2516","Harlingen",2007,2,8305000,110000,796,10,2007.08333333333,"Low"
"2517","Harlingen",2007,7,10065000,90000,1800,19.8,2007.5,"Low"
"2518","Harlingen",2008,5,14225000,100800,1997,20.1,2008.33333333333,"Medium"
"2519","Harlingen",2008,7,7145000,83600,198,2,2008.5,"Low"
"2520","Harlingen",2008,9,7725000,88000,1997,21.5,2008.66666666667,"Low"
"2521","Harlingen",2008,10,9880000,87200,2100,22.5,2008.75,"Low"
"2522","Harlingen",2008,11,7865000,87500,2040,21.9,2008.83333333333,"Low"
"2523","Harlingen",2008,12,7005000,98000,1871,20.7,2008.91666666667,"Low"
"2524","Harlingen",2009,1,4485000,86700,1889,21.6,2009,"Low"
"2525","Harlingen",2009,2,5735000,83600,2028,23.9,2009.08333333333,"Low"
"2526","Harlingen",2009,3,6280000,81700,1944,23.8,2009.16666666667,"Low"
"2527","Harlingen",2009,4,7910000,86200,1988,25.6,2009.25,"Low"
"2528","Harlingen",2009,5,7940000,80600,1987,26.4,2009.33333333333,"Low"
"2529","Harlingen",2009,6,7220000,87000,2004,28.1,2009.41666666667,"Low"
"2530","Harlingen",2009,7,8930000,95000,2081,28.7,2009.5,"Low"
"2531","Harlingen",2009,8,9555000,94200,2041,28,2009.58333333333,"Low"
"2532","Harlingen",2009,9,7615000,76000,2013,27.6,2009.66666666667,"Low"
"2533","Harlingen",2009,10,8420735,89100,2229,31.1,2009.75,"Low"
"2534","Harlingen",2009,11,9476857,81500,2198,30.4,2009.83333333333,"Low"
"2535","Harlingen",2009,12,8073233,87700,2091,28.4,2009.91666666667,"Low"
"2536","Harlingen",2010,1,8149951,85000,2133,28.3,2010,"Low"
"2537","Harlingen",2010,4,8467838,75000,2074,26.5,2010.25,"Low"
"2538","Harlingen",2010,5,10657130,105700,2048,26.3,2010.33333333333,"Low"
"2539","Harlingen",2010,7,7700522,78800,1970,25.5,2010.5,"Low"
"2540","Harlingen",2010,8,7491692,96700,1976,26.2,2010.58333333333,"Low"
"2541","Harlingen",2010,11,7422808,82000,1931,26.6,2010.83333333333,"Low"
"2542","Harlingen",2011,3,10077537,77200,1984,27.9,2011.16666666667,"Low"
"2543","Harlingen",2011,5,9460431,92500,1770,26.1,2011.33333333333,"Low"
"2544","Harlingen",2011,6,11742352,97900,1631,23.3,2011.41666666667,"Low"
"2545","Harlingen",2011,7,7869049,88300,1642,23.6,2011.5,"Low"
"2546","Harlingen",2011,9,8477454,87500,1688,24.4,2011.66666666667,"Low"
"2547","Harlingen",2011,10,6719709,90000,1678,24.1,2011.75,"Low"
"2548","Harlingen",2011,11,10517680,1e+05,1722,24.6,2011.83333333333,"Low"
"2549","Harlingen",2012,1,6962567,85600,1707,24.7,2012,"Low"
"2550","Harlingen",2012,2,6908749,103300,1697,24.6,2012.08333333333,"Low"
"2551","Harlingen",2012,4,9329762,87000,1675,22.9,2012.25,"Low"
"2552","Harlingen",2012,5,12174581,85000,1649,22.3,2012.33333333333,"Medium"
"2553","Harlingen",2012,6,7430810,69400,1660,22.7,2012.41666666667,"Low"
"2554","Harlingen",2012,7,7339298,85000,1630,22.3,2012.5,"Low"
"2555","Harlingen",2012,8,12333934,96700,1641,21.7,2012.58333333333,"Medium"
"2556","Harlingen",2012,9,7441686,1e+05,1555,20.7,2012.66666666667,"Low"
"2557","Harlingen",2012,10,9300082,106000,1588,21.2,2012.75,"Low"
"2558","Harlingen",2012,11,5412906,103300,1635,22.4,2012.83333333333,"Low"
"2559","Harlingen",2012,12,7774114,104300,1530,20.9,2012.91666666667,"Low"
"2560","Harlingen",2013,3,8068397,91200,1631,23,2013.16666666667,"Low"
"2561","Harlingen",2013,4,10303580,87300,1650,23.1,2013.25,"Low"
"2562","Harlingen",2013,5,9065030,96700,1655,23.8,2013.33333333333,"Low"
"2563","Harlingen",2013,6,7761227,85800,1651,24.2,2013.41666666667,"Low"
"2564","Harlingen",2013,7,7605244,76700,1565,22.9,2013.5,"Low"
"2565","Harlingen",2013,8,9841371,98600,1557,23.7,2013.58333333333,"Low"
"2566","Harlingen",2013,10,7846651,89000,1629,24.8,2013.75,"Low"
"2567","Harlingen",2013,11,6173479,110000,1647,24.9,2013.83333333333,"Low"
"2568","Harlingen",2013,12,7278612,81400,1510,22.5,2013.91666666667,"Low"
"2569","Harlingen",2014,1,7504046,93300,1583,22.8,2014,"Low"
"2570","Harlingen",2014,2,8707400,107500,1574,22.7,2014.08333333333,"Low"
"2571","Harlingen",2014,3,8813910,97900,1597,23.1,2014.16666666667,"Low"
"2572","Harlingen",2014,4,11837202,109000,1570,22.7,2014.25,"Low"
"2573","Harlingen",2014,5,12023200,105000,1620,22.8,2014.33333333333,"Medium"
"2574","Harlingen",2014,6,11983650,99000,1521,20.6,2014.41666666667,"Medium"
"2575","Harlingen",2014,7,10967826,93300,1557,20.3,2014.5,"Medium"
"2576","Harlingen",2014,9,8648102,110000,1678,21.5,2014.66666666667,"Low"
"2577","Harlingen",2014,10,12365807,98000,1682,21,2014.75,"Low"
"2578","Harlingen",2014,11,8407329,94200,1667,20.4,2014.83333333333,"Low"
"2579","Harlingen",2014,12,13124926,117300,1540,18.5,2014.91666666667,"Low"
"2580","Harlingen",2015,1,7534098,85000,1560,18.7,2015,"Low"
"2581","Harlingen",2015,2,9495365,106000,1605,19.2,2015.08333333333,"Low"
"2582","Harlingen",2015,3,10750393,109200,1642,19.1,2015.16666666667,"Medium"
"2583","Harlingen",2015,5,9264490,95800,1664,19.3,2015.33333333333,"Low"
"2584","Harlingen",2015,7,17673195,114000,1690,19.3,2015.5,"Medium"
"2585","Houston",2000,1,381805283,102500,16768,3.9,2000,"High"
"2586","Houston",2000,3,709112659,109500,17058,3.9,2000.16666666667,"High"
"2587","Houston",2000,4,649712779,110800,17716,4.1,2000.25,"High"
"2588","Houston",2000,5,809459231,112700,18461,4.2,2000.33333333333,"High"
"2589","Houston",2000,6,887396592,117900,18959,4.3,2000.41666666667,"High"
"2590","Houston",2000,7,770284031,118300,19391,4.4,2000.5,"High"
"2591","Houston",2000,8,800032008,114600,19534,4.5,2000.58333333333,"High"
"2592","Houston",2000,9,671716256,115900,19558,4.5,2000.66666666667,"High"
"2593","Houston",2000,10,621419904,112400,19752,4.5,2000.75,"High"
"2594","Houston",2000,12,632500396,119300,18296,4.2,2000.91666666667,"High"
"2595","Houston",2001,2,538463336,114400,19628,4.5,2001.08333333333,"High"
"2596","Houston",2001,3,739260418,116300,20487,4.7,2001.16666666667,"High"
"2597","Houston",2001,4,749626772,122300,21307,4.9,2001.25,"High"
"2598","Houston",2001,5,856531025,122500,21713,4.9,2001.33333333333,"High"
"2599","Houston",2001,7,903061633,127500,21791,4.9,2001.5,"High"
"2600","Houston",2001,8,883998928,124200,21871,4.9,2001.58333333333,"High"
"2601","Houston",2001,10,618193358,117100,21988,4.9,2001.75,"High"
"2602","Houston",2001,12,709005372,128300,20029,4.5,2001.91666666667,"High"
"2603","Houston",2002,1,510956444,119300,20898,4.6,2002,"High"
"2604","Houston",2002,2,611515214,124900,21140,4.6,2002.08333333333,"High"
"2605","Houston",2002,3,774677516,127600,21594,4.7,2002.16666666667,"High"
"2606","Houston",2002,4,847671964,128100,22543,4.9,2002.25,"High"
"2607","Houston",2002,5,955681791,130200,23439,5.1,2002.33333333333,"High"
"2608","Houston",2002,6,958205193,133300,24637,5.3,2002.41666666667,"High"
"2609","Houston",2002,7,966135006,132000,25643,5.5,2002.5,"High"
"2610","Houston",2002,8,875626270,130900,26281,5.7,2002.58333333333,"High"
"2611","Houston",2002,9,760325539,131100,26508,5.7,2002.66666666667,"High"
"2612","Houston",2002,10,737965003,127100,26838,5.7,2002.75,"High"
"2613","Houston",2002,11,638104662,130400,26519,5.7,2002.83333333333,"High"
"2614","Houston",2002,12,849532065,136600,25537,5.4,2002.91666666667,"High"
"2615","Houston",2003,1,541782996,126800,27004,5.7,2003,"High"
"2616","Houston",2003,3,783543888,129400,28199,6,2003.16666666667,"High"
"2617","Houston",2003,4,820501550,131900,28823,6.1,2003.25,"High"
"2618","Houston",2003,6,1056245238,138300,30818,6.5,2003.41666666667,"High"
"2619","Houston",2003,7,1119016580,141500,31412,6.5,2003.5,"High"
"2620","Houston",2003,8,1028829788,136900,31247,6.4,2003.58333333333,"High"
"2621","Houston",2003,9,908966745,132600,31660,6.4,2003.66666666667,"High"
"2622","Houston",2003,12,993712106,134800,28845,5.7,2003.91666666667,"High"
"2623","Houston",2004,2,728216739,130500,31021,6.1,2004.08333333333,"High"
"2624","Houston",2004,3,965503448,130500,32625,6.3,2004.16666666667,"High"
"2625","Houston",2004,4,1041248728,134300,33720,6.4,2004.25,"High"
"2626","Houston",2004,5,1103057472,136900,34589,6.5,2004.33333333333,"High"
"2627","Houston",2004,6,1303781778,141400,35039,6.5,2004.41666666667,"High"
"2628","Houston",2004,7,1154131493,135900,35565,6.6,2004.5,"High"
"2629","Houston",2004,8,1119568769,135900,35509,6.5,2004.58333333333,"High"
"2630","Houston",2004,9,983442963,134000,35499,6.5,2004.66666666667,"High"
"2631","Houston",2004,10,898185035,131900,35390,6.5,2004.75,"High"
"2632","Houston",2004,11,844153374,131800,34338,6.2,2004.83333333333,"High"
"2633","Houston",2004,12,1084532175,137800,32291,5.8,2004.91666666667,"High"
"2634","Houston",2005,3,1064201491,136200,35353,6.3,2005.16666666667,"High"
"2635","Houston",2005,4,1133186288,136700,36439,6.4,2005.25,"High"
"2636","Houston",2005,5,1329864173,142200,37109,6.5,2005.33333333333,"High"
"2637","Houston",2005,6,1420009610,144800,37470,6.5,2005.41666666667,"High"
"2638","Houston",2005,7,1360003590,144300,37481,6.4,2005.5,"High"
"2639","Houston",2005,8,1386229065,143400,37099,6.3,2005.58333333333,"High"
"2640","Houston",2005,9,1046392311,144100,35905,6.1,2005.66666666667,"High"
"2641","Houston",2005,11,1007611239,144400,34296,5.7,2005.83333333333,"High"
"2642","Houston",2005,12,1258397591,147700,32147,5.3,2005.91666666667,"High"
"2643","Houston",2006,2,1006142279,142600,33373,5.4,2006.08333333333,"High"
"2644","Houston",2006,3,1393190762,142300,34364,5.5,2006.16666666667,"High"
"2645","Houston",2006,4,1244307093,145300,34786,5.5,2006.25,"High"
"2646","Houston",2006,5,1602621368,151200,35398,5.5,2006.33333333333,"High"
"2647","Houston",2006,8,1535797377,151400,37588,5.7,2006.58333333333,"High"
"2648","Houston",2006,9,1299808129,149400,37683,5.7,2006.66666666667,"High"
"2649","Houston",2006,10,1175035976,144900,37670,5.7,2006.75,"High"
"2650","Houston",2006,11,1137231248,146800,36990,5.5,2006.83333333333,"High"
"2651","Houston",2007,1,829875082,141500,35809,5.3,2007,"High"
"2652","Houston",2007,3,1371736948,151500,38552,5.7,2007.16666666667,"High"
"2653","Houston",2007,5,1662459290,154200,41864,6.2,2007.33333333333,"High"
"2654","Houston",2007,7,1559002866,154800,42919,6.4,2007.5,"High"
"2655","Houston",2007,8,1651039958,157300,43107,6.4,2007.58333333333,"High"
"2656","Houston",2007,10,1143651372,146500,42332,6.4,2007.75,"High"
"2657","Houston",2007,11,1098384062,148900,41069,6.3,2007.83333333333,"High"
"2658","Houston",2007,12,1207940109,154700,39100,6,2007.91666666667,"High"
"2659","Houston",2008,1,766263358,139500,39790,6.2,2008,"High"
"2660","Houston",2008,2,1013275596,151000,40104,6.3,2008.08333333333,"High"
"2661","Houston",2008,4,1230287377,150300,41214,6.6,2008.25,"High"
"2662","Houston",2008,5,1429360550,155800,41318,6.7,2008.33333333333,"High"
"2663","Houston",2008,6,1560573868,160100,41474,6.8,2008.41666666667,"High"
"2664","Houston",2008,7,1475562246,159900,41038,6.8,2008.5,"High"
"2665","Houston",2008,8,1375038936,158900,39203,6.7,2008.58333333333,"High"
"2666","Houston",2008,9,838147532,155300,37623,6.6,2008.66666666667,"High"
"2667","Houston",2008,10,900418006,141900,36308,6.4,2008.75,"High"
"2668","Houston",2008,11,690511609,137500,34493,6.3,2008.83333333333,"High"
"2669","Houston",2008,12,942586753,145200,31637,5.8,2008.91666666667,"High"
"2670","Houston",2009,1,512465082,130900,31654,5.9,2009,"High"
"2671","Houston",2009,2,677290700,137800,31999,6.1,2009.08333333333,"High"
"2672","Houston",2009,3,906519341,145500,32462,6.3,2009.16666666667,"High"
"2673","Houston",2009,4,883272862,149000,31772,6.3,2009.25,"High"
"2674","Houston",2009,5,1086192654,155800,31649,6.4,2009.33333333333,"High"
"2675","Houston",2009,6,1302481023,163400,32247,6.7,2009.41666666667,"High"
"2676","Houston",2009,7,1360027881,161300,32643,6.8,2009.5,"High"
"2677","Houston",2009,8,1143676294,158900,32108,6.8,2009.58333333333,"High"
"2678","Houston",2009,9,1068598207,155000,31579,6.5,2009.66666666667,"High"
"2679","Houston",2009,10,1055633161,147600,31378,6.4,2009.75,"High"
"2680","Houston",2009,11,989179001,150300,31384,6.3,2009.83333333333,"High"
"2681","Houston",2009,12,1050628808,151200,29964,6,2009.91666666667,"High"
"2682","Houston",2010,1,544338012,142300,31581,6.3,2010,"High"
"2683","Houston",2010,2,731357757,146500,32695,6.6,2010.08333333333,"High"
"2684","Houston",2010,3,1116539769,152300,34880,6.9,2010.16666666667,"High"
"2685","Houston",2010,5,1289709166,152500,36724,7,2010.33333333333,"High"
"2686","Houston",2010,6,1324315238,156800,39303,7.5,2010.41666666667,"High"
"2687","Houston",2010,7,1028687548,157100,40409,7.9,2010.5,"High"
"2688","Houston",2010,9,915074585,153200,39159,7.9,2010.66666666667,"High"
"2689","Houston",2010,10,824541611,148400,38114,7.9,2010.75,"High"
"2690","Houston",2010,11,842238262,150100,37031,7.8,2010.83333333333,"High"
"2691","Houston",2010,12,1028424811,157500,34971,7.4,2010.91666666667,"High"
"2692","Houston",2011,1,601936109,136500,35263,7.4,2011,"High"
"2693","Houston",2011,2,754302095,150900,35521,7.5,2011.08333333333,"High"
"2694","Houston",2011,3,1070346087,148500,36556,7.7,2011.16666666667,"High"
"2695","Houston",2011,4,1030866672,148800,37134,8,2011.25,"High"
"2696","Houston",2011,5,1173109967,154400,37182,8.1,2011.33333333333,"High"
"2697","Houston",2011,6,1375914670,159800,36929,8,2011.41666666667,"High"
"2698","Houston",2011,7,1199947148,158500,35841,7.7,2011.5,"High"
"2699","Houston",2011,8,1277659324,157600,34388,7.2,2011.58333333333,"High"
"2700","Houston",2011,9,1048997852,154700,33502,6.9,2011.66666666667,"High"
"2701","Houston",2011,10,901577534,150700,32431,6.7,2011.75,"High"
"2702","Houston",2011,11,882601259,153800,31055,6.4,2011.83333333333,"High"
"2703","Houston",2011,12,1076039647,160100,28741,5.9,2011.91666666667,"High"
"2704","Houston",2012,1,635855547,137800,28634,5.8,2012,"High"
"2705","Houston",2012,2,834998423,149200,28583,5.8,2012.08333333333,"High"
"2706","Houston",2012,3,1200579097,161700,28548,5.7,2012.16666666667,"High"
"2707","Houston",2012,4,1235085496,161100,29111,5.8,2012.25,"High"
"2708","Houston",2012,5,1565958406,168000,28819,5.6,2012.33333333333,"High"
"2709","Houston",2012,6,1620900791,170700,28834,5.5,2012.41666666667,"High"
"2710","Houston",2012,7,1541655520,169300,28514,5.4,2012.5,"High"
"2711","Houston",2012,8,1566297243,163900,27090,5,2012.58333333333,"High"
"2712","Houston",2012,9,1186230552,163300,26019,4.8,2012.66666666667,"High"
"2713","Houston",2012,11,1231393037,166700,23592,4.2,2012.83333333333,"High"
"2714","Houston",2013,1,852045057,149500,21364,3.7,2013,"High"
"2715","Houston",2013,3,1479273481,172300,20909,3.5,2013.16666666667,"High"
"2716","Houston",2013,5,2121508529,186100,20526,3.3,2013.33333333333,"High"
"2717","Houston",2013,6,2073909387,191600,21008,3.3,2013.41666666667,"High"
"2718","Houston",2013,7,2168720825,187800,21497,3.3,2013.5,"High"
"2719","Houston",2013,8,2083377894,186700,21366,3.3,2013.58333333333,"High"
"2720","Houston",2013,9,1638923780,180200,21207,3.2,2013.66666666667,"High"
"2721","Houston",2013,10,1544551772,176000,20508,3.1,2013.75,"High"
"2722","Houston",2013,11,1356418081,181400,19331,2.9,2013.83333333333,"High"
"2723","Houston",2013,12,1658872245,187500,17857,2.7,2013.91666666667,"High"
"2724","Houston",2014,1,1048623186,175600,17882,2.6,2014,"High"
"2725","Houston",2014,2,1299312313,182000,17623,2.6,2014.08333333333,"High"
"2726","Houston",2014,3,1699304949,191200,17857,2.6,2014.16666666667,"High"
"2727","Houston",2014,4,1878943009,194400,18029,2.7,2014.25,"High"
"2728","Houston",2014,5,2154791886,199300,18883,2.8,2014.33333333333,"High"
"2729","Houston",2014,6,2342443127,211200,19725,2.9,2014.41666666667,"High"
"2730","Houston",2014,7,2278932511,199700,20214,3,2014.5,"High"
"2731","Houston",2014,8,2195184825,202400,20007,2.9,2014.58333333333,"High"
"2732","Houston",2014,9,1890290143,195800,19566,2.9,2014.66666666667,"High"
"2733","Houston",2014,10,1862033446,191200,18976,2.8,2014.75,"High"
"2734","Houston",2014,11,1510435168,195200,18240,2.6,2014.83333333333,"High"
"2735","Houston",2014,12,1982236986,209100,17228,2.5,2014.91666666667,"High"
"2736","Houston",2015,1,1155508809,189300,18649,2.7,2015,"High"
"2737","Houston",2015,2,1286375234,196500,18811,2.7,2015.08333333333,"High"
"2738","Houston",2015,3,1839472566,205700,19286,2.8,2015.16666666667,"High"
"2739","Houston",2015,4,1942499557,207700,20099,2.9,2015.25,"High"
"2740","Houston",2015,6,2490238594,222400,22311,3.2,2015.41666666667,"High"
"2741","Houston",2015,7,2568156780,217600,23875,3.4,2015.5,"High"
"2742","Irving",2000,1,8366542,95000,291,3,2000,"Low"
"2743","Irving",2000,2,9262770,90800,296,3,2000.08333333333,"Low"
"2744","Irving",2000,4,13050938,96000,308,3.1,2000.25,"Medium"
"2745","Irving",2000,5,14780301,98300,283,2.9,2000.33333333333,"Medium"
"2746","Irving",2000,6,15372612,1e+05,287,2.9,2000.41666666667,"Medium"
"2747","Irving",2000,8,16098214,98600,310,3.2,2000.58333333333,"Medium"
"2748","Irving",2000,10,13988673,97700,321,3.3,2000.75,"Medium"
"2749","Irving",2000,12,9502970,103700,300,3,2000.91666666667,"Low"
"2750","Irving",2001,1,12383611,99700,318,3.2,2001,"Low"
"2751","Irving",2001,4,14233510,104000,335,3.3,2001.25,"Medium"
"2752","Irving",2001,5,17234549,108000,356,3.4,2001.33333333333,"Medium"
"2753","Irving",2001,6,18912975,110000,395,3.8,2001.41666666667,"Medium"
"2754","Irving",2001,7,14456022,107300,398,3.7,2001.5,"Medium"
"2755","Irving",2001,8,15899408,108900,411,3.9,2001.58333333333,"Medium"
"2756","Irving",2001,9,15648345,110800,402,3.7,2001.66666666667,"Medium"
"2757","Irving",2001,11,12421624,109100,376,3.5,2001.83333333333,"Low"
"2758","Irving",2001,12,13793897,103300,364,3.3,2001.91666666667,"Medium"
"2759","Irving",2002,1,9975399,107100,382,3.5,2002,"Low"
"2760","Irving",2002,2,10816607,110000,430,4,2002.08333333333,"Low"
"2761","Irving",2002,4,15970050,112400,427,4,2002.25,"Medium"
"2762","Irving",2002,5,16672050,109200,468,4.4,2002.33333333333,"Medium"
"2763","Irving",2002,6,16375285,120000,479,4.7,2002.41666666667,"Medium"
"2764","Irving",2002,7,18935265,113400,510,4.9,2002.5,"Medium"
"2765","Irving",2002,8,13543127,113900,498,4.8,2002.58333333333,"Medium"
"2766","Irving",2002,9,15014765,110300,512,4.9,2002.66666666667,"Medium"
"2767","Irving",2002,10,12258161,111900,516,5,2002.75,"Low"
"2768","Irving",2002,12,12015504,108200,493,4.9,2002.91666666667,"Low"
"2769","Irving",2003,2,10938372,119100,581,5.9,2003.08333333333,"Low"
"2770","Irving",2003,3,16255985,117000,588,6,2003.16666666667,"Medium"
"2771","Irving",2003,4,19603480,120000,596,6,2003.25,"Medium"
"2772","Irving",2003,5,17525153,120000,597,6.1,2003.33333333333,"Medium"
"2773","Irving",2003,6,17383879,121000,635,6.4,2003.41666666667,"Medium"
"2774","Irving",2003,7,16894893,121500,666,6.8,2003.5,"Medium"
"2775","Irving",2003,8,17981773,119400,700,7.1,2003.58333333333,"Medium"
"2776","Irving",2003,10,16923609,115700,629,6.2,2003.75,"Medium"
"2777","Irving",2003,11,14006259,117500,635,6.2,2003.83333333333,"Low"
"2778","Irving",2003,12,13399325,126000,628,6.2,2003.91666666667,"Low"
"2779","Irving",2004,2,14244179,128000,678,6.6,2004.08333333333,"Low"
"2780","Irving",2004,3,20392909,119700,700,6.7,2004.16666666667,"Medium"
"2781","Irving",2004,4,20460031,118500,740,7,2004.25,"Medium"
"2782","Irving",2004,5,17784461,117900,771,7.3,2004.33333333333,"Medium"
"2783","Irving",2004,7,21864720,123200,817,7.6,2004.5,"Medium"
"2784","Irving",2004,8,19057154,116100,784,7.2,2004.58333333333,"Medium"
"2785","Irving",2004,9,19012278,121700,796,7.3,2004.66666666667,"Medium"
"2786","Irving",2004,10,15828048,121200,773,7.1,2004.75,"Medium"
"2787","Irving",2004,12,22882673,118800,694,6.1,2004.91666666667,"Medium"
"2788","Irving",2005,1,11605820,115900,741,6.5,2005,"Low"
"2789","Irving",2005,2,17750004,112800,740,6.4,2005.08333333333,"Medium"
"2790","Irving",2005,4,19481136,118300,792,6.9,2005.25,"Medium"
"2791","Irving",2005,5,23544356,124100,827,7.1,2005.33333333333,"Medium"
"2792","Irving",2005,6,25785552,119700,833,6.9,2005.41666666667,"Medium"
"2793","Irving",2005,7,25702662,123600,833,6.9,2005.5,"Medium"
"2794","Irving",2005,9,22124324,119400,805,6.6,2005.66666666667,"Medium"
"2795","Irving",2005,10,21729424,131000,830,6.7,2005.75,"Medium"
"2796","Irving",2005,11,18198584,119700,788,6.3,2005.83333333333,"Medium"
"2797","Irving",2005,12,18698848,122600,693,5.6,2005.91666666667,"Medium"
"2798","Irving",2006,2,21669713,132600,711,5.7,2006.08333333333,"Medium"
"2799","Irving",2006,4,20530545,115900,867,6.8,2006.25,"Medium"
"2800","Irving",2006,5,27021855,134200,903,7.1,2006.33333333333,"Medium"
"2801","Irving",2006,6,28843828,121200,877,6.9,2006.41666666667,"Medium"
"2802","Irving",2006,7,28756226,131700,914,7.2,2006.5,"Medium"
"2803","Irving",2006,8,25473708,125400,877,6.9,2006.58333333333,"Medium"
"2804","Irving",2006,9,22322089,120000,863,6.7,2006.66666666667,"Medium"
"2805","Irving",2006,10,21751872,126300,855,6.6,2006.75,"Medium"
"2806","Irving",2006,12,24371490,136800,813,6.2,2006.91666666667,"Medium"
"2807","Irving",2007,2,23703750,135600,862,6.4,2007.08333333333,"Medium"
"2808","Irving",2007,3,29493918,132500,915,6.7,2007.16666666667,"Medium"
"2809","Irving",2007,4,27255778,135800,971,7,2007.25,"Medium"
"2810","Irving",2007,6,31177830,145900,1006,7.1,2007.41666666667,"Medium"
"2811","Irving",2007,7,34836077,155800,1034,7.2,2007.5,"Medium"
"2812","Irving",2007,8,33212753,151100,1090,7.5,2007.58333333333,"Medium"
"2813","Irving",2007,9,22268829,143000,1056,7.3,2007.66666666667,"Medium"
"2814","Irving",2007,10,22655123,147300,1040,7.2,2007.75,"Medium"
"2815","Irving",2007,11,21290367,137500,975,6.8,2007.83333333333,"Medium"
"2816","Irving",2007,12,21708272,193300,895,6.3,2007.91666666667,"Medium"
"2817","Irving",2008,1,19403843,136200,940,6.6,2008,"Medium"
"2818","Irving",2008,2,21529684,133300,954,6.8,2008.08333333333,"Medium"
"2819","Irving",2008,3,24991196,160000,974,7.1,2008.16666666667,"Medium"
"2820","Irving",2008,6,25075168,136000,885,6.5,2008.41666666667,"Medium"
"2821","Irving",2008,7,30090695,156200,884,6.5,2008.5,"Medium"
"2822","Irving",2008,8,34117717,153300,871,6.5,2008.58333333333,"Medium"
"2823","Irving",2008,9,22044975,132700,825,6.1,2008.66666666667,"Medium"
"2824","Irving",2008,10,21920541,152000,815,6,2008.75,"Medium"
"2825","Irving",2008,11,12268556,130000,790,6,2008.83333333333,"Low"
"2826","Irving",2008,12,15623114,137300,740,5.7,2008.91666666667,"Low"
"2827","Irving",2009,2,15011687,122000,774,6.2,2009.08333333333,"Low"
"2828","Irving",2009,4,22178827,134500,812,6.9,2009.25,"Medium"
"2829","Irving",2009,5,20132044,139100,841,7.4,2009.33333333333,"Medium"
"2830","Irving",2009,6,27342886,138000,776,6.9,2009.41666666667,"Medium"
"2831","Irving",2009,7,25167918,162200,794,7.2,2009.5,"Medium"
"2832","Irving",2009,8,16756590,138600,798,7.6,2009.58333333333,"Medium"
"2833","Irving",2009,9,18666230,124300,766,7.3,2009.66666666667,"Medium"
"2834","Irving",2009,10,22730982,127700,759,7.2,2009.75,"Medium"
"2835","Irving",2009,11,19592985,141100,761,7,2009.83333333333,"Medium"
"2836","Irving",2009,12,22475838,135500,714,6.4,2009.91666666667,"Medium"
"2837","Irving",2010,1,14038362,140000,764,6.8,2010,"Low"
"2838","Irving",2010,2,15470570,118300,768,6.9,2010.08333333333,"Low"
"2839","Irving",2010,3,20187309,121800,822,7.2,2010.16666666667,"Medium"
"2840","Irving",2010,4,36748585,170000,810,6.8,2010.25,"Medium"
"2841","Irving",2010,5,35178766,160000,896,7.3,2010.33333333333,"Medium"
"2842","Irving",2010,6,21273770,136500,937,7.8,2010.41666666667,"Medium"
"2843","Irving",2010,7,17473308,156000,966,8.2,2010.5,"Low"
"2844","Irving",2010,8,17645252,127500,966,8.3,2010.58333333333,"Low"
"2845","Irving",2010,9,18778795,170000,898,7.8,2010.66666666667,"Low"
"2846","Irving",2010,10,19491806,134000,867,7.7,2010.75,"Medium"
"2847","Irving",2010,12,18546287,145000,756,7,2010.91666666667,"Low"
"2848","Irving",2011,1,10375416,118300,763,7.2,2011,"Low"
"2849","Irving",2011,2,15388610,145000,772,7.3,2011.08333333333,"Low"
"2850","Irving",2011,4,22922064,143300,770,7.7,2011.25,"Medium"
"2851","Irving",2011,6,23020488,128600,766,7.8,2011.41666666667,"Medium"
"2852","Irving",2011,9,18119872,135000,635,6.1,2011.66666666667,"Medium"
"2853","Irving",2011,10,16152788,137000,601,5.8,2011.75,"Medium"
"2854","Irving",2011,11,18085390,135500,557,5.3,2011.83333333333,"Medium"
"2855","Irving",2011,12,19030487,160000,476,4.5,2011.91666666667,"Medium"
"2856","Irving",2012,1,18250222,152500,472,4.4,2012,"Low"
"2857","Irving",2012,2,14764492,130000,495,4.6,2012.08333333333,"Low"
"2858","Irving",2012,4,21201232,115000,524,4.7,2012.25,"Medium"
"2859","Irving",2012,6,24737210,165700,582,5.3,2012.41666666667,"Medium"
"2860","Irving",2012,8,32285116,168000,548,4.7,2012.58333333333,"Medium"
"2861","Irving",2012,9,24388527,156200,520,4.4,2012.66666666667,"Medium"
"2862","Irving",2012,10,23382786,153300,473,4,2012.75,"Medium"
"2863","Irving",2012,11,18684270,136700,431,3.6,2012.83333333333,"Medium"
"2864","Irving",2012,12,24195373,170000,389,3.2,2012.91666666667,"Medium"
"2865","Irving",2013,3,27713826,194000,354,2.9,2013.16666666667,"Medium"
"2866","Irving",2013,4,28027323,169000,373,3,2013.25,"Medium"
"2867","Irving",2013,6,42247008,213500,378,2.9,2013.41666666667,"Medium"
"2868","Irving",2013,7,44243272,202400,404,3,2013.5,"Medium"
"2869","Irving",2013,9,30123780,190000,414,3,2013.66666666667,"Medium"
"2870","Irving",2013,11,21549806,152700,410,2.9,2013.83333333333,"Medium"
"2871","Irving",2013,12,27064554,173800,356,2.5,2013.91666666667,"Medium"
"2872","Irving",2014,1,17212893,145700,342,2.4,2014,"Low"
"2873","Irving",2014,3,28982140,160000,316,2.2,2014.16666666667,"Medium"
"2874","Irving",2014,4,37671111,183800,324,2.2,2014.25,"Medium"
"2875","Irving",2014,5,42727748,207600,368,2.5,2014.33333333333,"Medium"
"2876","Irving",2014,6,44774136,193300,375,2.6,2014.41666666667,"Medium"
"2877","Irving",2014,7,36648540,218800,388,2.7,2014.5,"Medium"
"2878","Irving",2014,9,36411820,229500,351,2.4,2014.66666666667,"Medium"
"2879","Irving",2014,11,26056968,168000,319,2.2,2014.83333333333,"Medium"
"2880","Irving",2014,12,45640196,256500,270,1.8,2014.91666666667,"Medium"
"2881","Irving",2015,1,20208733,157800,278,1.9,2015,"Low"
"2882","Irving",2015,2,33088681,220500,271,1.8,2015.08333333333,"Medium"
"2883","Irving",2015,4,41530256,223100,316,2.2,2015.25,"Medium"
"2884","Irving",2015,5,41729047,219400,333,2.3,2015.33333333333,"Medium"
"2885","Irving",2015,7,50898246,225000,379,2.5,2015.5,"Medium"
"2886","Kerrville",2009,4,4497301,147500,650,23,2009.25,"Low"
"2887","Kerrville",2009,5,5216600,162000,650,22.7,2009.33333333333,"Low"
"2888","Kerrville",2009,6,9321602,173300,700,23.1,2009.41666666667,"Low"
"2889","Kerrville",2009,7,10416414,186700,700,22.3,2009.5,"Low"
"2890","Kerrville",2009,9,7246436,150000,700,21.2,2009.66666666667,"Low"
"2891","Kerrville",2009,10,7884136,143300,700,20.8,2009.75,"Low"
"2892","Kerrville",2009,11,5179350,160000,738,21.8,2009.83333333333,"Low"
"2893","Kerrville",2010,1,5254000,174000,660,18.9,2010,"Low"
"2894","Kerrville",2010,2,3998000,166700,578,16.4,2010.08333333333,"Low"
"2895","Kerrville",2010,3,6911750,150000,732,21,2010.16666666667,"Low"
"2896","Kerrville",2010,4,5469475,145000,750,21.2,2010.25,"Low"
"2897","Kerrville",2010,5,8369000,168300,770,21.3,2010.33333333333,"Low"
"2898","Kerrville",2010,6,4949160,151400,795,22.8,2010.41666666667,"Low"
"2899","Kerrville",2010,8,8191350,192500,828,24.5,2010.58333333333,"Low"
"2900","Kerrville",2010,9,7959950,190000,773,22.8,2010.66666666667,"Low"
"2901","Kerrville",2010,10,6686225,144000,761,22.7,2010.75,"Low"
"2902","Kerrville",2010,12,6366150,155000,760,22,2010.91666666667,"Low"
"2903","Kerrville",2011,1,7106849,170000,777,22.2,2011,"Low"
"2904","Kerrville",2011,2,3702515,140000,788,22.5,2011.08333333333,"Low"
"2905","Kerrville",2011,3,4653865,134000,842,24.5,2011.16666666667,"Low"
"2906","Kerrville",2011,4,5619150,143300,856,24.8,2011.25,"Low"
"2907","Kerrville",2011,5,6601983,155000,875,25.5,2011.33333333333,"Low"
"2908","Kerrville",2011,7,4234850,133300,912,26.4,2011.5,"Low"
"2909","Kerrville",2011,8,5611250,150000,911,26.9,2011.58333333333,"Low"
"2910","Kerrville",2011,9,6311635,132900,864,25.7,2011.66666666667,"Low"
"2911","Kerrville",2011,10,6825857,180000,840,25.5,2011.75,"Low"
"2912","Kerrville",2011,11,6546700,180000,795,24.3,2011.83333333333,"Low"
"2913","Kerrville",2011,12,3789205,147500,742,23.2,2011.91666666667,"Low"
"2914","Kerrville",2012,3,7494225,162000,835,24.6,2012.16666666667,"Low"
"2915","Kerrville",2012,4,11662242,194000,833,24,2012.25,"Low"
"2916","Kerrville",2012,5,11493525,168300,875,24.3,2012.33333333333,"Low"
"2917","Kerrville",2012,6,9066536,180000,882,24.5,2012.41666666667,"Low"
"2918","Kerrville",2012,7,9990079,151400,878,22.9,2012.5,"Low"
"2919","Kerrville",2012,10,6947321,165000,869,21.5,2012.75,"Low"
"2920","Kerrville",2012,11,9031762,170000,880,21.5,2012.83333333333,"Low"
"2921","Kerrville",2012,12,7074843,160000,803,19.4,2012.91666666667,"Low"
"2922","Kerrville",2013,1,7363675,147500,824,19.6,2013,"Low"
"2923","Kerrville",2013,2,6711100,140000,819,19.6,2013.08333333333,"Low"
"2924","Kerrville",2013,5,9364601,155000,820,18.6,2013.33333333333,"Low"
"2925","Kerrville",2013,6,8492677,165000,779,17.4,2013.41666666667,"Low"
"2926","Kerrville",2013,7,17718830,190000,768,17,2013.5,"Low"
"2927","Kerrville",2013,8,16909925,181700,755,16.1,2013.58333333333,"Low"
"2928","Kerrville",2013,9,10704478,168000,724,15,2013.66666666667,"Low"
"2929","Kerrville",2013,10,10080060,153300,740,14.9,2013.75,"Low"
"2930","Kerrville",2013,12,7763096,190000,687,13.5,2013.91666666667,"Low"
"2931","Kerrville",2014,1,6169260,175000,722,14.3,2014,"Low"
"2932","Kerrville",2014,2,7809231,2e+05,731,14.5,2014.08333333333,"Low"
"2933","Kerrville",2014,3,11744893,148300,741,14.5,2014.16666666667,"Low"
"2934","Kerrville",2014,4,13583980,164400,728,14.2,2014.25,"Low"
"2935","Kerrville",2014,5,10342625,170000,705,13.7,2014.33333333333,"Low"
"2936","Kerrville",2014,6,13408300,202300,685,13.1,2014.41666666667,"Low"
"2937","Kerrville",2014,9,10000548,156700,712,13.6,2014.66666666667,"Low"
"2938","Kerrville",2015,1,13489375,212500,643,11.4,2015,"Low"
"2939","Kerrville",2015,2,10751169,163300,630,10.9,2015.08333333333,"Low"
"2940","Kerrville",2015,3,15362550,183300,623,10.5,2015.16666666667,"Low"
"2941","Kerrville",2015,4,15797353,207500,656,11.1,2015.25,"Low"
"2942","Kerrville",2015,5,16223863,168000,656,10.9,2015.33333333333,"Low"
"2943","Kerrville",2015,6,16859871,175000,648,10.4,2015.41666666667,"Low"
"2944","Kerrville",2015,7,15350631,187500,646,10.4,2015.5,"Low"
"2945","Killeen-Fort Hood",2000,1,7595000,68000,1327,8.6,2000,"Medium"
"2946","Killeen-Fort Hood",2000,2,8945000,66700,1311,8.5,2000.08333333333,"Medium"
"2947","Killeen-Fort Hood",2000,3,12325000,65900,1360,8.7,2000.16666666667,"Medium"
"2948","Killeen-Fort Hood",2000,4,12710000,69300,1414,8.9,2000.25,"Medium"
"2949","Killeen-Fort Hood",2000,5,12760000,70000,1522,9.7,2000.33333333333,"Medium"
"2950","Killeen-Fort Hood",2000,6,17875000,79600,1447,9.2,2000.41666666667,"Medium"
"2951","Killeen-Fort Hood",2000,7,15785000,75600,1412,9,2000.5,"Medium"
"2952","Killeen-Fort Hood",2000,8,15450000,73800,1449,9.1,2000.58333333333,"Medium"
"2953","Killeen-Fort Hood",2000,10,11190000,73800,1502,9.3,2000.75,"Medium"
"2954","Killeen-Fort Hood",2000,12,8810000,72600,1485,9.3,2000.91666666667,"Medium"
"2955","Killeen-Fort Hood",2001,3,15320000,76400,1165,7.1,2001.16666666667,"Medium"
"2956","Killeen-Fort Hood",2001,4,13365000,74600,1111,6.8,2001.25,"Medium"
"2957","Killeen-Fort Hood",2001,6,20215000,79400,1033,6.1,2001.41666666667,"Medium"
"2958","Killeen-Fort Hood",2001,7,18915000,80300,1035,6,2001.5,"Medium"
"2959","Killeen-Fort Hood",2001,8,18575000,78000,1009,5.9,2001.58333333333,"Medium"
"2960","Killeen-Fort Hood",2001,9,11300000,75500,1027,6.1,2001.66666666667,"Medium"
"2961","Killeen-Fort Hood",2001,10,11840000,75700,1068,6.3,2001.75,"Medium"
"2962","Killeen-Fort Hood",2001,11,14735000,77100,1026,6,2001.83333333333,"Medium"
"2963","Killeen-Fort Hood",2001,12,14735000,77400,1012,5.8,2001.91666666667,"Medium"
"2964","Killeen-Fort Hood",2002,1,13465000,76200,1014,5.7,2002,"Medium"
"2965","Killeen-Fort Hood",2002,2,11705000,75200,1077,6.1,2002.08333333333,"Medium"
"2966","Killeen-Fort Hood",2002,3,15630000,80600,1165,6.6,2002.16666666667,"Medium"
"2967","Killeen-Fort Hood",2002,4,15945000,77600,1169,6.6,2002.25,"Medium"
"2968","Killeen-Fort Hood",2002,5,15475000,83500,1280,7.4,2002.33333333333,"Medium"
"2969","Killeen-Fort Hood",2002,6,18095000,82700,1301,7.6,2002.41666666667,"Medium"
"2970","Killeen-Fort Hood",2002,7,22475000,87400,1247,7.2,2002.5,"Medium"
"2971","Killeen-Fort Hood",2002,8,19675000,82800,1240,7.1,2002.58333333333,"Medium"
"2972","Killeen-Fort Hood",2002,9,15965000,86400,1291,7.3,2002.66666666667,"Medium"
"2973","Killeen-Fort Hood",2002,10,14520000,77400,1387,7.8,2002.75,"Medium"
"2974","Killeen-Fort Hood",2002,12,14285000,87400,1452,8.2,2002.91666666667,"Medium"
"2975","Killeen-Fort Hood",2003,1,15625000,88000,1584,8.9,2003,"Medium"
"2976","Killeen-Fort Hood",2003,2,13670000,81700,1444,8.1,2003.08333333333,"Medium"
"2977","Killeen-Fort Hood",2003,3,15330000,87000,1309,7.4,2003.16666666667,"Medium"
"2978","Killeen-Fort Hood",2003,4,18690000,89300,1065,6,2003.25,"Medium"
"2979","Killeen-Fort Hood",2003,5,18500000,84600,1021,5.6,2003.33333333333,"Medium"
"2980","Killeen-Fort Hood",2003,6,25330000,95800,940,5.1,2003.41666666667,"Medium"
"2981","Killeen-Fort Hood",2003,7,24100000,88700,828,4.4,2003.5,"Medium"
"2982","Killeen-Fort Hood",2003,8,19745000,87400,778,4.2,2003.58333333333,"Medium"
"2983","Killeen-Fort Hood",2003,9,17410000,84900,784,4.2,2003.66666666667,"Medium"
"2984","Killeen-Fort Hood",2003,10,15965000,84500,646,3.4,2003.75,"Medium"
"2985","Killeen-Fort Hood",2003,11,12420000,78800,563,3.1,2003.83333333333,"Medium"
"2986","Killeen-Fort Hood",2003,12,16005000,88700,448,2.4,2003.91666666667,"Medium"
"2987","Killeen-Fort Hood",2004,1,11050000,89100,558,3.1,2004,"Medium"
"2988","Killeen-Fort Hood",2004,2,15185000,92800,587,3.2,2004.08333333333,"Medium"
"2989","Killeen-Fort Hood",2004,4,22600000,98500,815,4.4,2004.25,"Medium"
"2990","Killeen-Fort Hood",2004,6,27530000,96500,895,4.8,2004.41666666667,"Medium"
"2991","Killeen-Fort Hood",2004,7,28465000,95700,921,4.8,2004.5,"Medium"
"2992","Killeen-Fort Hood",2004,8,28080000,91600,929,4.7,2004.58333333333,"Medium"
"2993","Killeen-Fort Hood",2004,10,25560000,94500,968,4.7,2004.75,"Medium"
"2994","Killeen-Fort Hood",2004,11,23695000,95200,946,4.4,2004.83333333333,"Medium"
"2995","Killeen-Fort Hood",2004,12,25905000,95800,1000,4.5,2004.91666666667,"Medium"
"2996","Killeen-Fort Hood",2005,1,25530000,95900,1100,4.7,2005,"Medium"
"2997","Killeen-Fort Hood",2005,2,28260000,92800,1100,4.5,2005.08333333333,"Medium"
"2998","Killeen-Fort Hood",2005,4,45405000,103100,1220,4.5,2005.25,"Medium"
"2999","Killeen-Fort Hood",2005,6,49230000,106100,1100,3.7,2005.41666666667,"Medium"
"3000","Killeen-Fort Hood",2005,7,49900000,110400,1100,3.5,2005.5,"Medium"
"3001","Killeen-Fort Hood",2005,8,51935000,109800,1100,3.4,2005.58333333333,"Medium"
"3002","Killeen-Fort Hood",2007,5,51435000,116100,2076,6.9,2007.33333333333,"Medium"
"3003","Killeen-Fort Hood",2007,7,36655000,119800,2100,7.2,2007.5,"Medium"
"3004","Killeen-Fort Hood",2007,8,46480000,115900,1634,5.6,2007.58333333333,"Medium"
"3005","Killeen-Fort Hood",2007,9,24040000,116700,2073,7.3,2007.66666666667,"Medium"
"3006","Killeen-Fort Hood",2007,10,37580000,122900,1363,4.8,2007.75,"Medium"
"3007","Killeen-Fort Hood",2007,11,29350000,113300,1759,6.2,2007.83333333333,"Medium"
"3008","Killeen-Fort Hood",2007,12,26430000,124300,1667,6,2007.91666666667,"Medium"
"3009","Killeen-Fort Hood",2008,2,30160000,112000,1950,7.1,2008.08333333333,"Medium"
"3010","Killeen-Fort Hood",2008,4,33320000,116200,1960,7.1,2008.25,"Medium"
"3011","Killeen-Fort Hood",2008,5,34055000,116900,1957,7.4,2008.33333333333,"Medium"
"3012","Killeen-Fort Hood",2008,6,36045000,124600,1728,6.7,2008.41666666667,"Medium"
"3013","Killeen-Fort Hood",2008,7,36265000,125900,1882,7.3,2008.5,"Medium"
"3014","Killeen-Fort Hood",2008,9,21350000,111300,1641,6.7,2008.66666666667,"Medium"
"3015","Killeen-Fort Hood",2008,10,20445000,117400,1444,6.1,2008.75,"Medium"
"3016","Killeen-Fort Hood",2008,12,27480000,114900,1407,6.2,2008.91666666667,"Medium"
"3017","Killeen-Fort Hood",2009,2,17955000,117900,1572,7.4,2009.08333333333,"Medium"
"3018","Killeen-Fort Hood",2009,3,24025000,118300,1601,7.7,2009.16666666667,"Medium"
"3019","Killeen-Fort Hood",2009,4,26190000,113900,1630,8,2009.25,"Medium"
"3020","Killeen-Fort Hood",2009,5,27870000,119600,1366,6.9,2009.33333333333,"Medium"
"3021","Killeen-Fort Hood",2009,6,30330000,116800,1776,9.1,2009.41666666667,"Medium"
"3022","Killeen-Fort Hood",2009,7,34750000,124800,1943,10,2009.5,"Medium"
"3023","Killeen-Fort Hood",2009,8,35275000,127100,1938,9.8,2009.58333333333,"Medium"
"3024","Killeen-Fort Hood",2009,9,25260000,115000,1865,9.3,2009.66666666667,"Medium"
"3025","Killeen-Fort Hood",2009,10,27929963,120000,1579,7.7,2009.75,"Medium"
"3026","Killeen-Fort Hood",2009,11,33925000,124000,1482,6.9,2009.83333333333,"Medium"
"3027","Killeen-Fort Hood",2009,12,24285000,112300,1466,6.9,2009.91666666667,"Medium"
"3028","Killeen-Fort Hood",2010,1,19135453,113400,1516,7,2010,"Medium"
"3029","Killeen-Fort Hood",2010,3,29822209,112700,1308,5.9,2010.16666666667,"Medium"
"3030","Killeen-Fort Hood",2010,4,34524049,121900,1297,5.8,2010.25,"Medium"
"3031","Killeen-Fort Hood",2010,5,35890124,123700,1798,7.9,2010.33333333333,"Medium"
"3032","Killeen-Fort Hood",2010,7,40637730,126700,1853,7.7,2010.5,"Medium"
"3033","Killeen-Fort Hood",2010,8,27333988,128100,1825,7.8,2010.58333333333,"Medium"
"3034","Killeen-Fort Hood",2010,9,24730613,122600,1759,7.6,2010.66666666667,"Medium"
"3035","Killeen-Fort Hood",2010,10,23738343,117600,1718,7.5,2010.75,"Medium"
"3036","Killeen-Fort Hood",2010,12,21473557,133700,1652,7.6,2010.91666666667,"Medium"
"3037","Killeen-Fort Hood",2011,1,18485040,119500,1440,6.7,2011,"Medium"
"3038","Killeen-Fort Hood",2011,2,18495034,115200,1394,6.5,2011.08333333333,"Medium"
"3039","Killeen-Fort Hood",2011,3,20182272,114600,1437,6.8,2011.16666666667,"Medium"
"3040","Killeen-Fort Hood",2011,4,23258905,115900,1485,7.2,2011.25,"Medium"
"3041","Killeen-Fort Hood",2011,5,24358560,120400,1500,7.5,2011.33333333333,"Medium"
"3042","Killeen-Fort Hood",2011,6,30859456,128200,1050,5.5,2011.41666666667,"Medium"
"3043","Killeen-Fort Hood",2011,7,22336753,125900,1525,8.4,2011.5,"Medium"
"3044","Killeen-Fort Hood",2011,8,26179088,127000,1536,8.5,2011.58333333333,"Medium"
"3045","Killeen-Fort Hood",2011,9,23523808,130700,1560,8.7,2011.66666666667,"Medium"
"3046","Killeen-Fort Hood",2011,10,20216724,124400,1570,8.9,2011.75,"Medium"
"3047","Killeen-Fort Hood",2011,12,26708392,125300,1291,7.1,2011.91666666667,"Medium"
"3048","Killeen-Fort Hood",2012,1,22410599,133700,1351,7.4,2012,"Medium"
"3049","Killeen-Fort Hood",2012,2,24749369,135200,1368,7.4,2012.08333333333,"Medium"
"3050","Killeen-Fort Hood",2012,3,23908286,120400,1382,7.5,2012.16666666667,"Medium"
"3051","Killeen-Fort Hood",2012,4,26291556,134800,1500,8.1,2012.25,"Medium"
"3052","Killeen-Fort Hood",2012,6,36790226,140300,1396,7.4,2012.41666666667,"Medium"
"3053","Killeen-Fort Hood",2012,7,38195000,135200,1371,7,2012.5,"Medium"
"3054","Killeen-Fort Hood",2012,8,38422456,139800,1371,6.7,2012.58333333333,"Medium"
"3055","Killeen-Fort Hood",2012,9,23995485,131800,1458,7.2,2012.66666666667,"Medium"
"3056","Killeen-Fort Hood",2012,11,21006250,129200,1360,6.7,2012.83333333333,"Medium"
"3057","Killeen-Fort Hood",2012,12,27754996,147200,1360,6.7,2012.91666666667,"Medium"
"3058","Killeen-Fort Hood",2013,2,26035981,131000,2414,12,2013.08333333333,"Medium"
"3059","Killeen-Fort Hood",2013,3,24205778,123000,1506,7.5,2013.16666666667,"Medium"
"3060","Killeen-Fort Hood",2013,4,28440024,126600,1500,7.4,2013.25,"Medium"
"3061","Killeen-Fort Hood",2013,5,36663140,124100,1496,7.4,2013.33333333333,"Medium"
"3062","Killeen-Fort Hood",2013,6,33765985,132400,1493,7.4,2013.41666666667,"Medium"
"3063","Killeen-Fort Hood",2013,8,33077517,121500,1580,7.8,2013.58333333333,"Medium"
"3064","Killeen-Fort Hood",2013,9,25358619,118800,1572,7.7,2013.66666666667,"Medium"
"3065","Killeen-Fort Hood",2013,10,26216862,122800,1577,7.7,2013.75,"Medium"
"3066","Killeen-Fort Hood",2013,11,26216832,127500,1458,7,2013.83333333333,"Medium"
"3067","Killeen-Fort Hood",2014,1,18638730,111500,1427,6.7,2014,"Medium"
"3068","Killeen-Fort Hood",2014,2,24047276,118400,1403,6.5,2014.08333333333,"Medium"
"3069","Killeen-Fort Hood",2014,3,23153200,116200,1451,6.7,2014.16666666667,"Medium"
"3070","Killeen-Fort Hood",2014,5,49024571,123800,1432,6.7,2014.33333333333,"Medium"
"3071","Killeen-Fort Hood",2014,6,35892087,125800,1394,6.4,2014.41666666667,"Medium"
"3072","Killeen-Fort Hood",2014,7,37644661,128200,1457,6.7,2014.5,"Medium"
"3073","Killeen-Fort Hood",2014,8,38277488,132300,1455,6.6,2014.58333333333,"Medium"
"3074","Killeen-Fort Hood",2014,9,31596486,118500,1455,6.6,2014.66666666667,"Medium"
"3075","Killeen-Fort Hood",2014,10,30950642,124400,1429,6.4,2014.75,"Medium"
"3076","Killeen-Fort Hood",2014,11,29416600,133900,1333,5.9,2014.83333333333,"Medium"
"3077","Killeen-Fort Hood",2014,12,28911930,127100,1331,6,2014.91666666667,"Medium"
"3078","Killeen-Fort Hood",2015,1,24417198,114100,1372,6.1,2015,"Medium"
"3079","Killeen-Fort Hood",2015,2,25853197,128500,1377,6.1,2015.08333333333,"Medium"
"3080","Killeen-Fort Hood",2015,3,33863567,122200,1381,5.9,2015.16666666667,"Medium"
"3081","Killeen-Fort Hood",2015,4,39331124,130000,1354,5.7,2015.25,"Medium"
"3082","Killeen-Fort Hood",2015,5,41447580,141900,1373,5.7,2015.33333333333,"Medium"
"3083","Killeen-Fort Hood",2015,6,41102980,135900,1361,5.6,2015.41666666667,"Medium"
"3084","Laredo",2008,4,12119929,120800,767,8.8,2008.25,"Low"
"3085","Laredo",2008,6,13996916,116400,771,9.2,2008.41666666667,"Medium"
"3086","Laredo",2008,7,11330344,120000,799,9.5,2008.5,"Low"
"3087","Laredo",2008,8,12900268,130000,788,9.5,2008.58333333333,"Low"
"3088","Laredo",2008,9,13979331,137500,795,9.5,2008.66666666667,"Low"
"3089","Laredo",2008,11,8590585,115600,808,9.9,2008.83333333333,"Low"
"3090","Laredo",2008,12,10721558,124200,709,8.6,2008.91666666667,"Low"
"3091","Laredo",2009,1,6778435,110000,759,9.4,2009,"Low"
"3092","Laredo",2009,2,9181843,117800,725,9,2009.08333333333,"Low"
"3093","Laredo",2009,3,9939860,112000,687,8.6,2009.16666666667,"Low"
"3094","Laredo",2009,4,12952459,118300,697,8.6,2009.25,"Low"
"3095","Laredo",2009,6,11690800,131400,695,8.8,2009.41666666667,"Low"
"3096","Laredo",2009,7,12476056,122200,721,8.9,2009.5,"Medium"
"3097","Laredo",2009,8,11752055,117700,744,9.2,2009.58333333333,"Low"
"3098","Laredo",2009,11,11951504,126700,745,9.2,2009.83333333333,"Low"
"3099","Laredo",2009,12,12742358,117100,710,8.7,2009.91666666667,"Low"
"3100","Laredo",2010,1,7805316,109000,735,8.9,2010,"Low"
"3101","Laredo",2010,2,9392136,105700,748,9,2010.08333333333,"Low"
"3102","Laredo",2010,3,10390695,128000,730,8.8,2010.16666666667,"Low"
"3103","Laredo",2010,5,17444170,107200,694,8,2010.33333333333,"Medium"
"3104","Laredo",2010,6,15031451,115600,716,8,2010.41666666667,"Medium"
"3105","Laredo",2010,9,9948416,115000,756,8.7,2010.66666666667,"Low"
"3106","Laredo",2010,10,8829179,97900,706,8.2,2010.75,"Low"
"3107","Laredo",2010,11,11818320,132200,681,7.9,2010.83333333333,"Low"
"3108","Laredo",2011,1,8447928,140000,682,8.2,2011,"Low"
"3109","Laredo",2011,2,8872427,126700,659,7.9,2011.08333333333,"Low"
"3110","Laredo",2011,5,9417730,105000,577,7,2011.33333333333,"Low"
"3111","Laredo",2011,6,12529508,131200,578,7.2,2011.41666666667,"Low"
"3112","Laredo",2011,7,11962258,110000,600,7.3,2011.5,"Medium"
"3113","Laredo",2011,8,13967971,127500,603,7.3,2011.58333333333,"Medium"
"3114","Laredo",2011,9,12424149,130000,599,7.1,2011.66666666667,"Low"
"3115","Laredo",2011,10,10511071,130000,591,7,2011.75,"Low"
"3116","Laredo",2011,11,8585221,123800,578,7,2011.83333333333,"Low"
"3117","Laredo",2011,12,11869864,130900,513,6.2,2011.91666666667,"Low"
"3118","Laredo",2012,1,11386742,123600,532,6.3,2012,"Low"
"3119","Laredo",2012,3,12301781,140000,504,6.1,2012.16666666667,"Low"
"3120","Laredo",2012,4,13026546,132900,513,6.3,2012.25,"Low"
"3121","Laredo",2012,5,11966878,110000,458,5.5,2012.33333333333,"Low"
"3122","Laredo",2012,7,13238351,147100,502,6,2012.5,"Low"
"3123","Laredo",2012,8,13702966,140000,503,6.1,2012.58333333333,"Low"
"3124","Laredo",2012,9,13114771,154200,456,5.6,2012.66666666667,"Low"
"3125","Laredo",2012,10,16153465,145000,459,5.4,2012.75,"Medium"
"3126","Laredo",2012,11,13302445,142200,484,5.6,2012.83333333333,"Low"
"3127","Laredo",2013,3,12895969,122500,487,5.4,2013.16666666667,"Low"
"3128","Laredo",2013,4,14546164,135600,480,5.2,2013.25,"Medium"
"3129","Laredo",2013,5,10336980,130000,457,5.1,2013.33333333333,"Low"
"3130","Laredo",2013,6,14459240,142300,461,5.2,2013.41666666667,"Low"
"3131","Laredo",2013,7,17814982,150000,478,5.3,2013.5,"Medium"
"3132","Laredo",2013,10,14657228,162500,547,6,2013.75,"Low"
"3133","Laredo",2013,11,13743070,135000,531,5.8,2013.83333333333,"Low"
"3134","Laredo",2013,12,14194520,140000,493,5.4,2013.91666666667,"Low"
"3135","Laredo",2014,1,9790364,137100,528,5.9,2014,"Low"
"3136","Laredo",2014,4,13791970,123300,523,5.8,2014.25,"Medium"
"3137","Laredo",2014,6,19808160,142300,524,5.5,2014.41666666667,"Medium"
"3138","Laredo",2014,7,16677733,139200,498,5.2,2014.5,"Medium"
"3139","Laredo",2014,8,17419845,135000,527,5.6,2014.58333333333,"Medium"
"3140","Laredo",2014,9,18136003,168800,539,5.7,2014.66666666667,"Low"
"3141","Laredo",2014,11,14127416,149300,539,5.6,2014.83333333333,"Low"
"3142","Laredo",2015,1,12584701,136200,512,5.2,2015,"Low"
"3143","Laredo",2015,2,12765758,141000,507,5.1,2015.08333333333,"Low"
"3144","Laredo",2015,3,14618757,142900,540,5.4,2015.16666666667,"Medium"
"3145","Laredo",2015,4,19324087,149200,546,5.4,2015.25,"Medium"
"3146","Laredo",2015,5,19175304,154500,529,5.2,2015.33333333333,"Medium"
"3147","Laredo",2015,6,18468901,154300,556,5.6,2015.41666666667,"Medium"
"3148","Laredo",2015,7,17825899,151800,591,5.9,2015.5,"Medium"
"3149","Longview-Marshall",2000,1,6170000,68100,1054,8.1,2000,"Low"
"3150","Longview-Marshall",2000,2,10120000,85700,1090,8.4,2000.08333333333,"Medium"
"3151","Longview-Marshall",2000,3,13520000,81100,1079,8.4,2000.16666666667,"Medium"
"3152","Longview-Marshall",2000,4,13865000,78700,1078,8.2,2000.25,"Medium"
"3153","Longview-Marshall",2000,6,18815000,82500,1075,8.2,2000.41666666667,"Medium"
"3154","Longview-Marshall",2001,4,18440000,83300,1063,7.4,2001.25,"Medium"
"3155","Longview-Marshall",2001,5,17245000,88000,1063,7.3,2001.33333333333,"Medium"
"3156","Longview-Marshall",2001,6,20975000,81600,1063,7.2,2001.41666666667,"Medium"
"3157","Longview-Marshall",2001,7,14955000,82900,962,6.5,2001.5,"Medium"
"3158","Longview-Marshall",2001,8,19325000,86900,961,6.5,2001.58333333333,"Medium"
"3159","Longview-Marshall",2001,9,15325000,79700,998,6.7,2001.66666666667,"Medium"
"3160","Longview-Marshall",2001,10,14610000,82000,974,6.5,2001.75,"Medium"
"3161","Longview-Marshall",2001,12,15325000,79700,998,6.5,2001.91666666667,"Medium"
"3162","Longview-Marshall",2002,1,11865000,93300,943,6,2002,"Medium"
"3163","Longview-Marshall",2004,10,20805000,1e+05,1151,6.2,2004.75,"Medium"
"3164","Longview-Marshall",2004,11,14415000,87000,1154,6.1,2004.83333333333,"Medium"
"3165","Longview-Marshall",2004,12,21795000,95600,940,4.9,2004.91666666667,"Medium"
"3166","Longview-Marshall",2005,1,18610000,88100,1130,5.8,2005,"Medium"
"3167","Longview-Marshall",2005,3,19200000,99600,1152,6,2005.16666666667,"Medium"
"3168","Longview-Marshall",2005,5,26390000,101600,1175,6,2005.33333333333,"Medium"
"3169","Longview-Marshall",2005,6,32645000,100400,1180,6,2005.41666666667,"Medium"
"3170","Longview-Marshall",2005,7,28890000,109300,1180,6,2005.5,"Medium"
"3171","Longview-Marshall",2005,9,22650000,101500,1180,5.8,2005.66666666667,"Medium"
"3172","Longview-Marshall",2005,10,26560000,104700,1175,5.7,2005.75,"Medium"
"3173","Longview-Marshall",2005,11,24005000,110000,1170,5.6,2005.83333333333,"Medium"
"3174","Longview-Marshall",2005,12,21630000,96500,1170,5.6,2005.91666666667,"Medium"
"3175","Longview-Marshall",2006,1,14625000,91200,1120,5.4,2006,"Medium"
"3176","Longview-Marshall",2006,2,22775000,101200,1069,5.1,2006.08333333333,"Medium"
"3177","Longview-Marshall",2006,3,32330000,111500,1073,5,2006.16666666667,"Medium"
"3178","Longview-Marshall",2006,4,29515000,117100,1113,5.2,2006.25,"Medium"
"3179","Longview-Marshall",2006,5,32830000,108000,1141,5.2,2006.33333333333,"Medium"
"3180","Longview-Marshall",2006,6,33660000,108100,1016,4.6,2006.41666666667,"Medium"
"3181","Longview-Marshall",2006,7,34075000,125400,1199,5.4,2006.5,"Medium"
"3182","Longview-Marshall",2006,8,37295000,127600,1010,4.6,2006.58333333333,"Medium"
"3183","Longview-Marshall",2006,9,30210000,117500,1181,5.4,2006.66666666667,"Medium"
"3184","Longview-Marshall",2006,11,24980000,111200,1086,4.9,2006.83333333333,"Medium"
"3185","Longview-Marshall",2006,12,24160000,109500,1091,4.9,2006.91666666667,"Medium"
"3186","Longview-Marshall",2007,2,25200000,110400,1023,4.5,2007.08333333333,"Medium"
"3187","Longview-Marshall",2007,3,31340000,123600,1220,5.5,2007.16666666667,"Medium"
"3188","Longview-Marshall",2007,4,41980000,135600,1223,5.4,2007.25,"Medium"
"3189","Longview-Marshall",2007,5,37495000,126100,1300,5.7,2007.33333333333,"Medium"
"3190","Longview-Marshall",2007,7,36715000,130500,1320,5.8,2007.5,"Medium"
"3191","Longview-Marshall",2007,8,38115000,119700,1194,5.2,2007.58333333333,"Medium"
"3192","Longview-Marshall",2007,9,21850000,122400,1370,6.1,2007.66666666667,"Medium"
"3193","Longview-Marshall",2007,10,26850000,120000,1320,6,2007.75,"Medium"
"3194","Longview-Marshall",2007,11,26115000,125000,1306,5.9,2007.83333333333,"Medium"
"3195","Longview-Marshall",2007,12,19850000,120600,1238,5.7,2007.91666666667,"Medium"
"3196","Longview-Marshall",2008,2,21890000,114600,1325,6.2,2008.08333333333,"Medium"
"3197","Longview-Marshall",2008,3,25675000,128300,1418,6.8,2008.16666666667,"Medium"
"3198","Longview-Marshall",2008,4,28385000,125700,1439,7,2008.25,"Medium"
"3199","Longview-Marshall",2008,5,30765000,126100,1517,7.6,2008.33333333333,"Medium"
"3200","Longview-Marshall",2008,6,36420000,136000,1544,7.8,2008.41666666667,"Medium"
"3201","Longview-Marshall",2008,7,32580000,124800,1364,6.9,2008.5,"Medium"
"3202","Longview-Marshall",2008,8,30430000,123800,1491,7.7,2008.58333333333,"Medium"
"3203","Longview-Marshall",2008,9,30585000,133100,1271,6.4,2008.66666666667,"Medium"
"3204","Longview-Marshall",2008,11,18580000,121200,1288,6.8,2008.83333333333,"Medium"
"3205","Longview-Marshall",2008,12,2.2e+07,115900,1236,6.5,2008.91666666667,"Medium"
"3206","Longview-Marshall",2009,1,12255000,107800,1296,6.9,2009,"Low"
"3207","Longview-Marshall",2009,2,18075000,118800,1327,7.2,2009.08333333333,"Medium"
"3208","Longview-Marshall",2009,3,22700000,119400,1348,7.4,2009.16666666667,"Medium"
"3209","Longview-Marshall",2009,4,19190000,128300,1415,8,2009.25,"Medium"
"3210","Longview-Marshall",2009,6,28555000,129100,1474,8.6,2009.41666666667,"Medium"
"3211","Longview-Marshall",2009,7,31915000,127000,1514,8.9,2009.5,"Medium"
"3212","Longview-Marshall",2009,8,24685000,130000,1529,9.1,2009.58333333333,"Medium"
"3213","Longview-Marshall",2009,9,26260000,127200,1479,9,2009.66666666667,"Medium"
"3214","Longview-Marshall",2009,10,22610000,121500,1452,8.9,2009.75,"Medium"
"3215","Longview-Marshall",2009,12,19985000,116500,1361,8,2009.91666666667,"Medium"
"3216","Longview-Marshall",2010,4,22400739,120000,1636,9.1,2010.25,"Medium"
"3217","Longview-Marshall",2010,5,33817350,131800,1708,9.3,2010.33333333333,"Medium"
"3218","Longview-Marshall",2010,6,32613928,132700,1707,9.2,2010.41666666667,"Medium"
"3219","Longview-Marshall",2010,8,31101732,128400,1653,9.1,2010.58333333333,"Medium"
"3220","Longview-Marshall",2010,9,23016386,128600,1648,9.1,2010.66666666667,"Medium"
"3221","Longview-Marshall",2010,10,23335704,127600,1577,8.8,2010.75,"Medium"
"3222","Longview-Marshall",2010,11,19831178,122900,1577,9,2010.83333333333,"Medium"
"3223","Longview-Marshall",2010,12,18668950,125300,1529,8.8,2010.91666666667,"Medium"
"3224","Longview-Marshall",2011,1,19579215,114300,1569,9.1,2011,"Medium"
"3225","Longview-Marshall",2011,2,15417450,124300,1621,9.4,2011.08333333333,"Medium"
"3226","Longview-Marshall",2011,3,25196242,140000,1663,9.8,2011.16666666667,"Medium"
"3227","Longview-Marshall",2011,5,27195115,129600,1775,10.9,2011.33333333333,"Medium"
"3228","Longview-Marshall",2011,6,27010895,132700,1802,11.3,2011.41666666667,"Medium"
"3229","Longview-Marshall",2011,9,56030424,126600,1648,10.1,2011.66666666667,"Medium"
"3230","Longview-Marshall",2011,10,24958738,143000,1640,10,2011.75,"Medium"
"3231","Longview-Marshall",2011,11,19232592,139500,1596,9.8,2011.83333333333,"Medium"
"3232","Longview-Marshall",2011,12,25336012,148000,1545,9.4,2011.91666666667,"Medium"
"3233","Longview-Marshall",2012,2,18563510,123000,1590,9.6,2012.08333333333,"Medium"
"3234","Longview-Marshall",2012,3,27303859,137500,1585,9.5,2012.16666666667,"Medium"
"3235","Longview-Marshall",2012,5,32348879,147900,1630,9.6,2012.33333333333,"Medium"
"3236","Longview-Marshall",2012,6,35220040,140700,1747,10.1,2012.41666666667,"Medium"
"3237","Longview-Marshall",2012,7,31827437,147400,1717,9.8,2012.5,"Medium"
"3238","Longview-Marshall",2012,8,30900788,128300,1718,9.8,2012.58333333333,"Medium"
"3239","Longview-Marshall",2012,9,23362440,128300,1743,9.8,2012.66666666667,"Medium"
"3240","Longview-Marshall",2012,10,22657410,134100,1678,9.5,2012.75,"Medium"
"3241","Longview-Marshall",2012,11,21930028,132500,1644,9.2,2012.83333333333,"Medium"
"3242","Longview-Marshall",2012,12,20396687,131700,1600,9.1,2012.91666666667,"Medium"
"3243","Longview-Marshall",2013,3,29953982,139400,1655,9.1,2013.16666666667,"Medium"
"3244","Longview-Marshall",2013,5,32118039,144100,1826,10,2013.33333333333,"Medium"
"3245","Longview-Marshall",2013,6,43348451,147100,1871,10.3,2013.41666666667,"Medium"
"3246","Longview-Marshall",2013,7,35821193,152100,1914,10.5,2013.5,"Medium"
"3247","Longview-Marshall",2013,8,34595468,145000,1819,10,2013.58333333333,"Medium"
"3248","Longview-Marshall",2013,9,28801523,141400,1794,10,2013.66666666667,"Medium"
"3249","Longview-Marshall",2013,12,27567332,138200,1721,9.4,2013.91666666667,"Medium"
"3250","Longview-Marshall",2014,1,18912060,133100,1755,9.7,2014,"Medium"
"3251","Longview-Marshall",2014,2,25276026,138900,1771,9.6,2014.08333333333,"Medium"
"3252","Longview-Marshall",2014,3,30903221,135000,1883,10.2,2014.16666666667,"Medium"
"3253","Longview-Marshall",2014,5,36949263,151400,1931,10.6,2014.33333333333,"Medium"
"3254","Longview-Marshall",2014,6,33493788,134200,1976,10.8,2014.41666666667,"Medium"
"3255","Longview-Marshall",2014,8,33853202,138000,1973,10.7,2014.58333333333,"Medium"
"3256","Longview-Marshall",2014,9,32131582,146200,1912,10.3,2014.66666666667,"Medium"
"3257","Longview-Marshall",2014,10,30594328,133000,1837,9.8,2014.75,"Medium"
"3258","Longview-Marshall",2014,11,26901273,140400,1718,9.1,2014.83333333333,"Medium"
"3259","Longview-Marshall",2014,12,34081634,149600,1694,8.8,2014.91666666667,"Medium"
"3260","Longview-Marshall",2015,1,18224348,131400,1766,9.1,2015,"Medium"
"3261","Longview-Marshall",2015,5,38018104,152100,1861,9.5,2015.33333333333,"Medium"
"3262","Longview-Marshall",2015,6,43893511,149400,1889,9.5,2015.41666666667,"Medium"
"3263","Longview-Marshall",2015,7,48382117,146100,1879,9.3,2015.5,"Medium"
"3264","Lubbock",2000,2,19475000,82900,767,3.8,2000.08333333333,"Medium"
"3265","Lubbock",2000,3,20790000,78200,764,3.8,2000.16666666667,"Medium"
"3266","Lubbock",2000,5,22550000,82100,778,3.9,2000.33333333333,"Medium"
"3267","Lubbock",2000,6,27920000,84200,754,3.8,2000.41666666667,"Medium"
"3268","Lubbock",2000,7,23900000,83400,798,4.1,2000.5,"Medium"
"3269","Lubbock",2000,8,24590000,82300,774,4,2000.58333333333,"Medium"
"3270","Lubbock",2000,9,19315000,81600,801,4.1,2000.66666666667,"Medium"
"3271","Lubbock",2000,12,15420000,76600,717,3.7,2000.91666666667,"Medium"
"3272","Lubbock",2001,1,14670000,81700,767,3.9,2001,"Medium"
"3273","Lubbock",2001,2,16475000,77400,782,4,2001.08333333333,"Medium"
"3274","Lubbock",2001,3,26265000,86200,810,4.1,2001.16666666667,"Medium"
"3275","Lubbock",2001,5,26790000,84300,833,4.2,2001.33333333333,"Medium"
"3276","Lubbock",2001,6,28600000,80600,862,4.3,2001.41666666667,"Medium"
"3277","Lubbock",2001,7,30435000,86300,836,4.1,2001.5,"Medium"
"3278","Lubbock",2001,8,26945000,83600,860,4.2,2001.58333333333,"Medium"
"3279","Lubbock",2001,9,18945000,81100,850,4.1,2001.66666666667,"Medium"
"3280","Lubbock",2001,10,21585000,88500,832,3.9,2001.75,"Medium"
"3281","Lubbock",2001,11,18220000,86900,769,3.6,2001.83333333333,"Medium"
"3282","Lubbock",2002,1,15760000,81300,753,3.4,2002,"Medium"
"3283","Lubbock",2002,3,24215000,80500,681,3.1,2002.16666666667,"Medium"
"3284","Lubbock",2002,4,26790000,88500,643,2.8,2002.25,"Medium"
"3285","Lubbock",2002,5,35645000,88400,598,2.6,2002.33333333333,"Medium"
"3286","Lubbock",2002,6,30800000,91600,639,2.8,2002.41666666667,"Medium"
"3287","Lubbock",2002,7,30305000,89500,655,2.8,2002.5,"Medium"
"3288","Lubbock",2002,9,25090000,92400,718,3,2002.66666666667,"Medium"
"3289","Lubbock",2002,10,24685000,88900,750,3.2,2002.75,"Medium"
"3290","Lubbock",2002,11,20615000,85700,753,3.2,2002.83333333333,"Medium"
"3291","Lubbock",2002,12,30370000,92100,697,2.9,2002.91666666667,"Medium"
"3292","Lubbock",2003,1,20375000,88700,727,3,2003,"Medium"
"3293","Lubbock",2003,3,23980000,92600,711,3,2003.16666666667,"Medium"
"3294","Lubbock",2003,4,33395000,92800,733,3,2003.25,"Medium"
"3295","Lubbock",2003,5,34460000,88900,757,3.2,2003.33333333333,"Medium"
"3296","Lubbock",2003,6,31450000,94500,798,3.3,2003.41666666667,"Medium"
"3297","Lubbock",2003,7,35355000,99300,853,3.5,2003.5,"Medium"
"3298","Lubbock",2003,8,42510000,98700,921,3.7,2003.58333333333,"Medium"
"3299","Lubbock",2003,9,34085000,105700,990,4,2003.66666666667,"Medium"
"3300","Lubbock",2003,10,28430000,91500,1027,4.1,2003.75,"Medium"
"3301","Lubbock",2003,12,28310000,96100,966,3.8,2003.91666666667,"Medium"
"3302","Lubbock",2004,2,20650000,94400,1033,4.2,2004.08333333333,"Medium"
"3303","Lubbock",2004,3,26830000,94500,1040,4.2,2004.16666666667,"Medium"
"3304","Lubbock",2004,4,28940000,92800,1054,4.3,2004.25,"Medium"
"3305","Lubbock",2004,5,39250000,93900,1065,4.3,2004.33333333333,"Medium"
"3306","Lubbock",2004,6,41645000,98800,1104,4.4,2004.41666666667,"Medium"
"3307","Lubbock",2004,9,21140000,96600,1246,5,2004.66666666667,"Medium"
"3308","Lubbock",2004,10,25285000,101700,1259,5.2,2004.75,"Medium"
"3309","Lubbock",2004,11,24400000,101300,1226,5,2004.83333333333,"Medium"
"3310","Lubbock",2005,1,16835000,86500,1241,5.1,2005,"Medium"
"3311","Lubbock",2005,4,37660000,98600,1243,5,2005.25,"Medium"
"3312","Lubbock",2005,6,42710000,105000,1309,5.2,2005.41666666667,"Medium"
"3313","Lubbock",2005,8,4e+07,93300,1459,5.7,2005.58333333333,"Medium"
"3314","Lubbock",2005,9,32475000,98300,1448,5.5,2005.66666666667,"Medium"
"3315","Lubbock",2005,10,33195000,101900,1435,5.4,2005.75,"Medium"
"3316","Lubbock",2005,11,30975000,112600,1392,5.1,2005.83333333333,"Medium"
"3317","Lubbock",2005,12,25875000,98600,1441,5.3,2005.91666666667,"Medium"
"3318","Lubbock",2006,1,20580000,85400,1360,5,2006,"Medium"
"3319","Lubbock",2006,2,29760000,107000,1382,5,2006.08333333333,"Medium"
"3320","Lubbock",2006,3,33470000,94200,1446,5.2,2006.16666666667,"Medium"
"3321","Lubbock",2006,4,34610000,99000,1461,5.3,2006.25,"Medium"
"3322","Lubbock",2006,5,41035000,97100,1483,5.3,2006.33333333333,"Medium"
"3323","Lubbock",2006,6,42415000,100200,1504,5.4,2006.41666666667,"Medium"
"3324","Lubbock",2006,8,45705000,107400,1555,5.6,2006.58333333333,"Medium"
"3325","Lubbock",2006,9,30460000,101900,1624,5.9,2006.66666666667,"Medium"
"3326","Lubbock",2006,10,28600000,98500,1582,5.8,2006.75,"Medium"
"3327","Lubbock",2006,11,32095000,104800,1608,5.8,2006.83333333333,"Medium"
"3328","Lubbock",2006,12,29760000,103800,1566,5.6,2006.91666666667,"Medium"
"3329","Lubbock",2007,1,23880000,101000,1633,5.9,2007,"Medium"
"3330","Lubbock",2007,2,30730000,103600,1661,5.9,2007.08333333333,"Medium"
"3331","Lubbock",2007,4,33760000,100300,1681,5.9,2007.25,"Medium"
"3332","Lubbock",2007,5,46560000,101800,1732,6,2007.33333333333,"Medium"
"3333","Lubbock",2007,6,48930000,107200,1833,6.3,2007.41666666667,"Medium"
"3334","Lubbock",2007,8,46235000,104900,1894,6.5,2007.58333333333,"Medium"
"3335","Lubbock",2007,9,26225000,97900,1873,6.5,2007.66666666667,"Medium"
"3336","Lubbock",2007,10,34970000,109400,1813,6.3,2007.75,"Medium"
"3337","Lubbock",2007,11,32910000,1e+05,1700,5.9,2007.83333333333,"Medium"
"3338","Lubbock",2007,12,29050000,101200,1558,5.4,2007.91666666667,"Medium"
"3339","Lubbock",2008,1,22580000,107700,1565,5.4,2008,"Medium"
"3340","Lubbock",2008,5,53910000,113100,1586,5.5,2008.33333333333,"Medium"
"3341","Lubbock",2008,6,49610000,107100,1621,5.6,2008.41666666667,"Medium"
"3342","Lubbock",2008,7,45255000,110000,1619,5.7,2008.5,"Medium"
"3343","Lubbock",2008,9,33360000,113200,1495,5.2,2008.66666666667,"Medium"
"3344","Lubbock",2008,10,27895000,116400,1529,5.4,2008.75,"Medium"
"3345","Lubbock",2008,11,20120000,103600,1503,5.5,2008.83333333333,"Medium"
"3346","Lubbock",2008,12,28115000,116700,1436,5.3,2008.91666666667,"Medium"
"3347","Lubbock",2009,1,17705000,108200,1452,5.4,2009,"Medium"
"3348","Lubbock",2009,2,25575000,112600,1510,5.7,2009.08333333333,"Medium"
"3349","Lubbock",2009,4,39285000,115200,1459,5.6,2009.25,"Medium"
"3350","Lubbock",2009,5,45605000,111400,1402,5.4,2009.33333333333,"Medium"
"3351","Lubbock",2009,6,53585000,115200,1371,5.3,2009.41666666667,"Medium"
"3352","Lubbock",2009,7,43620000,110300,1411,5.5,2009.5,"Medium"
"3353","Lubbock",2009,9,31955000,111000,1391,5.5,2009.66666666667,"Medium"
"3354","Lubbock",2009,10,34100001,114900,1355,5.2,2009.75,"Medium"
"3355","Lubbock",2009,11,34035905,107000,1362,5.1,2009.83333333333,"Medium"
"3356","Lubbock",2009,12,26220386,116200,1298,4.9,2009.91666666667,"Medium"
"3357","Lubbock",2010,1,17914313,108100,1416,5.3,2010,"Medium"
"3358","Lubbock",2010,2,20722575,110700,1458,5.6,2010.08333333333,"Medium"
"3359","Lubbock",2010,3,42391908,109800,1535,5.7,2010.16666666667,"Medium"
"3360","Lubbock",2010,4,44003147,114800,1501,5.6,2010.25,"Medium"
"3361","Lubbock",2010,6,44239700,116300,1709,6.5,2010.41666666667,"Medium"
"3362","Lubbock",2010,8,34297122,111700,1847,7.4,2010.58333333333,"Medium"
"3363","Lubbock",2010,9,29681315,126200,1805,7.3,2010.66666666667,"Medium"
"3364","Lubbock",2010,10,25702976,114100,1770,7.4,2010.75,"Medium"
"3365","Lubbock",2010,11,23804225,118500,1696,7.3,2010.83333333333,"Medium"
"3366","Lubbock",2011,1,18354714,110000,1662,7,2011,"Medium"
"3367","Lubbock",2011,2,20187712,102500,1618,6.9,2011.08333333333,"Medium"
"3368","Lubbock",2011,3,30208084,116100,1726,7.6,2011.16666666667,"Medium"
"3369","Lubbock",2011,4,32230242,106400,1768,8.1,2011.25,"Medium"
"3370","Lubbock",2011,5,41796627,114900,1755,8.2,2011.33333333333,"Medium"
"3371","Lubbock",2011,6,47549602,120500,1776,8.3,2011.41666666667,"Medium"
"3372","Lubbock",2011,7,45299546,119000,1762,8,2011.5,"Medium"
"3373","Lubbock",2011,9,36880176,120300,1720,7.5,2011.66666666667,"Medium"
"3374","Lubbock",2011,10,29121723,114500,1726,7.5,2011.75,"Medium"
"3375","Lubbock",2011,11,25517273,123500,1655,7.2,2011.83333333333,"Medium"
"3376","Lubbock",2011,12,32436160,118600,1531,6.6,2011.91666666667,"Medium"
"3377","Lubbock",2012,2,29288490,115900,1565,6.6,2012.08333333333,"Medium"
"3378","Lubbock",2012,3,38008497,120900,1562,6.5,2012.16666666667,"Medium"
"3379","Lubbock",2012,4,39482775,113500,1621,6.6,2012.25,"Medium"
"3380","Lubbock",2012,6,57557518,125800,1670,6.5,2012.41666666667,"Medium"
"3381","Lubbock",2012,7,45342778,121800,1637,6.4,2012.5,"Medium"
"3382","Lubbock",2012,8,53633940,119600,1662,6.3,2012.58333333333,"Medium"
"3383","Lubbock",2012,9,38566793,122600,1590,6.1,2012.66666666667,"Medium"
"3384","Lubbock",2012,10,39607330,123900,1468,5.5,2012.75,"Medium"
"3385","Lubbock",2012,11,38797374,123300,1400,5.1,2012.83333333333,"Medium"
"3386","Lubbock",2012,12,41940836,124600,1237,4.5,2012.91666666667,"Medium"
"3387","Lubbock",2013,1,32328477,119500,1231,4.3,2013,"Medium"
"3388","Lubbock",2013,2,41288203,124200,1206,4.2,2013.08333333333,"Medium"
"3389","Lubbock",2013,4,52351004,120000,1115,3.7,2013.25,"Medium"
"3390","Lubbock",2013,5,65309195,128900,1150,3.7,2013.33333333333,"Medium"
"3391","Lubbock",2013,8,59334674,130700,1224,3.8,2013.58333333333,"Medium"
"3392","Lubbock",2013,9,51199812,132300,1242,3.8,2013.66666666667,"Medium"
"3393","Lubbock",2013,10,45278594,130000,1265,3.8,2013.75,"Medium"
"3394","Lubbock",2014,1,33705478,124300,774,2.3,2014,"Medium"
"3395","Lubbock",2014,2,33139748,127600,1043,3.1,2014.08333333333,"Medium"
"3396","Lubbock",2014,3,43066279,133900,1105,3.4,2014.16666666667,"Medium"
"3397","Lubbock",2014,4,57937483,133500,1014,3.1,2014.25,"Medium"
"3398","Lubbock",2014,5,58397155,133400,1020,3.2,2014.33333333333,"Medium"
"3399","Lubbock",2014,7,65793023,137300,1120,3.6,2014.5,"Medium"
"3400","Lubbock",2014,8,60154521,143300,1042,3.3,2014.58333333333,"Medium"
"3401","Lubbock",2014,9,47888622,140000,959,3.1,2014.66666666667,"Medium"
"3402","Lubbock",2014,10,50480764,136800,1096,3.5,2014.75,"Medium"
"3403","Lubbock",2014,11,42076889,132000,1121,3.6,2014.83333333333,"Medium"
"3404","Lubbock",2014,12,44863266,133600,1039,3.3,2014.91666666667,"Medium"
"3405","Lubbock",2015,1,32389876,132400,979,3.1,2015,"Medium"
"3406","Lubbock",2015,2,38055770,130600,1046,3.4,2015.08333333333,"Medium"
"3407","Lubbock",2015,3,59268168,139100,1011,3.1,2015.16666666667,"Medium"
"3408","Lubbock",2015,4,59454618,137000,979,3,2015.25,"Medium"
"3409","Lubbock",2015,5,72716209,140500,1010,3.1,2015.33333333333,"Medium"
"3410","Lubbock",2015,6,72529370,141400,1047,3.2,2015.41666666667,"Medium"
"3411","Lubbock",2015,7,73236112,141400,1160,3.5,2015.5,"Medium"
"3412","Lufkin",2000,2,3030000,75000,343,7.7,2000.08333333333,"Low"
"3413","Lufkin",2000,5,4135000,75000,352,7.9,2000.33333333333,"Low"
"3414","Lufkin",2000,6,4695000,75000,354,8.1,2000.41666666667,"Low"
"3415","Lufkin",2000,7,3200000,86700,362,8.6,2000.5,"Low"
"3416","Lufkin",2000,8,2815000,66700,362,9,2000.58333333333,"Low"
"3417","Lufkin",2000,9,5420000,67900,350,8.5,2000.66666666667,"Low"
"3418","Lufkin",2000,11,4025000,105000,341,8,2000.83333333333,"Low"
"3419","Lufkin",2000,12,3105000,82500,349,8.3,2000.91666666667,"Low"
"3420","Lufkin",2001,1,2175000,80000,349,8.4,2001,"Low"
"3421","Lufkin",2001,2,3405000,87500,404,9.8,2001.08333333333,"Low"
"3422","Lufkin",2001,3,4965000,85000,397,9.5,2001.16666666667,"Low"
"3423","Lufkin",2001,5,5245000,85000,448,10.7,2001.33333333333,"Low"
"3424","Lufkin",2001,6,6840000,87000,429,10.1,2001.41666666667,"Low"
"3425","Lufkin",2001,8,3710000,75800,417,9.4,2001.58333333333,"Low"
"3426","Lufkin",2002,7,7085000,81200,370,7.3,2002.5,"Low"
"3427","Lufkin",2003,7,5655000,85000,711,12.7,2003.5,"Low"
"3428","Lufkin",2003,12,4500000,81000,780,14.4,2003.91666666667,"Low"
"3429","Lufkin",2004,1,3775000,81700,764,14.3,2004,"Low"
"3430","Lufkin",2004,2,4995000,86700,795,14.5,2004.08333333333,"Low"
"3431","Lufkin",2004,7,5735000,78300,828,14.9,2004.5,"Low"
"3432","Lufkin",2005,1,5450000,106700,720,11.9,2005,"Low"
"3433","Lufkin",2010,5,7028800,121000,387,8.4,2010.33333333333,"Low"
"3434","Lufkin",2010,6,7630850,120000,398,8.6,2010.41666666667,"Low"
"3435","Lufkin",2010,7,6904075,140000,421,9.3,2010.5,"Low"
"3436","Lufkin",2010,9,4700950,124000,409,9.3,2010.66666666667,"Low"
"3437","Lufkin",2010,10,4387325,105000,387,9,2010.75,"Low"
"3438","Lufkin",2010,11,7184710,143300,395,9.2,2010.83333333333,"Low"
"3439","Lufkin",2010,12,4734140,82500,384,9,2010.91666666667,"Low"
"3440","Lufkin",2011,2,3459500,110000,392,9.3,2011.08333333333,"Low"
"3441","Lufkin",2011,3,5656700,125000,392,9.5,2011.16666666667,"Low"
"3442","Lufkin",2011,5,6136791,102000,420,10.4,2011.33333333333,"Low"
"3443","Lufkin",2011,8,7586567,110000,399,9.4,2011.58333333333,"Low"
"3444","Lufkin",2011,9,7603400,108900,409,9.2,2011.66666666667,"Low"
"3445","Lufkin",2011,10,4628850,91700,400,9,2011.75,"Low"
"3446","Lufkin",2011,11,3381900,89000,399,9.2,2011.83333333333,"Low"
"3447","Lufkin",2011,12,3667400,112500,374,8.9,2011.91666666667,"Low"
"3448","Lufkin",2012,1,4078800,124000,386,9.1,2012,"Low"
"3449","Lufkin",2012,2,4138205,1e+05,415,9.7,2012.08333333333,"Low"
"3450","Lufkin",2012,3,7664455,106700,415,9.5,2012.16666666667,"Low"
"3451","Lufkin",2012,4,5723176,118300,418,9.5,2012.25,"Low"
"3452","Lufkin",2012,5,7421650,136200,418,9.5,2012.33333333333,"Low"
"3453","Lufkin",2012,7,5726800,123000,448,10.2,2012.5,"Low"
"3454","Lufkin",2012,8,8309429,148300,442,10.1,2012.58333333333,"Low"
"3455","Lufkin",2012,9,7531450,127500,449,10.4,2012.66666666667,"Low"
"3456","Lufkin",2012,10,4955499,124000,417,9.6,2012.75,"Low"
"3457","Lufkin",2012,11,4479779,136700,414,9.5,2012.83333333333,"Low"
"3458","Lufkin",2012,12,5723090,125000,407,9.1,2012.91666666667,"Low"
"3459","Lufkin",2013,1,4758595,111700,401,8.8,2013,"Low"
"3460","Lufkin",2013,3,7100065,145000,416,9.3,2013.16666666667,"Low"
"3461","Lufkin",2013,4,11580743,141200,404,8.5,2013.25,"Low"
"3462","Lufkin",2013,5,8684877,120000,416,8.7,2013.33333333333,"Low"
"3463","Lufkin",2013,7,9586284,140000,435,9,2013.5,"Low"
"3464","Lufkin",2013,9,5829950,110000,439,9.4,2013.66666666667,"Low"
"3465","Lufkin",2013,10,6279000,133300,450,9.6,2013.75,"Low"
"3466","Lufkin",2013,11,4940075,116700,443,9.3,2013.83333333333,"Low"
"3467","Lufkin",2013,12,8747800,126700,413,8.6,2013.91666666667,"Low"
"3468","Lufkin",2014,2,4293900,90000,441,9.2,2014.08333333333,"Low"
"3469","Lufkin",2014,4,9628726,130000,99,2.1,2014.25,"Low"
"3470","Lufkin",2014,5,7450710,118000,491,10.4,2014.33333333333,"Low"
"3471","Lufkin",2014,6,10458222,152500,491,10.1,2014.41666666667,"Low"
"3472","Lufkin",2014,8,8897550,150000,489,10,2014.58333333333,"Low"
"3473","Lufkin",2014,9,8832160,134500,483,9.6,2014.66666666667,"Low"
"3474","Lufkin",2014,10,9318700,145700,454,8.7,2014.75,"Low"
"3475","Lufkin",2014,11,7142800,125000,453,8.5,2014.83333333333,"Low"
"3476","Lufkin",2014,12,9810300,161400,410,7.7,2014.91666666667,"Low"
"3477","Lufkin",2015,1,6865950,134000,404,7.6,2015,"Low"
"3478","Lufkin",2015,2,5157977,110000,387,7.2,2015.08333333333,"Low"
"3479","Lufkin",2015,3,8001585,134300,400,7.4,2015.16666666667,"Low"
"3480","Lufkin",2015,4,10364386,155000,413,7.6,2015.25,"Low"
"3481","Lufkin",2015,5,7211936,140000,408,7.6,2015.33333333333,"Low"
"3482","Lufkin",2015,6,12051050,160000,408,7.5,2015.41666666667,"Low"
"3483","McAllen",2000,1,5590000,69400,1303,14.1,2000,"Low"
"3484","McAllen",2000,2,8925000,73200,1295,13.7,2000.08333333333,"Medium"
"3485","McAllen",2000,4,6860000,80000,1267,14,2000.25,"Low"
"3486","McAllen",2000,5,12335000,78100,1288,13.6,2000.33333333333,"Medium"
"3487","McAllen",2000,6,12570000,82000,186,1.9,2000.41666666667,"Medium"
"3488","McAllen",2000,8,10855000,77700,542,5.5,2000.58333333333,"Medium"
"3489","McAllen",2000,9,10710000,85000,528,5.4,2000.66666666667,"Medium"
"3490","McAllen",2000,11,9520000,84600,2437,24.6,2000.83333333333,"Low"
"3491","McAllen",2002,8,19720000,89300,1263,9.6,2002.58333333333,"Medium"
"3492","McAllen",2002,9,13370000,87900,1300,9.8,2002.66666666667,"Medium"
"3493","McAllen",2002,12,16195000,90000,1267,9.4,2002.91666666667,"Medium"
"3494","McAllen",2003,4,14650000,86800,1326,9.7,2003.25,"Medium"
"3495","McAllen",2004,2,16465000,88900,1535,10.2,2004.08333333333,"Medium"
"3496","McAllen",2004,5,20355000,102500,1622,10.1,2004.33333333333,"Medium"
"3497","McAllen",2007,12,24115000,106300,2573,13.5,2007.91666666667,"Medium"
"3498","McAllen",2008,1,22365000,1e+05,2769,14.4,2008,"Medium"
"3499","McAllen",2008,2,24345000,97300,2759,14.1,2008.08333333333,"Medium"
"3500","McAllen",2008,3,18510000,89100,2793,14.7,2008.16666666667,"Medium"
"3501","McAllen",2008,5,28620000,100400,2852,15.2,2008.33333333333,"Medium"
"3502","McAllen",2008,6,20220000,105500,2823,15,2008.41666666667,"Medium"
"3503","McAllen",2008,8,29115000,106500,2764,14.8,2008.58333333333,"Medium"
"3504","McAllen",2008,9,25015000,117100,2737,14.7,2008.66666666667,"Medium"
"3505","McAllen",2008,10,26060000,108600,2631,14.1,2008.75,"Medium"
"3506","McAllen",2008,11,13200000,101100,2584,14.3,2008.83333333333,"Medium"
"3507","McAllen",2009,1,13785000,91200,2304,13.2,2009,"Medium"
"3508","McAllen",2009,2,15640000,90400,2230,13.2,2009.08333333333,"Medium"
"3509","McAllen",2009,3,21420000,94700,2182,12.8,2009.16666666667,"Medium"
"3510","McAllen",2009,4,20335000,89700,2085,12.3,2009.25,"Medium"
"3511","McAllen",2009,5,19285000,96800,2078,12.7,2009.33333333333,"Medium"
"3512","McAllen",2009,6,23480000,110000,2176,13.1,2009.41666666667,"Medium"
"3513","McAllen",2009,7,21330000,108700,2272,13.6,2009.5,"Medium"
"3514","McAllen",2009,8,16355000,104800,2230,13.9,2009.58333333333,"Medium"
"3515","McAllen",2009,9,22405000,104100,2231,13.9,2009.66666666667,"Medium"
"3516","McAllen",2009,10,23678472,101500,2188,13.6,2009.75,"Medium"
"3517","McAllen",2009,12,19747456,100500,2053,12.6,2009.91666666667,"Medium"
"3518","McAllen",2010,1,15292975,93800,2217,13.5,2010,"Medium"
"3519","McAllen",2010,3,29166400,93800,2011,11.8,2010.16666666667,"Medium"
"3520","McAllen",2010,5,22875778,104300,2556,14.4,2010.33333333333,"Medium"
"3521","McAllen",2010,7,20658636,122800,2185,12.5,2010.5,"Medium"
"3522","McAllen",2010,9,15629850,102300,2146,12.7,2010.66666666667,"Medium"
"3523","McAllen",2010,10,17708221,97000,2142,12.9,2010.75,"Medium"
"3524","McAllen",2010,11,19906886,106000,2315,13.9,2010.83333333333,"Medium"
"3525","McAllen",2010,12,17958669,98100,2230,13.5,2010.91666666667,"Medium"
"3526","McAllen",2011,1,13833552,1e+05,2233,13.6,2011,"Medium"
"3527","McAllen",2011,2,14175787,108200,2232,13.8,2011.08333333333,"Medium"
"3528","McAllen",2011,3,22222756,98800,2218,14.3,2011.16666666667,"Medium"
"3529","McAllen",2011,4,26904957,96000,2218,14.5,2011.25,"Medium"
"3530","McAllen",2011,6,16781167,104100,2249,15.3,2011.41666666667,"Medium"
"3531","McAllen",2011,7,15510210,109100,2244,15.5,2011.5,"Medium"
"3532","McAllen",2011,9,17495267,96900,2244,14.9,2011.66666666667,"Medium"
"3533","McAllen",2011,10,16376469,103600,2278,15.3,2011.75,"Medium"
"3534","McAllen",2011,11,18735990,115300,2265,15.3,2011.83333333333,"Medium"
"3535","McAllen",2011,12,13997048,98800,2088,14.4,2011.91666666667,"Medium"
"3536","McAllen",2012,1,11010270,104300,2171,15.2,2012,"Medium"
"3537","McAllen",2012,2,13198331,93100,2242,15.6,2012.08333333333,"Medium"
"3538","McAllen",2012,5,25805990,97600,2191,15.3,2012.33333333333,"Medium"
"3539","McAllen",2012,6,20799585,112100,2126,14.6,2012.41666666667,"Medium"
"3540","McAllen",2012,7,24403777,105200,2154,14.3,2012.5,"Medium"
"3541","McAllen",2012,8,19722903,98200,2153,14.5,2012.58333333333,"Medium"
"3542","McAllen",2012,9,19555541,108200,2165,14.6,2012.66666666667,"Medium"
"3543","McAllen",2012,10,25228949,100600,2193,14.2,2012.75,"Medium"
"3544","McAllen",2013,1,16082491,110000,2147,13.6,2013,"Medium"
"3545","McAllen",2013,2,18045861,107100,2147,13.3,2013.08333333333,"Medium"
"3546","McAllen",2013,4,19990778,109300,2218,13.7,2013.25,"Medium"
"3547","McAllen",2013,5,25314299,112800,2247,14.1,2013.33333333333,"Medium"
"3548","McAllen",2013,6,27724189,115800,2225,13.7,2013.41666666667,"Medium"
"3549","McAllen",2013,8,19584061,115000,2247,13.9,2013.58333333333,"Medium"
"3550","McAllen",2013,9,22353425,114400,2204,13.6,2013.66666666667,"Medium"
"3551","McAllen",2013,11,18503135,115700,2308,14.2,2013.83333333333,"Medium"
"3552","McAllen",2013,12,16139062,110600,2136,13.3,2013.91666666667,"Medium"
"3553","McAllen",2014,1,14227423,99500,2248,14.1,2014,"Medium"
"3554","McAllen",2014,2,15647395,106200,2218,14,2014.08333333333,"Medium"
"3555","McAllen",2014,3,26125290,119400,2198,13.7,2014.16666666667,"Medium"
"3556","McAllen",2014,5,22425845,113600,2270,13.9,2014.33333333333,"Medium"
"3557","McAllen",2014,7,27854369,128000,2297,13.8,2014.5,"Medium"
"3558","McAllen",2014,10,24712328,122000,2254,13.4,2014.75,"Medium"
"3559","McAllen",2014,11,19694164,113800,2206,13.1,2014.83333333333,"Medium"
"3560","McAllen",2015,2,14125311,111400,2149,12.1,2015.08333333333,"Medium"
"3561","McAllen",2015,3,21855944,118000,2175,12.4,2015.16666666667,"Medium"
"3562","McAllen",2015,4,23057144,125800,2199,12.8,2015.25,"Medium"
"3563","McAllen",2015,6,21855944,118000,2175,12.8,2015.41666666667,"Medium"
"3564","McAllen",2015,7,31962432,128700,2304,13.4,2015.5,"Medium"
"3565","Midland",2006,11,22035000,137000,259,1.6,2006.83333333333,"Medium"
"3566","Midland",2006,12,18180000,141800,231,1.4,2006.91666666667,"Medium"
"3567","Midland",2007,1,18560000,150600,242,1.6,2007,"Medium"
"3568","Midland",2007,2,20760000,135600,249,1.6,2007.08333333333,"Medium"
"3569","Midland",2007,3,27370000,148600,246,1.6,2007.16666666667,"Medium"
"3570","Midland",2007,4,25265000,151100,235,1.5,2007.25,"Medium"
"3571","Midland",2007,6,36145000,171500,254,1.7,2007.41666666667,"Medium"
"3572","Midland",2007,7,33890000,156900,263,1.7,2007.5,"Medium"
"3573","Midland",2007,8,34525000,167500,279,1.8,2007.58333333333,"Medium"
"3574","Midland",2007,9,29030000,167900,287,1.9,2007.66666666667,"Medium"
"3575","Midland",2007,10,27130000,167600,301,2,2007.75,"Medium"
"3576","Midland",2007,11,24105000,152500,332,2.2,2007.83333333333,"Medium"
"3577","Midland",2007,12,23610000,186000,346,2.3,2007.91666666667,"Medium"
"3578","Midland",2008,1,20470000,165600,352,2.3,2008,"Medium"
"3579","Midland",2008,3,33680000,177300,286,1.9,2008.16666666667,"Medium"
"3580","Midland",2008,4,33845000,162400,264,1.7,2008.25,"Medium"
"3581","Midland",2008,5,33340000,164500,297,1.9,2008.33333333333,"Medium"
"3582","Midland",2008,6,33035000,179500,332,2.1,2008.41666666667,"Medium"
"3583","Midland",2008,9,25740000,180500,414,2.7,2008.66666666667,"Medium"
"3584","Midland",2008,10,24690000,170000,493,3.2,2008.75,"Medium"
"3585","Midland",2008,11,14025000,166300,522,3.5,2008.83333333333,"Low"
"3586","Midland",2008,12,19160000,175000,558,3.8,2008.91666666667,"Medium"
"3587","Midland",2009,1,11910000,166700,565,3.9,2009,"Low"
"3588","Midland",2009,2,18555000,170000,544,3.9,2009.08333333333,"Medium"
"3589","Midland",2009,3,22490000,169400,555,4.1,2009.16666666667,"Medium"
"3590","Midland",2009,4,24235000,174400,534,4.1,2009.25,"Medium"
"3591","Midland",2009,5,26465000,176800,553,4.4,2009.33333333333,"Medium"
"3592","Midland",2009,6,35085000,191800,538,4.3,2009.41666666667,"Medium"
"3593","Midland",2009,7,30320000,167300,544,4.4,2009.5,"Medium"
"3594","Midland",2009,8,28060000,168500,548,4.5,2009.58333333333,"Medium"
"3595","Midland",2009,9,23465000,164800,553,4.6,2009.66666666667,"Medium"
"3596","Midland",2009,10,23029931,165500,557,4.7,2009.75,"Medium"
"3597","Midland",2009,11,19335000,161700,541,4.4,2009.83333333333,"Medium"
"3598","Midland",2009,12,18181850,168900,522,4.3,2009.91666666667,"Low"
"3599","Midland",2010,2,19880017,175400,0,0,2010.08333333333,"Medium"
"3600","Midland",2010,4,28927746,162800,699,5.5,2010.25,"Medium"
"3601","Midland",2010,5,30114297,171800,495,3.8,2010.33333333333,"Medium"
"3602","Midland",2010,7,27920612,192000,841,6.5,2010.5,"Medium"
"3603","Midland",2010,8,24686787,174700,825,6.5,2010.58333333333,"Medium"
"3604","Midland",2010,9,24570307,189100,798,6.3,2010.66666666667,"Medium"
"3605","Midland",2010,10,20583435,170600,778,6.2,2010.75,"Medium"
"3606","Midland",2010,11,22186144,180000,719,5.8,2010.83333333333,"Low"
"3607","Midland",2010,12,24236433,185000,651,5.2,2010.91666666667,"Medium"
"3608","Midland",2011,2,25450885,178800,642,5,2011.08333333333,"Medium"
"3609","Midland",2011,3,32104870,186900,628,4.9,2011.16666666667,"Medium"
"3610","Midland",2011,4,27171896,148500,633,4.9,2011.25,"Medium"
"3611","Midland",2011,5,39994139,194500,599,4.6,2011.33333333333,"Medium"
"3612","Midland",2011,6,33763761,186700,624,4.8,2011.41666666667,"Medium"
"3613","Midland",2011,7,34013830,190000,666,5.1,2011.5,"Medium"
"3614","Midland",2011,8,43273705,196200,696,5.1,2011.58333333333,"Medium"
"3615","Midland",2011,11,25590986,202100,560,3.9,2011.83333333333,"Medium"
"3616","Midland",2012,1,26196608,203900,433,3,2012,"Medium"
"3617","Midland",2012,2,35654751,185700,386,2.6,2012.08333333333,"Medium"
"3618","Midland",2012,4,32161066,201900,380,2.6,2012.25,"Medium"
"3619","Midland",2012,5,44467837,231600,456,3.1,2012.33333333333,"Medium"
"3620","Midland",2012,6,39643093,206700,514,3.4,2012.41666666667,"Medium"
"3621","Midland",2012,7,44817998,190500,571,3.7,2012.5,"Medium"
"3622","Midland",2012,8,43966422,218900,593,3.9,2012.58333333333,"Medium"
"3623","Midland",2012,9,37413224,201000,551,3.6,2012.66666666667,"Medium"
"3624","Midland",2012,10,40899914,222400,539,3.5,2012.75,"Medium"
"3625","Midland",2012,11,35574373,212500,503,3.2,2012.83333333333,"Medium"
"3626","Midland",2013,1,24026375,216200,451,2.9,2013,"Medium"
"3627","Midland",2013,2,31973317,226000,349,2.2,2013.08333333333,"Medium"
"3628","Midland",2013,3,43974843,177100,327,2,2013.16666666667,"Medium"
"3629","Midland",2013,4,38268470,211500,348,2.2,2013.25,"Medium"
"3630","Midland",2013,5,39551293,230600,379,2.4,2013.33333333333,"Medium"
"3631","Midland",2013,6,45595923,229700,392,2.4,2013.41666666667,"Medium"
"3632","Midland",2013,7,48389349,231400,434,2.7,2013.5,"Medium"
"3633","Midland",2013,8,48096185,246800,505,3.2,2013.58333333333,"Medium"
"3634","Midland",2013,9,45521787,244000,487,3.1,2013.66666666667,"Medium"
"3635","Midland",2013,10,39922788,225800,514,3.3,2013.75,"Medium"
"3636","Midland",2013,11,34984981,235200,541,3.4,2013.83333333333,"Medium"
"3637","Midland",2014,1,34234377,251500,533,3.4,2014,"Medium"
"3638","Midland",2014,2,33468574,233300,493,3.1,2014.08333333333,"Medium"
"3639","Midland",2014,3,45865307,230800,274,1.8,2014.16666666667,"Medium"
"3640","Midland",2014,4,44435674,227000,546,3.6,2014.25,"Medium"
"3641","Midland",2014,5,45524484,240400,550,3.6,2014.33333333333,"Medium"
"3642","Midland",2014,6,70836346,283100,550,3.5,2014.41666666667,"Medium"
"3643","Midland",2014,7,58670179,247900,542,3.4,2014.5,"Medium"
"3644","Midland",2014,8,54336773,249200,590,3.7,2014.58333333333,"Medium"
"3645","Midland",2014,9,49865725,246800,587,3.6,2014.66666666667,"Medium"
"3646","Midland",2014,11,47034982,250000,629,3.8,2014.83333333333,"Medium"
"3647","Midland",2014,12,44922948,237500,653,3.8,2014.91666666667,"Medium"
"3648","Midland",2015,3,36197585,235700,853,5.3,2015.16666666667,"Medium"
"3649","Midland",2015,5,55855836,244200,434,2.7,2015.33333333333,"Medium"
"3650","Midland",2015,6,63667557,257700,797,4.9,2015.41666666667,"Medium"
"3651","Montgomery County",2000,2,51582288,135500,2148,6,2000.08333333333,"Medium"
"3652","Montgomery County",2000,3,64497180,120700,2251,6.2,2000.16666666667,"Medium"
"3653","Montgomery County",2000,5,70040083,131900,2447,6.6,2000.33333333333,"Medium"
"3654","Montgomery County",2000,7,84625173,147200,2561,6.8,2000.5,"Medium"
"3655","Montgomery County",2000,8,76996741,135200,2538,6.8,2000.58333333333,"Medium"
"3656","Montgomery County",2000,9,55851169,132300,2528,6.7,2000.66666666667,"Medium"
"3657","Montgomery County",2000,10,50656134,128800,2502,6.7,2000.75,"Medium"
"3658","Montgomery County",2000,11,48150044,125000,2429,6.5,2000.83333333333,"Medium"
"3659","Montgomery County",2001,1,36908197,128600,2498,6.7,2001,"Medium"
"3660","Montgomery County",2001,2,41458347,127000,2582,7,2001.08333333333,"Medium"
"3661","Montgomery County",2001,3,55728773,126000,2788,7.6,2001.16666666667,"Medium"
"3662","Montgomery County",2001,4,70683241,139500,2851,7.8,2001.25,"Medium"
"3663","Montgomery County",2001,7,86092885,138100,2930,7.9,2001.5,"Medium"
"3664","Montgomery County",2001,10,52891134,128400,2825,7.6,2001.75,"Medium"
"3665","Montgomery County",2001,11,54289248,137600,2751,7.4,2001.83333333333,"Medium"
"3666","Montgomery County",2001,12,69600436,141200,2580,6.8,2001.91666666667,"Medium"
"3667","Montgomery County",2002,1,43545301,131900,2725,7.1,2002,"Medium"
"3668","Montgomery County",2002,2,50489522,141200,2874,7.5,2002.08333333333,"Medium"
"3669","Montgomery County",2002,3,67134214,138700,2967,7.7,2002.16666666667,"Medium"
"3670","Montgomery County",2002,4,80417126,139100,3084,7.9,2002.25,"Medium"
"3671","Montgomery County",2002,5,92387158,141300,3158,8,2002.33333333333,"Medium"
"3672","Montgomery County",2002,6,84662993,146700,3347,8.5,2002.41666666667,"Medium"
"3673","Montgomery County",2002,7,94850613,141600,3376,8.5,2002.5,"Medium"
"3674","Montgomery County",2002,8,91372576,137400,3429,8.7,2002.58333333333,"Medium"
"3675","Montgomery County",2002,10,74236993,135300,3401,8.3,2002.75,"Medium"
"3676","Montgomery County",2002,11,53267782,138700,3386,8.3,2002.83333333333,"Medium"
"3677","Montgomery County",2002,12,66136351,140000,3268,8.1,2002.91666666667,"Medium"
"3678","Montgomery County",2003,1,47016745,131300,3353,8.2,2003,"Medium"
"3679","Montgomery County",2003,2,56971638,143300,3502,8.6,2003.08333333333,"Medium"
"3680","Montgomery County",2003,3,68063298,142600,3570,8.7,2003.16666666667,"Medium"
"3681","Montgomery County",2003,4,72675560,143300,3659,8.9,2003.25,"Medium"
"3682","Montgomery County",2003,6,117200968,157500,3689,8.6,2003.41666666667,"High"
"3683","Montgomery County",2003,7,119139036,153000,3777,8.7,2003.5,"High"
"3684","Montgomery County",2003,8,108498489,148600,3732,8.4,2003.58333333333,"High"
"3685","Montgomery County",2003,9,75895198,135600,3751,8.4,2003.66666666667,"Medium"
"3686","Montgomery County",2003,10,83394580,133000,3734,8.2,2003.75,"Medium"
"3687","Montgomery County",2003,11,67982207,133700,3683,8,2003.83333333333,"Medium"
"3688","Montgomery County",2003,12,87137740,140600,3385,7.2,2003.91666666667,"Medium"
"3689","Montgomery County",2004,1,52690257,122400,3536,7.5,2004,"Medium"
"3690","Montgomery County",2004,2,69920372,139800,3631,7.6,2004.08333333333,"Medium"
"3691","Montgomery County",2004,3,98999102,137200,3754,7.6,2004.16666666667,"High"
"3692","Montgomery County",2004,4,91836156,144400,3968,7.9,2004.25,"Medium"
"3693","Montgomery County",2004,5,99738401,141400,3973,7.9,2004.33333333333,"High"
"3694","Montgomery County",2004,6,144367298,158100,3915,7.7,2004.41666666667,"High"
"3695","Montgomery County",2004,7,130170496,155500,3909,7.6,2004.5,"High"
"3696","Montgomery County",2004,8,107470422,145500,3877,7.5,2004.58333333333,"High"
"3697","Montgomery County",2004,9,100246831,138100,3900,7.5,2004.66666666667,"High"
"3698","Montgomery County",2004,10,89373196,135500,3855,7.4,2004.75,"Medium"
"3699","Montgomery County",2004,11,83696216,141500,3758,7.2,2004.83333333333,"Medium"
"3700","Montgomery County",2005,1,62704265,138400,3670,6.9,2005,"Medium"
"3701","Montgomery County",2005,2,88685543,147100,3717,6.9,2005.08333333333,"Medium"
"3702","Montgomery County",2005,3,106793343,152800,3814,7.2,2005.16666666667,"High"
"3703","Montgomery County",2005,4,126591910,160400,3935,7.3,2005.25,"High"
"3704","Montgomery County",2005,5,150914377,162600,3968,7.2,2005.33333333333,"High"
"3705","Montgomery County",2005,6,181376147,166700,3929,7,2005.41666666667,"High"
"3706","Montgomery County",2005,7,169081619,159400,3829,6.7,2005.5,"High"
"3707","Montgomery County",2005,8,170055538,161100,3794,6.4,2005.58333333333,"High"
"3708","Montgomery County",2005,9,120527450,160000,3642,6.1,2005.66666666667,"High"
"3709","Montgomery County",2005,10,112710918,152300,3564,5.9,2005.75,"High"
"3710","Montgomery County",2005,11,117376173,154200,3410,5.5,2005.83333333333,"High"
"3711","Montgomery County",2005,12,135828646,159800,3248,5.2,2005.91666666667,"High"
"3712","Montgomery County",2006,1,85321950,152800,3345,5.3,2006,"Medium"
"3713","Montgomery County",2006,2,102693248,155200,3354,5.3,2006.08333333333,"Medium"
"3714","Montgomery County",2006,3,163539331,156700,3418,5.3,2006.16666666667,"High"
"3715","Montgomery County",2006,5,192246723,172400,3611,5.4,2006.33333333333,"High"
"3716","Montgomery County",2006,6,222757002,171300,3652,5.4,2006.41666666667,"High"
"3717","Montgomery County",2006,7,190664538,171600,3698,5.4,2006.5,"High"
"3718","Montgomery County",2006,8,176422601,164900,3638,5.3,2006.58333333333,"High"
"3719","Montgomery County",2006,9,153754192,162600,3589,5.2,2006.66666666667,"High"
"3720","Montgomery County",2006,10,133594271,157900,3578,5.2,2006.75,"High"
"3721","Montgomery County",2006,11,131576987,160400,3598,5.1,2006.83333333333,"High"
"3722","Montgomery County",2006,12,146643923,161300,3331,4.7,2006.91666666667,"High"
"3723","Montgomery County",2007,1,104120412,157200,3400,4.8,2007,"Medium"
"3724","Montgomery County",2007,3,159985312,166700,3676,5.1,2007.16666666667,"High"
"3725","Montgomery County",2007,4,149066732,168700,3839,5.3,2007.25,"High"
"3726","Montgomery County",2007,5,199381986,175100,3967,5.5,2007.33333333333,"High"
"3727","Montgomery County",2007,6,207022258,179600,4115,5.8,2007.41666666667,"High"
"3728","Montgomery County",2007,7,197583189,185600,3937,5.6,2007.5,"High"
"3729","Montgomery County",2007,8,214542345,175400,3902,5.5,2007.58333333333,"High"
"3730","Montgomery County",2007,9,136175292,171700,3942,5.6,2007.66666666667,"High"
"3731","Montgomery County",2007,11,118134004,171700,3824,5.6,2007.83333333333,"High"
"3732","Montgomery County",2007,12,126141072,167200,3639,5.4,2007.91666666667,"High"
"3733","Montgomery County",2008,1,87161870,168600,3691,5.6,2008,"Medium"
"3734","Montgomery County",2008,2,113487645,170200,3688,5.6,2008.08333333333,"Medium"
"3735","Montgomery County",2008,3,136045521,171000,3838,5.9,2008.16666666667,"High"
"3736","Montgomery County",2008,4,135998344,169500,3950,6.2,2008.25,"High"
"3737","Montgomery County",2008,5,164690422,187100,4000,6.4,2008.33333333333,"High"
"3738","Montgomery County",2008,6,188781176,196300,4124,6.7,2008.41666666667,"High"
"3739","Montgomery County",2008,8,154817138,177900,3852,6.6,2008.58333333333,"High"
"3740","Montgomery County",2008,9,110250070,180600,3751,6.6,2008.66666666667,"Medium"
"3741","Montgomery County",2008,11,67232889,161700,3547,6.6,2008.83333333333,"Medium"
"3742","Montgomery County",2009,1,56573293,146000,3419,6.5,2009,"Medium"
"3743","Montgomery County",2009,3,102336623,168400,3706,7.4,2009.16666666667,"Medium"
"3744","Montgomery County",2009,4,97760110,181900,3654,7.5,2009.25,"Medium"
"3745","Montgomery County",2009,5,127195783,186100,3670,7.7,2009.33333333333,"Medium"
"3746","Montgomery County",2009,9,121079312,170900,3381,7.2,2009.66666666667,"High"
"3747","Montgomery County",2009,10,116469123,169800,3317,6.9,2009.75,"High"
"3748","Montgomery County",2009,12,109420419,181900,3080,6.2,2009.91666666667,"Medium"
"3749","Montgomery County",2010,1,66477578,158800,3298,6.7,2010,"Medium"
"3750","Montgomery County",2010,2,84790909,170300,3470,7,2010.08333333333,"Medium"
"3751","Montgomery County",2010,3,121953270,177400,3674,7.3,2010.16666666667,"High"
"3752","Montgomery County",2010,4,133208954,175000,3772,7.3,2010.25,"High"
"3753","Montgomery County",2010,5,144351363,176600,3936,7.5,2010.33333333333,"High"
"3754","Montgomery County",2010,6,163234328,179800,4216,8,2010.41666666667,"High"
"3755","Montgomery County",2010,7,137337887,189000,4248,8.2,2010.5,"High"
"3756","Montgomery County",2010,8,134820849,185700,4202,8.2,2010.58333333333,"Medium"
"3757","Montgomery County",2010,9,120796350,195000,4090,8.1,2010.66666666667,"Medium"
"3758","Montgomery County",2010,10,113032865,182900,3859,7.7,2010.75,"Medium"
"3759","Montgomery County",2010,11,102622935,178100,3712,7.5,2010.83333333333,"Medium"
"3760","Montgomery County",2010,12,102697606,174100,3500,7.1,2010.91666666667,"Medium"
"3761","Montgomery County",2011,1,73972513,174200,3533,7.1,2011,"Medium"
"3762","Montgomery County",2011,2,89818041,179100,3638,7.3,2011.08333333333,"Medium"
"3763","Montgomery County",2011,3,131683910,183100,3886,7.8,2011.16666666667,"Medium"
"3764","Montgomery County",2011,4,123801438,182400,3967,8.1,2011.25,"Medium"
"3765","Montgomery County",2011,5,146601224,183700,3996,8.2,2011.33333333333,"High"
"3766","Montgomery County",2011,7,152465705,197100,3833,7.8,2011.5,"High"
"3767","Montgomery County",2011,8,174369087,194900,3595,7.2,2011.58333333333,"High"
"3768","Montgomery County",2011,10,102178763,179600,3353,6.6,2011.75,"Medium"
"3769","Montgomery County",2011,11,95219968,174400,3230,6.4,2011.83333333333,"Medium"
"3770","Montgomery County",2011,12,116764993,185600,3066,6,2011.91666666667,"Medium"
"3771","Montgomery County",2012,1,77475784,165300,3070,6,2012,"Medium"
"3772","Montgomery County",2012,2,91923318,175200,3112,6.1,2012.08333333333,"Medium"
"3773","Montgomery County",2012,4,144313453,194500,3182,6.2,2012.25,"High"
"3774","Montgomery County",2012,5,200860796,193700,3249,6.1,2012.33333333333,"High"
"3775","Montgomery County",2012,6,209504853,212700,3274,6,2012.41666666667,"High"
"3776","Montgomery County",2012,7,180621009,199800,3215,5.9,2012.5,"High"
"3777","Montgomery County",2012,8,186810415,198800,3045,5.5,2012.58333333333,"High"
"3778","Montgomery County",2012,9,151109901,187700,2960,5.2,2012.66666666667,"High"
"3779","Montgomery County",2012,10,145018491,188800,2794,4.8,2012.75,"High"
"3780","Montgomery County",2012,12,138769631,200300,2425,4.1,2012.91666666667,"Medium"
"3781","Montgomery County",2013,1,101764157,183700,2466,4.1,2013,"Medium"
"3782","Montgomery County",2013,3,175456163,203200,2492,4,2013.16666666667,"High"
"3783","Montgomery County",2013,4,201748514,214800,2526,4,2013.25,"High"
"3784","Montgomery County",2013,6,279477859,237100,2536,3.8,2013.41666666667,"High"
"3785","Montgomery County",2013,8,262397934,218700,2578,3.7,2013.58333333333,"High"
"3786","Montgomery County",2013,9,193224173,205300,2507,3.6,2013.66666666667,"High"
"3787","Montgomery County",2013,10,201835217,212600,2361,3.3,2013.75,"High"
"3788","Montgomery County",2014,1,124362808,215200,2036,2.8,2014,"Medium"
"3789","Montgomery County",2014,2,155000542,224700,2052,2.8,2014.08333333333,"High"
"3790","Montgomery County",2014,4,220649945,232000,2195,3,2014.25,"High"
"3791","Montgomery County",2014,5,268587303,233900,2343,3.2,2014.33333333333,"High"
"3792","Montgomery County",2014,6,289784320,251100,2502,3.4,2014.41666666667,"High"
"3793","Montgomery County",2014,7,288551567,245500,2611,3.5,2014.5,"High"
"3794","Montgomery County",2014,8,271248786,245100,2534,3.4,2014.58333333333,"High"
"3795","Montgomery County",2014,9,215673794,226800,2502,3.4,2014.66666666667,"High"
"3796","Montgomery County",2014,10,211023554,219400,2489,3.3,2014.75,"High"
"3797","Montgomery County",2014,11,174764985,225300,2436,3.3,2014.83333333333,"High"
"3798","Montgomery County",2014,12,216086478,241500,2332,3.1,2014.91666666667,"High"
"3799","Montgomery County",2015,1,146660495,213200,2507,3.3,2015,"Medium"
"3800","Montgomery County",2015,3,213857010,230300,2864,3.8,2015.16666666667,"High"
"3801","Montgomery County",2015,4,247366763,241900,2960,3.9,2015.25,"High"
"3802","Montgomery County",2015,5,268515335,246900,3033,4,2015.33333333333,"High"
"3803","Montgomery County",2015,6,350936735,256300,3305,4.3,2015.41666666667,"High"
"3804","Montgomery County",2015,7,320756564,252600,3495,4.5,2015.5,"High"
"3805","Nacogdoches",2002,1,1985000,65000,66,2,2002,"Low"
"3806","Nacogdoches",2003,1,2390000,66200,222,6.7,2003,"Low"
"3807","Nacogdoches",2003,2,1685000,85000,236,7.3,2003.08333333333,"Low"
"3808","Nacogdoches",2003,3,2270000,95000,61,1.9,2003.16666666667,"Low"
"3809","Nacogdoches",2003,4,2700000,90000,62,2,2003.25,"Low"
"3810","Nacogdoches",2003,5,3305000,98300,54,1.8,2003.33333333333,"Low"
"3811","Nacogdoches",2003,6,3775000,113300,253,8.6,2003.41666666667,"Low"
"3812","Nacogdoches",2003,8,3995000,80000,253,8.4,2003.58333333333,"Low"
"3813","Nacogdoches",2003,9,4010000,108000,215,7.1,2003.66666666667,"Low"
"3814","Nacogdoches",2003,10,3850000,90000,238,7.7,2003.75,"Low"
"3815","Nacogdoches",2003,12,3680000,95000,671,21.1,2003.91666666667,"Low"
"3816","Nacogdoches",2005,2,2070000,54000,214,6.2,2005.08333333333,"Low"
"3817","Nacogdoches",2005,3,1770000,55000,232,6.9,2005.16666666667,"Low"
"3818","Nacogdoches",2005,4,2620000,55800,232,7,2005.25,"Low"
"3819","Nacogdoches",2005,12,3175000,65000,168,4.4,2005.91666666667,"Low"
"3820","Nacogdoches",2006,7,8055000,146000,189,4.7,2006.5,"Low"
"3821","Nacogdoches",2006,9,4620000,116000,198,5,2006.66666666667,"Low"
"3822","Nacogdoches",2006,10,5555000,108600,196,4.8,2006.75,"Low"
"3823","Nacogdoches",2007,1,3605000,103300,182,4.3,2007,"Low"
"3824","Nacogdoches",2007,3,3990000,135000,205,5.1,2007.16666666667,"Low"
"3825","Nacogdoches",2007,7,6195000,136700,223,6,2007.5,"Low"
"3826","Nacogdoches",2007,12,3560000,135000,220,6.5,2007.91666666667,"Low"
"3827","Nacogdoches",2008,2,4055000,130000,296,9,2008.08333333333,"Low"
"3828","Nacogdoches",2008,3,4545000,116000,297,9,2008.16666666667,"Low"
"3829","Nacogdoches",2008,4,3620000,106200,315,9.4,2008.25,"Low"
"3830","Nacogdoches",2008,5,6720000,128000,312,9.2,2008.33333333333,"Low"
"3831","Nacogdoches",2008,6,4140000,116700,292,8.9,2008.41666666667,"Low"
"3832","Nacogdoches",2008,7,4450000,104000,282,8.6,2008.5,"Low"
"3833","Nacogdoches",2008,9,4965000,145000,233,7.5,2008.66666666667,"Low"
"3834","Nacogdoches",2008,10,3745000,142900,201,6.5,2008.75,"Low"
"3835","Nacogdoches",2008,11,3795000,120000,240,7.9,2008.83333333333,"Low"
"3836","Nacogdoches",2008,12,2335000,125000,250,8.2,2008.91666666667,"Low"
"3837","Nacogdoches",2009,1,1640000,120000,232,7.7,2009,"Low"
"3838","Nacogdoches",2009,2,2275000,98300,251,8.6,2009.08333333333,"Low"
"3839","Nacogdoches",2009,3,2925000,121400,247,8.6,2009.16666666667,"Low"
"3840","Nacogdoches",2009,5,3115000,130000,253,9.8,2009.33333333333,"Low"
"3841","Nacogdoches",2009,6,6275000,118900,257,9.5,2009.41666666667,"Low"
"3842","Nacogdoches",2009,7,6620000,91700,267,9.2,2009.5,"Low"
"3843","Nacogdoches",2009,8,4670000,126000,237,8.1,2009.58333333333,"Low"
"3844","Nacogdoches",2009,9,3485000,108000,226,7.8,2009.66666666667,"Low"
"3845","Nacogdoches",2009,10,5626300,137500,228,7.8,2009.75,"Low"
"3846","Nacogdoches",2009,11,4853700,133300,247,8.3,2009.83333333333,"Low"
"3847","Nacogdoches",2009,12,3384400,135000,244,8.1,2009.91666666667,"Low"
"3848","Nacogdoches",2010,1,1910000,75000,228,7.3,2010,"Low"
"3849","Nacogdoches",2010,4,6388217,162000,281,8.2,2010.25,"Low"
"3850","Nacogdoches",2010,5,5134218,120000,289,8.1,2010.33333333333,"Low"
"3851","Nacogdoches",2010,6,5073912,120000,298,8.5,2010.41666666667,"Low"
"3852","Nacogdoches",2010,7,4580250,127100,276,8.6,2010.5,"Low"
"3853","Nacogdoches",2010,8,8595882,150000,248,7.3,2010.58333333333,"Low"
"3854","Nacogdoches",2010,9,3626800,120000,245,7.2,2010.66666666667,"Low"
"3855","Nacogdoches",2010,10,3236491,135000,249,7.5,2010.75,"Low"
"3856","Nacogdoches",2010,11,4593888,126700,249,7.4,2010.83333333333,"Low"
"3857","Nacogdoches",2011,2,3258700,97500,235,7.2,2011.08333333333,"Low"
"3858","Nacogdoches",2011,3,3869795,165000,268,8.3,2011.16666666667,"Low"
"3859","Nacogdoches",2011,4,2735300,125000,279,9.2,2011.25,"Low"
"3860","Nacogdoches",2011,5,3660483,110000,262,9,2011.33333333333,"Low"
"3861","Nacogdoches",2011,9,4621083,123300,288,10,2011.66666666667,"Low"
"3862","Nacogdoches",2011,10,2198500,116700,264,9.3,2011.75,"Low"
"3863","Nacogdoches",2011,11,3350500,141700,265,9.7,2011.83333333333,"Low"
"3864","Nacogdoches",2011,12,2326570,90000,237,8.8,2011.91666666667,"Low"
"3865","Nacogdoches",2012,1,2222600,144000,227,8.6,2012,"Low"
"3866","Nacogdoches",2012,2,4312658,130000,229,8.6,2012.08333333333,"Low"
"3867","Nacogdoches",2012,3,4690250,143300,221,8.1,2012.16666666667,"Low"
"3868","Nacogdoches",2012,5,5363560,113300,237,8.1,2012.33333333333,"Low"
"3869","Nacogdoches",2012,6,3709340,118300,239,8.5,2012.41666666667,"Low"
"3870","Nacogdoches",2012,7,6876732,153300,239,8.4,2012.5,"Low"
"3871","Nacogdoches",2012,8,5464400,155000,252,9,2012.58333333333,"Low"
"3872","Nacogdoches",2012,9,3601800,155000,249,9.1,2012.66666666667,"Low"
"3873","Nacogdoches",2012,10,2638000,140000,254,9.3,2012.75,"Low"
"3874","Nacogdoches",2012,11,3564850,140000,259,9.4,2012.83333333333,"Low"
"3875","Nacogdoches",2012,12,2964250,172500,247,9.1,2012.91666666667,"Low"
"3876","Nacogdoches",2013,2,3839203,134000,274,10.1,2013.08333333333,"Low"
"3877","Nacogdoches",2013,3,4893475,150000,286,10.5,2013.16666666667,"Low"
"3878","Nacogdoches",2013,4,3937419,146700,277,10.2,2013.25,"Low"
"3879","Nacogdoches",2013,5,6133000,132900,286,10.5,2013.33333333333,"Low"
"3880","Nacogdoches",2013,6,5771450,136700,286,10.1,2013.41666666667,"Low"
"3881","Nacogdoches",2013,7,8234435,142900,285,9.7,2013.5,"Low"
"3882","Nacogdoches",2013,8,3953603,112500,278,9.7,2013.58333333333,"Low"
"3883","Nacogdoches",2013,9,3884300,130000,275,9.5,2013.66666666667,"Low"
"3884","Nacogdoches",2013,10,2132200,110000,276,9.5,2013.75,"Low"
"3885","Nacogdoches",2013,11,2397570,1e+05,266,9.3,2013.83333333333,"Low"
"3886","Nacogdoches",2013,12,5700050,168000,253,8.5,2013.91666666667,"Low"
"3887","Nacogdoches",2014,1,2059270,85000,274,9.4,2014,"Low"
"3888","Nacogdoches",2014,2,2365900,150000,275,9.6,2014.08333333333,"Low"
"3889","Nacogdoches",2014,5,4266526,107500,283,10.2,2014.33333333333,"Low"
"3890","Nacogdoches",2014,6,5658062,136700,290,10.6,2014.41666666667,"Low"
"3891","Nacogdoches",2014,8,6160400,146700,303,11.3,2014.58333333333,"Low"
"3892","Nacogdoches",2014,9,3352690,155000,309,11.6,2014.66666666667,"Low"
"3893","Nacogdoches",2014,10,4518378,165000,334,12.2,2014.75,"Low"
"3894","Nacogdoches",2014,11,3120765,130000,314,11.5,2014.83333333333,"Low"
"3895","Nacogdoches",2014,12,3563100,152500,283,10.5,2014.91666666667,"Low"
"3896","Nacogdoches",2015,1,3222150,140000,284,10.5,2015,"Low"
"3897","Nacogdoches",2015,2,3075300,185000,277,10.2,2015.08333333333,"Low"
"3898","Nacogdoches",2015,3,7229317,154300,264,9.4,2015.16666666667,"Low"
"3899","Nacogdoches",2015,4,4229290,120000,272,9.5,2015.25,"Low"
"3900","Nacogdoches",2015,5,5808925,153300,274,9.6,2015.33333333333,"Low"
"3901","Nacogdoches",2015,6,5718840,140000,291,10.2,2015.41666666667,"Low"
"3902","Nacogdoches",2015,7,6137000,162500,289,10.4,2015.5,"Low"
"3903","NE Tarrant County",2000,1,62405222,137300,2205,3.8,2000,"Medium"
"3904","NE Tarrant County",2000,2,89639468,131600,2170,3.7,2000.08333333333,"High"
"3905","NE Tarrant County",2000,3,121843202,133100,2019,3.4,2000.16666666667,"High"
"3906","NE Tarrant County",2000,5,129168618,135500,2045,3.3,2000.33333333333,"High"
"3907","NE Tarrant County",2000,6,134038305,142000,2094,3.5,2000.41666666667,"High"
"3908","NE Tarrant County",2000,7,122164399,141000,2240,3.8,2000.5,"High"
"3909","NE Tarrant County",2000,9,95026543,136900,2154,3.6,2000.66666666667,"High"
"3910","NE Tarrant County",2000,10,98981891,135000,2208,3.7,2000.75,"High"
"3911","NE Tarrant County",2000,11,97558239,142700,2184,3.6,2000.83333333333,"High"
"3912","NE Tarrant County",2001,2,93674863,139400,2183,3.6,2001.08333333333,"High"
"3913","NE Tarrant County",2001,3,128862159,140300,2334,3.8,2001.16666666667,"High"
"3914","NE Tarrant County",2001,4,107140423,142500,2484,4.1,2001.25,"High"
"3915","NE Tarrant County",2001,5,150150845,142600,2554,4.2,2001.33333333333,"High"
"3916","NE Tarrant County",2001,6,156863029,152100,2600,4.2,2001.41666666667,"High"
"3917","NE Tarrant County",2001,7,166477809,157900,2589,4.1,2001.5,"High"
"3918","NE Tarrant County",2001,8,141476808,148300,2606,4.1,2001.58333333333,"High"
"3919","NE Tarrant County",2001,9,93556942,143200,2681,4.2,2001.66666666667,"High"
"3920","NE Tarrant County",2001,12,91010417,142200,2488,3.9,2001.91666666667,"High"
"3921","NE Tarrant County",2002,1,83738453,142600,2762,4.3,2002,"Medium"
"3922","NE Tarrant County",2002,2,93597150,139900,2813,4.4,2002.08333333333,"Medium"
"3923","NE Tarrant County",2002,5,145227937,151800,3186,5.1,2002.33333333333,"High"
"3924","NE Tarrant County",2002,6,144690646,154800,3213,5.1,2002.41666666667,"High"
"3925","NE Tarrant County",2002,7,174156030,162400,3320,5.3,2002.5,"High"
"3926","NE Tarrant County",2002,8,142597174,155200,3389,5.4,2002.58333333333,"High"
"3927","NE Tarrant County",2002,9,98658541,142000,3516,5.6,2002.66666666667,"High"
"3928","NE Tarrant County",2002,10,114560978,146700,3496,5.5,2002.75,"High"
"3929","NE Tarrant County",2002,11,98944810,144200,3343,5.2,2002.83333333333,"High"
"3930","NE Tarrant County",2003,1,79702434,140700,3451,5.3,2003,"Medium"
"3931","NE Tarrant County",2003,2,97413309,145700,3623,5.5,2003.08333333333,"High"
"3932","NE Tarrant County",2003,3,117808913,149400,3948,6,2003.16666666667,"High"
"3933","NE Tarrant County",2003,4,120528392,148100,4016,6.1,2003.25,"High"
"3934","NE Tarrant County",2003,5,146749972,153300,4172,6.4,2003.33333333333,"High"
"3935","NE Tarrant County",2003,6,156507905,155800,4289,6.5,2003.41666666667,"High"
"3936","NE Tarrant County",2003,7,165573047,154900,4226,6.4,2003.5,"High"
"3937","NE Tarrant County",2003,8,177912057,160500,4081,6.1,2003.58333333333,"High"
"3938","NE Tarrant County",2003,9,132255989,152700,4081,6,2003.66666666667,"High"
"3939","NE Tarrant County",2003,10,118127455,145200,4048,6,2003.75,"High"
"3940","NE Tarrant County",2003,11,97710881,145300,3924,5.8,2003.83333333333,"Medium"
"3941","NE Tarrant County",2004,1,85137862,145200,3907,5.8,2004,"Medium"
"3942","NE Tarrant County",2004,2,102713367,140700,4054,6,2004.08333333333,"High"
"3943","NE Tarrant County",2004,3,141279033,146400,4182,6.1,2004.16666666667,"High"
"3944","NE Tarrant County",2004,4,153351804,147700,4163,6,2004.25,"High"
"3945","NE Tarrant County",2004,5,178276020,154500,4300,6.1,2004.33333333333,"High"
"3946","NE Tarrant County",2004,6,204162502,160200,4360,6,2004.41666666667,"High"
"3947","NE Tarrant County",2004,7,176334415,159000,4272,5.9,2004.5,"High"
"3948","NE Tarrant County",2004,9,138618575,152100,3967,5.5,2004.66666666667,"High"
"3949","NE Tarrant County",2004,10,123886290,149600,3932,5.4,2004.75,"High"
"3950","NE Tarrant County",2004,11,130506936,157100,3860,5.2,2004.83333333333,"High"
"3951","NE Tarrant County",2004,12,145377169,155800,3622,4.8,2004.91666666667,"High"
"3952","NE Tarrant County",2005,1,95131538,154200,3916,5.2,2005,"Medium"
"3953","NE Tarrant County",2005,3,162020473,151900,4115,5.4,2005.16666666667,"High"
"3954","NE Tarrant County",2005,4,167128206,153300,4249,5.6,2005.25,"High"
"3955","NE Tarrant County",2005,5,205730743,163500,4300,5.7,2005.33333333333,"High"
"3956","NE Tarrant County",2005,6,233473096,166600,4280,5.6,2005.41666666667,"High"
"3957","NE Tarrant County",2005,7,221677855,168300,4088,5.3,2005.5,"High"
"3958","NE Tarrant County",2005,9,180855371,159300,3726,4.7,2005.66666666667,"High"
"3959","NE Tarrant County",2005,10,153551279,157100,3641,4.5,2005.75,"High"
"3960","NE Tarrant County",2006,2,136552949,155700,3764,4.7,2006.08333333333,"High"
"3961","NE Tarrant County",2006,3,189700192,155200,3885,4.8,2006.16666666667,"High"
"3962","NE Tarrant County",2006,6,270845349,172600,4141,5,2006.41666666667,"High"
"3963","NE Tarrant County",2006,8,244300360,167700,4070,4.9,2006.58333333333,"High"
"3964","NE Tarrant County",2006,9,156430151,156400,3991,4.9,2006.66666666667,"High"
"3965","NE Tarrant County",2006,10,151549701,155800,3845,4.7,2006.75,"High"
"3966","NE Tarrant County",2006,11,154309245,157400,3722,4.5,2006.83333333333,"High"
"3967","NE Tarrant County",2007,1,116200015,155400,3518,4.3,2007,"Medium"
"3968","NE Tarrant County",2007,2,134151687,156900,3602,4.4,2007.08333333333,"High"
"3969","NE Tarrant County",2007,3,177077676,155400,3897,4.8,2007.16666666667,"High"
"3970","NE Tarrant County",2007,5,211691329,171700,4079,5,2007.33333333333,"High"
"3971","NE Tarrant County",2007,7,213494969,171000,4110,5.2,2007.5,"High"
"3972","NE Tarrant County",2007,8,220379793,173300,3980,5.1,2007.58333333333,"High"
"3973","NE Tarrant County",2007,9,154367163,163800,3943,5.1,2007.66666666667,"High"
"3974","NE Tarrant County",2007,11,148449740,165200,3664,4.9,2007.83333333333,"High"
"3975","NE Tarrant County",2008,4,149867994,156800,3839,5.4,2008.25,"High"
"3976","NE Tarrant County",2008,6,218119747,179100,3986,5.8,2008.41666666667,"High"
"3977","NE Tarrant County",2008,7,194702714,166900,3832,5.6,2008.5,"High"
"3978","NE Tarrant County",2008,8,201920435,173700,3655,5.4,2008.58333333333,"High"
"3979","NE Tarrant County",2008,9,140849890,159000,3434,5.1,2008.66666666667,"High"
"3980","NE Tarrant County",2008,10,127315363,162200,3373,5.1,2008.75,"High"
"3981","NE Tarrant County",2008,11,88214920,158200,3314,5.2,2008.83333333333,"Medium"
"3982","NE Tarrant County",2008,12,105388683,164200,3021,4.8,2008.91666666667,"Medium"
"3983","NE Tarrant County",2009,2,84674460,158700,3389,5.5,2009.08333333333,"Medium"
"3984","NE Tarrant County",2009,3,116535394,154600,3557,5.9,2009.16666666667,"High"
"3985","NE Tarrant County",2009,4,111697482,160300,3738,6.4,2009.25,"Medium"
"3986","NE Tarrant County",2009,5,131002387,164400,3723,6.5,2009.33333333333,"High"
"3987","NE Tarrant County",2009,6,162603317,173500,3416,6.1,2009.41666666667,"High"
"3988","NE Tarrant County",2009,7,164615046,169100,3415,6.2,2009.5,"High"
"3989","NE Tarrant County",2009,9,124192374,155700,3100,5.8,2009.66666666667,"High"
"3990","NE Tarrant County",2009,10,124353528,152600,2933,5.4,2009.75,"High"
"3991","NE Tarrant County",2009,11,113883132,155700,2906,5.2,2009.83333333333,"High"
"3992","NE Tarrant County",2009,12,106053888,159700,2764,5,2009.91666666667,"Medium"
"3993","NE Tarrant County",2010,2,83502047,159800,3082,5.5,2010.08333333333,"Medium"
"3994","NE Tarrant County",2010,3,136522213,158100,3348,5.8,2010.16666666667,"High"
"3995","NE Tarrant County",2010,4,150898616,161100,3366,5.7,2010.25,"High"
"3996","NE Tarrant County",2010,5,163218585,166700,3583,5.9,2010.33333333333,"High"
"3997","NE Tarrant County",2010,6,162097490,172000,3826,6.4,2010.41666666667,"High"
"3998","NE Tarrant County",2010,8,131199130,187500,3822,6.6,2010.58333333333,"High"
"3999","NE Tarrant County",2010,9,116222857,173000,3646,6.4,2010.66666666667,"Medium"
"4000","NE Tarrant County",2010,10,93357792,161800,3522,6.4,2010.75,"Medium"
"4001","NE Tarrant County",2010,12,111243760,178400,3080,5.8,2010.91666666667,"Medium"
"4002","NE Tarrant County",2011,1,70399111,161100,3142,5.9,2011,"Medium"
"4003","NE Tarrant County",2011,3,119985411,153300,3310,6.4,2011.16666666667,"High"
"4004","NE Tarrant County",2011,4,120461438,163400,3316,6.6,2011.25,"High"
"4005","NE Tarrant County",2011,5,157525935,164300,3416,6.9,2011.33333333333,"High"
"4006","NE Tarrant County",2011,6,171566867,177300,3375,6.7,2011.41666666667,"High"
"4007","NE Tarrant County",2011,9,137326492,165800,2845,5.4,2011.66666666667,"High"
"4008","NE Tarrant County",2011,10,108288810,167700,2661,5,2011.75,"Medium"
"4009","NE Tarrant County",2011,11,110848724,165400,2497,4.6,2011.83333333333,"Medium"
"4010","NE Tarrant County",2012,1,78974889,166200,2243,4.1,2012,"Medium"
"4011","NE Tarrant County",2012,2,106220394,165500,2420,4.3,2012.08333333333,"Medium"
"4012","NE Tarrant County",2012,3,124304259,177600,2456,4.4,2012.16666666667,"High"
"4013","NE Tarrant County",2012,4,166823083,170700,2467,4.3,2012.25,"High"
"4014","NE Tarrant County",2012,6,224122211,183300,2550,4.3,2012.41666666667,"High"
"4015","NE Tarrant County",2012,7,211995115,180200,2428,4,2012.5,"High"
"4016","NE Tarrant County",2012,8,225487456,187000,2254,3.6,2012.58333333333,"High"
"4017","NE Tarrant County",2012,9,141603929,175600,2168,3.5,2012.66666666667,"High"
"4018","NE Tarrant County",2012,10,150329894,175700,2002,3.1,2012.75,"High"
"4019","NE Tarrant County",2012,11,128975236,167400,1894,2.9,2012.83333333333,"High"
"4020","NE Tarrant County",2013,1,91282267,164100,1648,2.5,2013,"Medium"
"4021","NE Tarrant County",2013,2,122442427,179200,1662,2.5,2013.08333333333,"High"
"4022","NE Tarrant County",2013,5,277149581,197100,1756,2.4,2013.33333333333,"High"
"4023","NE Tarrant County",2013,6,274163554,197100,1851,2.5,2013.41666666667,"High"
"4024","NE Tarrant County",2013,7,277357421,198100,1898,2.5,2013.5,"High"
"4025","NE Tarrant County",2013,8,249696458,188100,1807,2.4,2013.58333333333,"High"
"4026","NE Tarrant County",2013,9,187890318,191200,1685,2.2,2013.66666666667,"High"
"4027","NE Tarrant County",2013,11,151480140,180000,1457,1.9,2013.83333333333,"High"
"4028","NE Tarrant County",2014,1,113897059,172100,1261,1.6,2014,"Medium"
"4029","NE Tarrant County",2014,2,135657502,186600,1339,1.7,2014.08333333333,"High"
"4030","NE Tarrant County",2014,3,178837774,194500,1324,1.7,2014.16666666667,"High"
"4031","NE Tarrant County",2014,4,214355661,196400,1360,1.8,2014.25,"High"
"4032","NE Tarrant County",2014,5,287928918,208000,1515,2,2014.33333333333,"High"
"4033","NE Tarrant County",2014,6,300596415,216600,1567,2,2014.41666666667,"High"
"4034","NE Tarrant County",2014,7,287928753,214300,1663,2.1,2014.5,"High"
"4035","NE Tarrant County",2014,8,277225959,215100,1589,2,2014.58333333333,"High"
"4036","NE Tarrant County",2014,9,216953522,200400,1458,1.9,2014.66666666667,"High"
"4037","NE Tarrant County",2014,10,212660089,198500,1397,1.8,2014.75,"High"
"4038","NE Tarrant County",2014,11,154819821,197600,1248,1.6,2014.83333333333,"High"
"4039","NE Tarrant County",2014,12,189107609,201300,1079,1.4,2014.91666666667,"High"
"4040","NE Tarrant County",2015,1,126608580,204000,1093,1.4,2015,"Medium"
"4041","NE Tarrant County",2015,3,224903778,213300,1122,1.4,2015.16666666667,"High"
"4042","NE Tarrant County",2015,4,223643361,232900,1231,1.5,2015.25,"High"
"4043","NE Tarrant County",2015,5,268496668,233000,1377,1.7,2015.33333333333,"High"
"4044","NE Tarrant County",2015,6,364781158,241400,1451,1.8,2015.41666666667,"High"
"4045","NE Tarrant County",2015,7,366919315,237300,1638,2,2015.5,"High"
"4046","Odessa",2008,8,23100000,136700,91,0.8,2008.58333333333,"Medium"
"4047","Odessa",2009,1,5985000,135700,366,3.4,2009,"Low"
"4048","Odessa",2009,2,7670000,130000,389,3.8,2009.08333333333,"Low"
"4049","Odessa",2009,4,8321511,128800,407,4.4,2009.25,"Low"
"4050","Odessa",2009,5,12500000,144300,432,4.8,2009.33333333333,"Low"
"4051","Odessa",2009,6,9724500,133300,438,5.1,2009.41666666667,"Low"
"4052","Odessa",2009,9,10661256,127800,448,6.3,2009.66666666667,"Low"
"4053","Odessa",2009,10,13209052,130000,454,6.6,2009.75,"Low"
"4054","Odessa",2009,11,12226635,118500,472,6.8,2009.83333333333,"Low"
"4055","Odessa",2009,12,11918700,138200,480,6.8,2009.91666666667,"Low"
"4056","Odessa",2010,2,9378145,123100,424,5.9,2010.08333333333,"Low"
"4057","Odessa",2010,3,16696599,120000,635,8.5,2010.16666666667,"Medium"
"4058","Odessa",2010,5,12987098,126900,410,5.1,2010.33333333333,"Low"
"4059","Odessa",2010,6,17835807,125300,678,7.9,2010.41666666667,"Medium"
"4060","Odessa",2010,7,9988644,138800,406,4.8,2010.5,"Low"
"4061","Odessa",2010,8,14390896,150000,395,4.6,2010.58333333333,"Low"
"4062","Odessa",2010,10,8894488,113000,363,4.3,2010.75,"Low"
"4063","Odessa",2010,11,7977157,155000,347,4.3,2010.83333333333,"Low"
"4064","Odessa",2011,1,7779640,136700,331,4,2011,"Low"
"4065","Odessa",2011,2,7682820,137500,301,3.7,2011.08333333333,"Low"
"4066","Odessa",2011,3,23826897,146700,537,6.5,2011.16666666667,"Medium"
"4067","Odessa",2011,6,14833916,144000,477,6,2011.41666666667,"Low"
"4068","Odessa",2011,8,13056442,142500,349,4.3,2011.58333333333,"Low"
"4069","Odessa",2011,9,12966145,141100,337,4.1,2011.66666666667,"Low"
"4070","Odessa",2011,10,12970870,148300,327,3.9,2011.75,"Low"
"4071","Odessa",2011,11,10745741,125000,299,3.5,2011.83333333333,"Low"
"4072","Odessa",2012,1,12343660,152000,215,2.4,2012,"Low"
"4073","Odessa",2012,2,14883395,142500,224,2.4,2012.08333333333,"Low"
"4074","Odessa",2012,3,16124666,138300,153,1.7,2012.16666666667,"Medium"
"4075","Odessa",2012,4,14786168,135400,182,2.1,2012.25,"Low"
"4076","Odessa",2012,5,16195269,156400,171,1.9,2012.33333333333,"Medium"
"4077","Odessa",2012,6,17788913,156200,189,2.1,2012.41666666667,"Medium"
"4078","Odessa",2012,7,14349580,142700,217,2.4,2012.5,"Low"
"4079","Odessa",2012,8,20801995,158800,217,2.3,2012.58333333333,"Medium"
"4080","Odessa",2012,11,14608104,150500,254,2.7,2012.83333333333,"Low"
"4081","Odessa",2012,12,12330563,158000,254,2.7,2012.91666666667,"Low"
"4082","Odessa",2013,1,12857497,163300,234,2.5,2013,"Low"
"4083","Odessa",2013,2,10818019,150800,186,2.1,2013.08333333333,"Low"
"4084","Odessa",2013,3,18319444,152700,188,2.1,2013.16666666667,"Medium"
"4085","Odessa",2013,4,21290243,154000,157,1.7,2013.25,"Medium"
"4086","Odessa",2013,5,20169007,167300,178,1.9,2013.33333333333,"Medium"
"4087","Odessa",2013,6,21850259,158800,187,2,2013.41666666667,"Medium"
"4088","Odessa",2013,7,21364160,162500,234,2.4,2013.5,"Medium"
"4089","Odessa",2013,8,23643112,170000,268,2.7,2013.58333333333,"Medium"
"4090","Odessa",2013,10,20018201,160000,269,2.7,2013.75,"Medium"
"4091","Odessa",2013,11,12466181,155700,272,2.8,2013.83333333333,"Low"
"4092","Odessa",2013,12,17951420,164700,261,2.6,2013.91666666667,"Medium"
"4093","Odessa",2014,1,11845438,148600,252,2.5,2014,"Low"
"4094","Odessa",2014,2,11694948,157100,226,2.3,2014.08333333333,"Low"
"4095","Odessa",2014,4,19271967,162700,440,4.5,2014.25,"Medium"
"4096","Odessa",2014,5,23408926,180000,203,2.1,2014.33333333333,"Medium"
"4097","Odessa",2014,6,28868505,176500,218,2.2,2014.41666666667,"Medium"
"4098","Odessa",2014,8,20220361,171800,236,2.4,2014.58333333333,"Medium"
"4099","Odessa",2014,9,20753162,185000,270,2.7,2014.66666666667,"Medium"
"4100","Odessa",2014,10,18483233,170600,270,2.7,2014.75,"Medium"
"4101","Odessa",2014,11,23105610,194000,250,2.4,2014.83333333333,"Medium"
"4102","Odessa",2014,12,20194467,175300,254,2.4,2014.91666666667,"Medium"
"4103","Odessa",2015,1,10040640,156200,308,3,2015,"Low"
"4104","Odessa",2015,2,11056684,165000,271,2.6,2015.08333333333,"Low"
"4105","Odessa",2015,3,18205774,187300,286,2.8,2015.16666666667,"Low"
"4106","Odessa",2015,4,21432781,174700,289,2.8,2015.25,"Medium"
"4107","Odessa",2015,5,21270988,188000,247,2.5,2015.33333333333,"Medium"
"4108","Odessa",2015,6,20320574,176800,245,2.5,2015.41666666667,"Medium"
"4109","Odessa",2015,7,25021910,184800,282,2.9,2015.5,"Medium"
"4110","Paris",2000,1,1440000,71700,286,7.5,2000,"Low"
"4111","Paris",2000,2,2605000,69400,287,7.5,2000.08333333333,"Low"
"4112","Paris",2000,3,2590000,66200,285,7.5,2000.16666666667,"Low"
"4113","Paris",2000,4,3340000,66200,273,7,2000.25,"Low"
"4114","Paris",2000,6,3295000,79200,273,6.9,2000.41666666667,"Low"
"4115","Paris",2000,7,3400000,71200,300,7.7,2000.5,"Low"
"4116","Paris",2000,8,4185200,70000,319,7.9,2000.58333333333,"Low"
"4117","Paris",2000,9,3490000,75000,315,7.9,2000.66666666667,"Low"
"4118","Paris",2000,10,2535000,72100,343,8.6,2000.75,"Low"
"4119","Paris",2000,11,1607140,57000,336,8.7,2000.83333333333,"Low"
"4120","Paris",2001,1,2455000,56000,322,8.2,2001,"Low"
"4121","Paris",2001,2,2200000,72500,338,8.6,2001.08333333333,"Low"
"4122","Paris",2001,3,3400000,67500,333,8.4,2001.16666666667,"Low"
"4123","Paris",2001,4,3445000,65000,350,8.8,2001.25,"Low"
"4124","Paris",2001,5,3430000,69000,280,7.2,2001.33333333333,"Low"
"4125","Paris",2001,6,3300000,70000,273,7,2001.41666666667,"Low"
"4126","Paris",2001,7,3810000,79300,300,7.7,2001.5,"Low"
"4127","Paris",2001,8,2855000,68800,319,8.6,2001.58333333333,"Low"
"4128","Paris",2001,9,3635000,71700,315,8.5,2001.66666666667,"Low"
"4129","Paris",2001,10,2700000,77500,343,9.2,2001.75,"Low"
"4130","Paris",2002,1,4060000,80000,348,9.4,2002,"Low"
"4131","Paris",2002,3,3470000,80000,353,9.6,2002.16666666667,"Low"
"4132","Paris",2002,4,3905000,79400,332,9.1,2002.25,"Low"
"4133","Paris",2002,5,3820000,66200,337,9.1,2002.33333333333,"Low"
"4134","Paris",2002,6,4280000,72500,327,8.7,2002.41666666667,"Low"
"4135","Paris",2002,7,3195000,78300,328,8.8,2002.5,"Low"
"4136","Paris",2002,8,2970000,72500,367,9.8,2002.58333333333,"Low"
"4137","Paris",2002,9,2590000,68100,391,10.7,2002.66666666667,"Low"
"4138","Paris",2002,10,2740000,77500,392,10.8,2002.75,"Low"
"4139","Paris",2002,11,1565000,58300,370,10.3,2002.83333333333,"Low"
"4140","Paris",2002,12,2420000,55000,365,9.9,2002.91666666667,"Low"
"4141","Paris",2003,1,3425000,82000,366,10,2003,"Low"
"4142","Paris",2003,2,2920000,67500,356,9.5,2003.08333333333,"Low"
"4143","Paris",2003,3,3025000,76000,381,10.2,2003.16666666667,"Low"
"4144","Paris",2003,4,3260000,80000,423,11.5,2003.25,"Low"
"4145","Paris",2003,5,3080000,67800,409,11.3,2003.33333333333,"Low"
"4146","Paris",2003,6,3760000,85000,435,12.5,2003.41666666667,"Low"
"4147","Paris",2003,7,4235000,81700,459,12.8,2003.5,"Low"
"4148","Paris",2003,8,5070000,93800,447,12.2,2003.58333333333,"Low"
"4149","Paris",2003,9,4175000,84200,436,11.6,2003.66666666667,"Low"
"4150","Paris",2003,12,2495000,85000,405,10.5,2003.91666666667,"Low"
"4151","Paris",2004,1,3525000,73800,410,10.6,2004,"Low"
"4152","Paris",2004,4,3470000,64300,423,10.7,2004.25,"Low"
"4153","Paris",2004,5,5405000,85000,422,10.4,2004.33333333333,"Low"
"4154","Paris",2004,6,5940000,108800,401,9.6,2004.41666666667,"Low"
"4155","Paris",2004,8,3715000,68000,410,10,2004.58333333333,"Low"
"4156","Paris",2004,10,2955000,78300,415,10.4,2004.75,"Low"
"4157","Paris",2004,11,3e+06,73300,402,10,2004.83333333333,"Low"
"4158","Paris",2004,12,1165000,60000,387,9.8,2004.91666666667,"Low"
"4159","Paris",2005,1,2140000,67500,406,10.5,2005,"Low"
"4160","Paris",2006,8,4625000,93800,437,9.6,2006.58333333333,"Low"
"4161","Paris",2007,2,3990000,75000,199,4.5,2007.08333333333,"Low"
"4162","Paris",2007,4,3930000,77000,379,8.2,2007.25,"Low"
"4163","Paris",2007,5,3825000,80800,389,8.4,2007.33333333333,"Low"
"4164","Paris",2007,7,3935000,88300,401,9.6,2007.5,"Low"
"4165","Paris",2007,9,4490000,90000,375,8.8,2007.66666666667,"Low"
"4166","Paris",2007,10,3505000,79000,395,9.3,2007.75,"Low"
"4167","Paris",2007,11,2370000,75000,383,9.2,2007.83333333333,"Low"
"4168","Paris",2007,12,2320000,63800,367,9,2007.91666666667,"Low"
"4169","Paris",2008,2,2520000,65000,407,10.5,2008.08333333333,"Low"
"4170","Paris",2008,3,4945000,80000,348,9.1,2008.16666666667,"Low"
"4171","Paris",2008,7,3005000,80000,391,10.8,2008.5,"Low"
"4172","Paris",2008,8,5255000,107000,366,10.4,2008.58333333333,"Low"
"4173","Paris",2008,11,2175000,95000,339,10,2008.83333333333,"Low"
"4174","Paris",2009,1,1305000,73300,347,10.5,2009,"Low"
"4175","Paris",2009,2,2360000,83300,322,9.9,2009.08333333333,"Low"
"4176","Paris",2009,3,4155000,104000,325,10.3,2009.16666666667,"Low"
"4177","Paris",2009,4,2870000,75000,327,10.6,2009.25,"Low"
"4178","Paris",2009,5,4200000,93000,326,10.7,2009.33333333333,"Low"
"4179","Paris",2009,6,3270000,118000,349,11.6,2009.41666666667,"Low"
"4180","Paris",2009,7,3980000,96700,349,11.6,2009.5,"Low"
"4181","Paris",2009,8,3485000,96700,330,11.3,2009.58333333333,"Low"
"4182","Paris",2009,9,3080000,1e+05,342,11.8,2009.66666666667,"Low"
"4183","Paris",2009,10,3692335,95000,305,10.5,2009.75,"Low"
"4184","Paris",2009,11,3615400,104000,297,9.9,2009.83333333333,"Low"
"4185","Paris",2009,12,2045600,80000,272,9.2,2009.91666666667,"Low"
"4186","Paris",2010,3,3293677,75000,292,10.1,2010.16666666667,"Low"
"4187","Paris",2010,4,3981400,140000,340,11.8,2010.25,"Low"
"4188","Paris",2010,7,2604000,86200,371,13.4,2010.5,"Low"
"4189","Paris",2010,9,2802600,95000,393,14.5,2010.66666666667,"Low"
"4190","Paris",2010,10,2761600,116700,370,14.1,2010.75,"Low"
"4191","Paris",2010,11,1434950,55000,359,14,2010.83333333333,"Low"
"4192","Paris",2010,12,4304050,102500,324,12.3,2010.91666666667,"Low"
"4193","Paris",2011,1,1018825,60000,324,12.6,2011,"Low"
"4194","Paris",2011,2,2440960,95000,307,11.7,2011.08333333333,"Low"
"4195","Paris",2011,3,2761600,88000,319,12.6,2011.16666666667,"Low"
"4196","Paris",2011,5,3452700,85000,357,14.1,2011.33333333333,"Low"
"4197","Paris",2011,6,4173200,123300,363,14.4,2011.41666666667,"Low"
"4198","Paris",2011,7,1978065,62500,347,13.9,2011.5,"Low"
"4199","Paris",2011,8,3128575,80000,357,14.1,2011.58333333333,"Low"
"4200","Paris",2011,9,2746600,106700,361,14.3,2011.66666666667,"Low"
"4201","Paris",2011,10,2645612,92500,368,14.5,2011.75,"Low"
"4202","Paris",2011,12,2207775,80000,372,14.5,2011.91666666667,"Low"
"4203","Paris",2012,1,1867556,75000,315,12,2012,"Low"
"4204","Paris",2012,2,3672800,80000,348,12.7,2012.08333333333,"Low"
"4205","Paris",2012,3,3094770,95000,363,13,2012.16666666667,"Low"
"4206","Paris",2012,4,2580450,90000,373,13.7,2012.25,"Low"
"4207","Paris",2012,5,3340297,77500,379,13.8,2012.33333333333,"Low"
"4208","Paris",2012,7,3110600,70000,356,12.7,2012.5,"Low"
"4209","Paris",2012,8,3868207,111400,360,12.6,2012.58333333333,"Low"
"4210","Paris",2012,9,3071350,95000,357,12.3,2012.66666666667,"Low"
"4211","Paris",2012,11,4051052,85000,360,12.1,2012.83333333333,"Low"
"4212","Paris",2012,12,2311225,80000,334,11.4,2012.91666666667,"Low"
"4213","Paris",2013,1,2486449,78300,360,12,2013,"Low"
"4214","Paris",2013,2,3511478,1e+05,357,12,2013.08333333333,"Low"
"4215","Paris",2013,3,4011779,92500,347,11.5,2013.16666666667,"Low"
"4216","Paris",2013,4,3367405,67500,343,11.1,2013.25,"Low"
"4217","Paris",2013,5,3386276,80000,339,10.8,2013.33333333333,"Low"
"4218","Paris",2013,7,3990475,103300,371,11.6,2013.5,"Low"
"4219","Paris",2013,8,3335317,90000,373,11.8,2013.58333333333,"Low"
"4220","Paris",2013,9,4276412,70000,375,11.5,2013.66666666667,"Low"
"4221","Paris",2013,11,3286820,80000,351,10.6,2013.83333333333,"Low"
"4222","Paris",2013,12,4240460,82500,318,9.2,2013.91666666667,"Low"
"4223","Paris",2014,1,1753319,95000,301,9,2014,"Low"
"4224","Paris",2014,2,2348370,95000,307,9.4,2014.08333333333,"Low"
"4225","Paris",2014,3,5159925,110000,318,9.6,2014.16666666667,"Low"
"4226","Paris",2014,6,4508287,102000,318,9,2014.41666666667,"Low"
"4227","Paris",2014,7,6025399,108000,310,8.5,2014.5,"Low"
"4228","Paris",2014,8,4630179,120000,308,8.3,2014.58333333333,"Low"
"4229","Paris",2014,10,4905935,96700,287,7.7,2014.75,"Low"
"4230","Paris",2014,11,3070053,80000,281,7.7,2014.83333333333,"Low"
"4231","Paris",2014,12,3702610,113300,275,7.6,2014.91666666667,"Low"
"4232","Paris",2015,1,3611892,123300,299,8.1,2015,"Low"
"4233","Paris",2015,3,3406550,78800,296,8,2015.16666666667,"Low"
"4234","Paris",2015,4,4936419,130000,296,8.4,2015.25,"Low"
"4235","Paris",2015,5,3514210,106700,292,8.4,2015.33333333333,"Low"
"4236","Paris",2015,6,6238350,121100,290,8.1,2015.41666666667,"Low"
"4237","Port Arthur",2000,1,3090000,68300,314,5.6,2000,"Low"
"4238","Port Arthur",2000,2,4295000,67500,303,5.3,2000.08333333333,"Low"
"4239","Port Arthur",2000,5,5360000,60000,344,6,2000.33333333333,"Low"
"4240","Port Arthur",2000,6,5225000,63800,358,6.3,2000.41666666667,"Low"
"4241","Port Arthur",2000,7,4530000,56200,354,6.3,2000.5,"Low"
"4242","Port Arthur",2000,9,4390000,72500,384,6.8,2000.66666666667,"Low"
"4243","Port Arthur",2000,11,4685000,72500,384,6.8,2000.83333333333,"Low"
"4244","Port Arthur",2000,12,5085000,65000,351,6.1,2000.91666666667,"Low"
"4245","Port Arthur",2001,4,4280000,65500,403,6.8,2001.25,"Low"
"4246","Port Arthur",2001,5,4660000,69400,425,7.5,2001.33333333333,"Low"
"4247","Port Arthur",2001,6,5150000,71700,416,7.4,2001.41666666667,"Low"
"4248","Port Arthur",2001,7,4835000,67500,412,7.3,2001.5,"Low"
"4249","Port Arthur",2001,8,6495000,70800,387,6.8,2001.58333333333,"Low"
"4250","Port Arthur",2001,9,4230000,81000,399,7.1,2001.66666666667,"Low"
"4251","Port Arthur",2001,10,5770000,65400,385,6.5,2001.75,"Low"
"4252","Port Arthur",2001,11,4060000,67000,389,6.5,2001.83333333333,"Low"
"4253","Port Arthur",2001,12,4445000,80000,369,6.3,2001.91666666667,"Low"
"4254","Port Arthur",2002,2,5160000,65500,355,6.1,2002.08333333333,"Low"
"4255","Port Arthur",2002,3,4195000,55000,365,6.2,2002.16666666667,"Low"
"4256","Port Arthur",2002,5,5605000,65900,410,6.6,2002.33333333333,"Low"
"4257","Port Arthur",2002,7,6100000,78000,396,6.3,2002.5,"Low"
"4258","Port Arthur",2002,9,6055000,78600,355,5.6,2002.66666666667,"Low"
"4259","Port Arthur",2002,10,5495000,75500,380,6,2002.75,"Low"
"4260","Port Arthur",2002,11,3850000,61200,362,5.8,2002.83333333333,"Low"
"4261","Port Arthur",2002,12,5095000,70000,346,5.5,2002.91666666667,"Low"
"4262","Port Arthur",2003,1,5120000,77200,367,5.7,2003,"Low"
"4263","Port Arthur",2003,3,4335000,67500,415,6.4,2003.16666666667,"Low"
"4264","Port Arthur",2003,6,6965000,69600,441,6.8,2003.41666666667,"Low"
"4265","Port Arthur",2003,7,6845000,76900,415,6.3,2003.5,"Low"
"4266","Port Arthur",2003,8,6210000,74300,418,6.3,2003.58333333333,"Low"
"4267","Port Arthur",2003,9,6145000,75000,428,6.4,2003.66666666667,"Low"
"4268","Port Arthur",2003,11,6145000,88800,458,6.9,2003.83333333333,"Low"
"4269","Port Arthur",2003,12,5200000,77000,433,6.5,2003.91666666667,"Low"
"4270","Port Arthur",2004,1,3610000,82500,414,6.4,2004,"Low"
"4271","Port Arthur",2004,2,6660000,73300,412,6.4,2004.08333333333,"Low"
"4272","Port Arthur",2004,4,5545000,72100,427,6.6,2004.25,"Low"
"4273","Port Arthur",2004,5,7270000,82000,450,6.9,2004.33333333333,"Low"
"4274","Port Arthur",2004,6,8040000,86200,504,7.6,2004.41666666667,"Low"
"4275","Port Arthur",2004,7,5675000,68800,534,8.2,2004.5,"Low"
"4276","Port Arthur",2004,8,8790000,84000,525,7.9,2004.58333333333,"Low"
"4277","Port Arthur",2004,11,6555000,86000,467,6.6,2004.83333333333,"Low"
"4278","Port Arthur",2004,12,5105000,75000,465,6.6,2004.91666666667,"Low"
"4279","Port Arthur",2005,1,3330000,61000,487,6.9,2005,"Low"
"4280","Port Arthur",2005,2,6730000,86700,442,6.3,2005.08333333333,"Low"
"4281","Port Arthur",2005,3,10045000,83300,473,6.4,2005.16666666667,"Medium"
"4282","Port Arthur",2005,6,9130000,90000,510,6.7,2005.41666666667,"Low"
"4283","Port Arthur",2005,9,5455000,1e+05,487,6.7,2005.66666666667,"Low"
"4284","Port Arthur",2005,10,2410000,80000,460,6.8,2005.75,"Low"
"4285","Port Arthur",2005,11,9720000,97900,392,5.7,2005.83333333333,"Low"
"4286","Port Arthur",2005,12,8205000,87100,372,5.3,2005.91666666667,"Low"
"4287","Port Arthur",2006,1,6265000,84200,333,4.6,2006,"Low"
"4288","Port Arthur",2006,2,6625000,74000,327,4.5,2006.08333333333,"Low"
"4289","Port Arthur",2006,3,8605000,80000,307,4.2,2006.16666666667,"Low"
"4290","Port Arthur",2006,6,9760000,99300,340,4.7,2006.41666666667,"Low"
"4291","Port Arthur",2006,7,9320000,1e+05,378,5.2,2006.5,"Low"
"4292","Port Arthur",2006,10,9855000,95800,360,4.2,2006.75,"Low"
"4293","Port Arthur",2006,11,6545000,96400,345,4.2,2006.83333333333,"Low"
"4294","Port Arthur",2006,12,11050000,99300,309,3.7,2006.91666666667,"Low"
"4295","Port Arthur",2007,1,6400000,86700,327,4,2007,"Low"
"4296","Port Arthur",2007,2,8395000,1e+05,353,4.3,2007.08333333333,"Low"
"4297","Port Arthur",2007,4,10540000,101100,411,4.9,2007.25,"Medium"
"4298","Port Arthur",2007,6,15220000,109100,442,5.2,2007.41666666667,"Medium"
"4299","Port Arthur",2007,7,11635000,122500,495,5.7,2007.5,"Low"
"4300","Port Arthur",2007,8,13065000,112700,520,6,2007.58333333333,"Medium"
"4301","Port Arthur",2007,9,8630000,99400,551,6.5,2007.66666666667,"Low"
"4302","Port Arthur",2007,10,11305000,94000,516,6.1,2007.75,"Medium"
"4303","Port Arthur",2007,11,10955000,127500,511,5.9,2007.83333333333,"Low"
"4304","Port Arthur",2007,12,10275000,117800,523,6.2,2007.91666666667,"Low"
"4305","Port Arthur",2008,1,6055000,98800,566,6.7,2008,"Low"
"4306","Port Arthur",2008,2,9095000,112000,556,6.6,2008.08333333333,"Low"
"4307","Port Arthur",2008,3,10325000,108900,576,6.9,2008.16666666667,"Low"
"4308","Port Arthur",2008,4,12045000,104300,577,6.8,2008.25,"Medium"
"4309","Port Arthur",2008,5,10065000,108000,544,6.6,2008.33333333333,"Low"
"4310","Port Arthur",2008,7,12255000,110000,655,7.9,2008.5,"Medium"
"4311","Port Arthur",2008,8,11290000,112500,583,7.1,2008.58333333333,"Low"
"4312","Port Arthur",2008,9,3990000,136000,552,7.1,2008.66666666667,"Low"
"4313","Port Arthur",2008,10,12025000,131400,559,7.3,2008.75,"Low"
"4314","Port Arthur",2008,11,8175000,111400,511,6.7,2008.83333333333,"Low"
"4315","Port Arthur",2008,12,11230000,127800,482,6.3,2008.91666666667,"Low"
"4316","Port Arthur",2009,1,7715000,120000,532,6.9,2009,"Low"
"4317","Port Arthur",2009,2,7500000,116700,570,7.5,2009.08333333333,"Low"
"4318","Port Arthur",2009,3,9480000,130000,639,8.5,2009.16666666667,"Low"
"4319","Port Arthur",2009,4,11465000,130000,673,9.1,2009.25,"Low"
"4320","Port Arthur",2009,5,11550000,133300,685,9.3,2009.33333333333,"Low"
"4321","Port Arthur",2009,6,13190000,136200,745,10.2,2009.41666666667,"Low"
"4322","Port Arthur",2009,7,13800000,126000,743,10.3,2009.5,"Low"
"4323","Port Arthur",2009,8,13480000,135700,745,10.3,2009.58333333333,"Low"
"4324","Port Arthur",2009,9,9145000,128600,734,9.8,2009.66666666667,"Low"
"4325","Port Arthur",2009,10,7670958,110000,747,10.2,2009.75,"Low"
"4326","Port Arthur",2009,11,6328253,124400,594,8.4,2009.83333333333,"Low"
"4327","Port Arthur",2009,12,4390000,91700,574,8.5,2009.91666666667,"Low"
"4328","Port Arthur",2010,1,5340327,132000,744,11.2,2010,"Low"
"4329","Port Arthur",2010,2,4801250,94200,528,8.1,2010.08333333333,"Low"
"4330","Port Arthur",2010,3,8117500,108200,616,9.4,2010.16666666667,"Low"
"4331","Port Arthur",2010,4,8425845,100800,590,9.2,2010.25,"Low"
"4332","Port Arthur",2010,5,6549149,94000,550,8.7,2010.33333333333,"Low"
"4333","Port Arthur",2010,6,7804262,1e+05,579,9.4,2010.41666666667,"Low"
"4334","Port Arthur",2010,7,6068975,1e+05,611,10.4,2010.5,"Low"
"4335","Port Arthur",2010,8,5934380,110000,693,12.4,2010.58333333333,"Low"
"4336","Port Arthur",2010,9,5471300,104000,622,11.4,2010.66666666667,"Low"
"4337","Port Arthur",2010,10,6787609,130000,692,12.8,2010.75,"Low"
"4338","Port Arthur",2010,11,4128200,95000,680,12.7,2010.83333333333,"Low"
"4339","Port Arthur",2010,12,6708345,98300,633,11.4,2010.91666666667,"Low"
"4340","Port Arthur",2011,1,5021830,95000,631,11.2,2011,"Low"
"4341","Port Arthur",2011,2,5010150,126700,642,11.6,2011.08333333333,"Low"
"4342","Port Arthur",2011,3,8010304,102500,676,12.2,2011.16666666667,"Low"
"4343","Port Arthur",2011,5,6010200,108000,684,13.2,2011.33333333333,"Low"
"4344","Port Arthur",2011,6,6793990,103300,679,13.4,2011.41666666667,"Low"
"4345","Port Arthur",2011,8,6761872,103800,675,13.3,2011.58333333333,"Low"
"4346","Port Arthur",2011,9,4961150,102200,633,12.5,2011.66666666667,"Low"
"4347","Port Arthur",2011,10,4942400,105000,639,12.6,2011.75,"Low"
"4348","Port Arthur",2012,1,4235622,97500,583,11.9,2012,"Low"
"4349","Port Arthur",2012,2,5794137,110000,593,11.8,2012.08333333333,"Low"
"4350","Port Arthur",2012,3,9109400,110000,601,11.9,2012.16666666667,"Low"
"4351","Port Arthur",2012,4,7632800,107100,594,11.5,2012.25,"Low"
"4352","Port Arthur",2012,5,10178577,126900,608,11.3,2012.33333333333,"Low"
"4353","Port Arthur",2012,6,10144989,132500,622,11.2,2012.41666666667,"Low"
"4354","Port Arthur",2012,7,7575677,110000,604,10.8,2012.5,"Low"
"4355","Port Arthur",2012,8,9344156,119000,589,10.3,2012.58333333333,"Low"
"4356","Port Arthur",2012,10,9408275,115600,595,9.8,2012.75,"Low"
"4357","Port Arthur",2012,11,7263351,115700,595,9.6,2012.83333333333,"Low"
"4358","Port Arthur",2012,12,6576855,99000,561,9,2012.91666666667,"Low"
"4359","Port Arthur",2013,1,5316613,140000,439,7.1,2013,"Low"
"4360","Port Arthur",2013,2,6911975,114000,576,9.2,2013.08333333333,"Low"
"4361","Port Arthur",2013,3,6201429,108600,607,10,2013.16666666667,"Low"
"4362","Port Arthur",2013,4,7955145,105700,759,12.5,2013.25,"Low"
"4363","Port Arthur",2013,6,8664976,114500,702,11.4,2013.41666666667,"Low"
"4364","Port Arthur",2013,7,8620074,113000,750,12.1,2013.5,"Low"
"4365","Port Arthur",2013,8,9872640,125000,737,11.8,2013.58333333333,"Low"
"4366","Port Arthur",2013,9,7285985,113300,739,11.9,2013.66666666667,"Low"
"4367","Port Arthur",2013,10,7580250,107000,769,12.5,2013.75,"Low"
"4368","Port Arthur",2013,11,7815532,112500,732,11.8,2013.83333333333,"Low"
"4369","Port Arthur",2013,12,10206578,120000,685,10.9,2013.91666666667,"Low"
"4370","Port Arthur",2014,1,5259680,116700,677,10.8,2014,"Low"
"4371","Port Arthur",2014,2,7931675,121400,669,10.5,2014.08333333333,"Low"
"4372","Port Arthur",2014,3,8611227,105000,661,10.1,2014.16666666667,"Low"
"4373","Port Arthur",2014,4,10783180,117500,647,9.7,2014.25,"Low"
"4374","Port Arthur",2014,6,11162967,119000,670,10.1,2014.41666666667,"Low"
"4375","Port Arthur",2014,7,10541750,128800,637,9.6,2014.5,"Low"
"4376","Port Arthur",2014,8,10462247,106200,651,9.7,2014.58333333333,"Low"
"4377","Port Arthur",2014,9,9360200,112500,633,9.2,2014.66666666667,"Low"
"4378","Port Arthur",2014,10,10302200,137100,619,9,2014.75,"Low"
"4379","Port Arthur",2014,11,7605458,91200,600,8.7,2014.83333333333,"Low"
"4380","Port Arthur",2015,2,8115550,110000,544,7.6,2015.08333333333,"Low"
"4381","Port Arthur",2015,3,11837659,135000,529,7.3,2015.16666666667,"Low"
"4382","Port Arthur",2015,4,9682750,97000,527,7.3,2015.25,"Low"
"4383","Port Arthur",2015,6,10864768,118900,513,7.2,2015.41666666667,"Low"
"4384","San Angelo",2000,1,5670000,76000,558,5.9,2000,"Low"
"4385","San Angelo",2000,2,7350000,63000,552,5.7,2000.08333333333,"Medium"
"4386","San Angelo",2000,3,7310000,68200,577,6,2000.16666666667,"Low"
"4387","San Angelo",2000,4,6985000,72900,619,6.6,2000.25,"Low"
"4388","San Angelo",2000,8,10100000,77300,710,7.4,2000.58333333333,"Medium"
"4389","San Angelo",2000,9,6950000,73300,739,7.8,2000.66666666667,"Low"
"4390","San Angelo",2000,11,2235000,71200,700,7.6,2000.83333333333,"Low"
"4391","San Angelo",2000,12,7965000,72500,698,7.5,2000.91666666667,"Medium"
"4392","San Angelo",2001,1,6525000,84400,636,6.8,2001,"Low"
"4393","San Angelo",2001,2,7445000,74300,614,6.5,2001.08333333333,"Low"
"4394","San Angelo",2001,5,8770000,72700,621,6.3,2001.33333333333,"Medium"
"4395","San Angelo",2001,6,11115000,90000,659,6.7,2001.41666666667,"Medium"
"4396","San Angelo",2001,7,11610000,82100,664,6.8,2001.5,"Medium"
"4397","San Angelo",2001,8,9370000,83800,648,6.7,2001.58333333333,"Medium"
"4398","San Angelo",2001,10,8225000,75000,609,6.4,2001.75,"Medium"
"4399","San Angelo",2001,11,8795000,77500,556,5.5,2001.83333333333,"Medium"
"4400","San Angelo",2001,12,8795000,77500,563,5.5,2001.91666666667,"Medium"
"4401","San Angelo",2002,1,5555000,75000,567,5.6,2002,"Low"
"4402","San Angelo",2002,3,7555000,78200,530,5.4,2002.16666666667,"Low"
"4403","San Angelo",2002,4,8455000,73200,543,5.6,2002.25,"Medium"
"4404","San Angelo",2002,5,9355000,71700,558,5.6,2002.33333333333,"Medium"
"4405","San Angelo",2002,6,9235000,73800,567,5.8,2002.41666666667,"Medium"
"4406","San Angelo",2002,7,9695000,81800,543,5.6,2002.5,"Medium"
"4407","San Angelo",2002,8,11975000,85000,528,5.4,2002.58333333333,"Medium"
"4408","San Angelo",2002,9,8095000,78500,535,5.4,2002.66666666667,"Medium"
"4409","San Angelo",2002,11,7845000,80000,492,5,2002.83333333333,"Low"
"4410","San Angelo",2002,12,10295000,81700,467,4.7,2002.91666666667,"Medium"
"4411","San Angelo",2003,2,7245000,75800,489,4.9,2003.08333333333,"Low"
"4412","San Angelo",2003,3,9390000,74400,511,5.1,2003.16666666667,"Medium"
"4413","San Angelo",2003,5,11050000,90600,573,5.8,2003.33333333333,"Medium"
"4414","San Angelo",2003,6,12315000,86100,570,5.6,2003.41666666667,"Medium"
"4415","San Angelo",2003,7,12330000,86700,592,5.7,2003.5,"Medium"
"4416","San Angelo",2003,9,10985000,79200,561,5.4,2003.66666666667,"Medium"
"4417","San Angelo",2003,10,8795000,77700,568,5.4,2003.75,"Medium"
"4418","San Angelo",2003,11,6305000,77500,595,5.8,2003.83333333333,"Low"
"4419","San Angelo",2003,12,8245000,80900,601,5.9,2003.91666666667,"Low"
"4420","San Angelo",2004,1,6475000,85600,622,6.1,2004,"Low"
"4421","San Angelo",2004,2,9840000,85900,608,5.9,2004.08333333333,"Medium"
"4422","San Angelo",2004,3,11470000,82900,631,6.1,2004.16666666667,"Medium"
"4423","San Angelo",2004,4,10565000,87800,663,6.3,2004.25,"Medium"
"4424","San Angelo",2004,5,12545000,84100,695,6.6,2004.33333333333,"Medium"
"4425","San Angelo",2004,6,14535000,82700,677,6.3,2004.41666666667,"Medium"
"4426","San Angelo",2004,7,13980000,91500,667,6.2,2004.5,"Medium"
"4427","San Angelo",2004,8,14510000,90000,625,5.7,2004.58333333333,"Medium"
"4428","San Angelo",2004,9,11390000,88600,633,5.8,2004.66666666667,"Medium"
"4429","San Angelo",2004,10,12535000,91000,591,5.4,2004.75,"Medium"
"4430","San Angelo",2004,11,9390000,82900,522,4.6,2004.83333333333,"Medium"
"4431","San Angelo",2005,2,10670000,82900,517,4.4,2005.08333333333,"Medium"
"4432","San Angelo",2005,3,11435000,85400,530,4.5,2005.16666666667,"Medium"
"4433","San Angelo",2005,5,18665000,91400,570,4.6,2005.33333333333,"Medium"
"4434","San Angelo",2005,6,17345000,86800,582,4.7,2005.41666666667,"Medium"
"4435","San Angelo",2005,7,13835000,99100,580,4.6,2005.5,"Medium"
"4436","San Angelo",2005,8,18545000,99000,507,4,2005.58333333333,"Medium"
"4437","San Angelo",2005,9,15840000,90700,453,3.5,2005.66666666667,"Medium"
"4438","San Angelo",2005,10,14450000,89500,459,3.4,2005.75,"Medium"
"4439","San Angelo",2006,8,19830000,101400,624,4.7,2006.58333333333,"Medium"
"4440","San Angelo",2007,2,11235000,92800,349,2.7,2007.08333333333,"Medium"
"4441","San Angelo",2007,3,15490000,93800,274,2.1,2007.16666666667,"Medium"
"4442","San Angelo",2007,4,17080000,1e+05,309,2.3,2007.25,"Medium"
"4443","San Angelo",2007,5,17520000,110000,283,2.1,2007.33333333333,"Medium"
"4444","San Angelo",2007,7,20500000,113900,334,2.5,2007.5,"Medium"
"4445","San Angelo",2007,8,23140000,111500,378,2.9,2007.58333333333,"Medium"
"4446","San Angelo",2007,9,15225000,99000,347,2.6,2007.66666666667,"Medium"
"4447","San Angelo",2007,10,17530000,105500,419,3.1,2007.75,"Medium"
"4448","San Angelo",2008,1,9440000,109200,403,3.1,2008,"Low"
"4449","San Angelo",2008,2,14610000,110600,354,2.7,2008.08333333333,"Medium"
"4450","San Angelo",2008,5,17735000,121500,410,3.2,2008.33333333333,"Medium"
"4451","San Angelo",2008,6,19365000,115700,487,3.8,2008.41666666667,"Medium"
"4452","San Angelo",2008,7,16130000,110000,520,4.1,2008.5,"Medium"
"4453","San Angelo",2008,8,15880000,123000,595,4.9,2008.58333333333,"Medium"
"4454","San Angelo",2008,9,14535000,112300,539,4.5,2008.66666666667,"Medium"
"4455","San Angelo",2008,10,12840000,111800,537,4.6,2008.75,"Medium"
"4456","San Angelo",2008,11,9065000,106200,578,5.1,2008.83333333333,"Low"
"4457","San Angelo",2009,1,8770000,104300,520,4.7,2009,"Low"
"4458","San Angelo",2009,2,10400000,122700,547,5.1,2009.08333333333,"Low"
"4459","San Angelo",2009,3,13810000,112100,529,4.9,2009.16666666667,"Medium"
"4460","San Angelo",2009,4,12660000,115800,578,5.4,2009.25,"Low"
"4461","San Angelo",2009,5,15720000,104200,578,5.5,2009.33333333333,"Medium"
"4462","San Angelo",2009,6,16860000,127100,577,5.6,2009.41666666667,"Medium"
"4463","San Angelo",2009,7,16235000,121700,577,5.6,2009.5,"Medium"
"4464","San Angelo",2009,8,15850000,120600,540,5.3,2009.58333333333,"Medium"
"4465","San Angelo",2009,9,11305000,103600,558,5.5,2009.66666666667,"Medium"
"4466","San Angelo",2009,11,12438791,111100,536,5.1,2009.83333333333,"Medium"
"4467","San Angelo",2009,12,11073841,1e+05,498,4.8,2009.91666666667,"Low"
"4468","San Angelo",2010,1,7132145,85000,543,5.3,2010,"Low"
"4469","San Angelo",2010,3,14388112,98100,554,5.3,2010.16666666667,"Medium"
"4470","San Angelo",2010,4,15912075,118500,602,5.7,2010.25,"Medium"
"4471","San Angelo",2010,5,14852356,113600,623,5.9,2010.33333333333,"Medium"
"4472","San Angelo",2010,6,18456573,135900,675,6.5,2010.41666666667,"Medium"
"4473","San Angelo",2010,7,12681202,119200,682,6.7,2010.5,"Medium"
"4474","San Angelo",2010,9,12425690,111200,701,7,2010.66666666667,"Low"
"4475","San Angelo",2010,10,11257451,109200,635,6.4,2010.75,"Low"
"4476","San Angelo",2010,11,13069414,130000,641,6.6,2010.83333333333,"Low"
"4477","San Angelo",2010,12,12769625,123300,597,6.1,2010.91666666667,"Low"
"4478","San Angelo",2011,1,8482320,118900,615,6.3,2011,"Low"
"4479","San Angelo",2011,2,10699263,117800,608,6.2,2011.08333333333,"Low"
"4480","San Angelo",2011,3,13471997,133800,622,6.5,2011.16666666667,"Low"
"4481","San Angelo",2011,4,12456050,115400,658,7.1,2011.25,"Low"
"4482","San Angelo",2011,5,14965200,124300,667,7.2,2011.33333333333,"Medium"
"4483","San Angelo",2011,6,18103492,126400,651,7,2011.41666666667,"Medium"
"4484","San Angelo",2011,7,13843915,124600,647,6.9,2011.5,"Medium"
"4485","San Angelo",2011,9,17390213,128100,583,6,2011.66666666667,"Medium"
"4486","San Angelo",2011,10,8707778,110000,550,5.8,2011.75,"Low"
"4487","San Angelo",2011,12,12794150,121000,501,5.2,2011.91666666667,"Low"
"4488","San Angelo",2012,1,7933049,108600,473,4.9,2012,"Low"
"4489","San Angelo",2012,2,11402885,119300,493,5.1,2012.08333333333,"Low"
"4490","San Angelo",2012,3,15463123,111700,474,4.8,2012.16666666667,"Medium"
"4491","San Angelo",2012,6,16733685,116200,497,4.9,2012.41666666667,"Medium"
"4492","San Angelo",2012,7,21740688,133600,481,4.5,2012.5,"Medium"
"4493","San Angelo",2012,8,20565990,132400,542,5,2012.58333333333,"Medium"
"4494","San Angelo",2012,9,11331250,118300,513,4.9,2012.66666666667,"Low"
"4495","San Angelo",2012,10,19019037,133000,483,4.4,2012.75,"Medium"
"4496","San Angelo",2012,11,18043817,143900,478,4.3,2012.83333333333,"Medium"
"4497","San Angelo",2013,3,27662400,131800,266,2.1,2013.16666666667,"Medium"
"4498","San Angelo",2013,4,24529726,140000,269,2,2013.25,"Medium"
"4499","San Angelo",2013,6,22959994,146900,355,2.6,2013.41666666667,"Medium"
"4500","San Angelo",2013,7,26291455,142200,362,2.6,2013.5,"Medium"
"4501","San Angelo",2013,8,26273610,147300,415,3,2013.58333333333,"Medium"
"4502","San Angelo",2013,9,21751834,133300,453,3.1,2013.66666666667,"Medium"
"4503","San Angelo",2013,10,19718700,144600,459,3.2,2013.75,"Medium"
"4504","San Angelo",2013,11,12394066,125600,486,3.4,2013.83333333333,"Low"
"4505","San Angelo",2013,12,17888049,155800,469,3.3,2013.91666666667,"Medium"
"4506","San Angelo",2014,1,10613222,137300,475,3.5,2014,"Low"
"4507","San Angelo",2014,3,19590211,147100,457,3.5,2014.16666666667,"Medium"
"4508","San Angelo",2014,4,23468120,146000,467,3.7,2014.25,"Medium"
"4509","San Angelo",2014,5,19276354,140800,481,3.9,2014.33333333333,"Medium"
"4510","San Angelo",2014,6,23963250,159400,447,3.6,2014.41666666667,"Medium"
"4511","San Angelo",2014,8,25188280,161800,535,4.4,2014.58333333333,"Medium"
"4512","San Angelo",2014,9,27764510,163000,537,4.4,2014.66666666667,"Medium"
"4513","San Angelo",2014,10,21413000,151600,498,4.1,2014.75,"Medium"
"4514","San Angelo",2014,12,20558587,159200,473,3.7,2014.91666666667,"Medium"
"4515","San Angelo",2015,2,16739639,143300,470,3.7,2015.08333333333,"Medium"
"4516","San Angelo",2015,3,20760806,148400,453,3.5,2015.16666666667,"Medium"
"4517","San Angelo",2015,5,24116551,157900,483,3.8,2015.33333333333,"Medium"
"4518","San Angelo",2015,6,31155867,175400,547,4.2,2015.41666666667,"Medium"
"4519","San Angelo",2015,7,31874600,170900,570,4.3,2015.5,"Medium"
"4520","San Antonio",2000,1,98974924,90900,5866,4.7,2000,"High"
"4521","San Antonio",2000,3,167748201,87000,6187,4.9,2000.16666666667,"High"
"4522","San Antonio",2000,4,145280248,90200,6339,5,2000.25,"High"
"4523","San Antonio",2000,5,183281564,91200,6454,5,2000.33333333333,"High"
"4524","San Antonio",2000,6,210779154,100100,6471,5,2000.41666666667,"High"
"4525","San Antonio",2000,7,185816640,100500,6328,4.9,2000.5,"High"
"4526","San Antonio",2000,9,156643797,94800,6761,5.2,2000.66666666667,"High"
"4527","San Antonio",2000,11,133453386,94100,6610,5,2000.83333333333,"High"
"4528","San Antonio",2000,12,122995362,96800,6335,4.9,2000.91666666667,"High"
"4529","San Antonio",2001,1,105646984,87900,6437,4.9,2001,"High"
"4530","San Antonio",2001,2,138259169,96900,6662,5.1,2001.08333333333,"High"
"4531","San Antonio",2001,3,183435869,97300,6782,5.2,2001.16666666667,"High"
"4532","San Antonio",2001,4,161665350,93300,6906,5.2,2001.25,"High"
"4533","San Antonio",2001,5,203486532,102300,7074,5.3,2001.33333333333,"High"
"4534","San Antonio",2001,8,207082026,102400,7006,5.2,2001.58333333333,"High"
"4535","San Antonio",2001,9,142851660,98500,6919,5.2,2001.66666666667,"High"
"4536","San Antonio",2001,10,156272648,96400,6774,5.1,2001.75,"High"
"4537","San Antonio",2001,11,146607645,98200,6511,4.8,2001.83333333333,"High"
"4538","San Antonio",2002,1,107359952,100500,6616,4.9,2002,"High"
"4539","San Antonio",2002,2,139391844,104000,6787,5,2002.08333333333,"High"
"4540","San Antonio",2002,3,171773437,100400,6959,5.2,2002.16666666667,"High"
"4541","San Antonio",2002,4,170085516,102100,7049,5.3,2002.25,"High"
"4542","San Antonio",2002,6,204189254,112700,7237,5.5,2002.41666666667,"High"
"4543","San Antonio",2002,7,207497163,111000,7265,5.6,2002.5,"High"
"4544","San Antonio",2002,9,167698544,105600,7290,5.5,2002.66666666667,"High"
"4545","San Antonio",2002,11,154316196,106700,7167,5.4,2002.83333333333,"High"
"4546","San Antonio",2002,12,176796636,112900,6956,5.2,2002.91666666667,"High"
"4547","San Antonio",2003,1,129687322,101100,7241,5.4,2003,"High"
"4548","San Antonio",2003,2,149846603,108800,7343,5.5,2003.08333333333,"High"
"4549","San Antonio",2003,3,182266602,105500,7639,5.7,2003.16666666667,"High"
"4550","San Antonio",2003,4,203687322,111900,7911,5.8,2003.25,"High"
"4551","San Antonio",2003,5,225024783,114500,8159,6,2003.33333333333,"High"
"4552","San Antonio",2003,6,272373704,125500,8413,6.1,2003.41666666667,"High"
"4553","San Antonio",2003,8,256734550,120500,8344,5.9,2003.58333333333,"High"
"4554","San Antonio",2003,9,212298452,111600,8476,5.9,2003.66666666667,"High"
"4555","San Antonio",2003,11,172870150,110800,8112,5.5,2003.83333333333,"High"
"4556","San Antonio",2004,1,134983218,107100,8302,5.6,2004,"High"
"4557","San Antonio",2004,3,230223523,114400,8783,5.7,2004.16666666667,"High"
"4558","San Antonio",2004,4,233034760,112500,8857,5.7,2004.25,"High"
"4559","San Antonio",2004,5,272339465,121800,8977,5.7,2004.33333333333,"High"
"4560","San Antonio",2004,6,354062864,126900,8928,5.6,2004.41666666667,"High"
"4561","San Antonio",2004,7,314642414,124200,8903,5.5,2004.5,"High"
"4562","San Antonio",2004,9,248621950,120700,8847,5.3,2004.66666666667,"High"
"4563","San Antonio",2005,1,174252814,114900,8512,4.9,2005,"High"
"4564","San Antonio",2005,2,213938995,121400,8546,4.9,2005.08333333333,"High"
"4565","San Antonio",2005,3,280364246,121600,8849,5,2005.16666666667,"High"
"4566","San Antonio",2005,6,408234678,135700,8924,4.9,2005.41666666667,"High"
"4567","San Antonio",2005,8,411025907,135500,8344,4.4,2005.58333333333,"High"
"4568","San Antonio",2005,9,357574000,136700,8141,4.2,2005.66666666667,"High"
"4569","San Antonio",2005,10,307933563,129700,8038,4.1,2005.75,"High"
"4570","San Antonio",2005,11,289868415,134500,7826,3.9,2005.83333333333,"High"
"4571","San Antonio",2005,12,307867259,139200,7552,3.8,2005.91666666667,"High"
"4572","San Antonio",2006,1,222767576,130400,7905,3.9,2006,"High"
"4573","San Antonio",2006,2,267312785,130400,7846,3.9,2006.08333333333,"High"
"4574","San Antonio",2006,3,382533514,135900,8134,3.9,2006.16666666667,"High"
"4575","San Antonio",2006,4,337955174,135800,8238,4,2006.25,"High"
"4576","San Antonio",2006,6,499747796,147500,8447,4,2006.41666666667,"High"
"4577","San Antonio",2006,7,459221882,146100,8675,4,2006.5,"High"
"4578","San Antonio",2006,8,438795181,143300,8889,4.1,2006.58333333333,"High"
"4579","San Antonio",2006,9,375555039,139100,9169,4.2,2006.66666666667,"High"
"4580","San Antonio",2006,11,323268760,141700,9431,4.3,2006.83333333333,"High"
"4581","San Antonio",2006,12,356849507,147500,9101,4.2,2006.91666666667,"High"
"4582","San Antonio",2007,2,299078925,143100,10388,4.8,2007.08333333333,"High"
"4583","San Antonio",2007,3,371754181,145700,10785,5,2007.16666666667,"High"
"4584","San Antonio",2007,4,380162073,145000,11563,5.3,2007.25,"High"
"4585","San Antonio",2007,5,447033120,147200,12256,5.7,2007.33333333333,"High"
"4586","San Antonio",2007,6,472051800,157200,12718,6,2007.41666666667,"High"
"4587","San Antonio",2007,7,438039518,152300,12946,6.1,2007.5,"High"
"4588","San Antonio",2007,8,450041817,151500,12857,6.1,2007.58333333333,"High"
"4589","San Antonio",2007,10,296749662,144400,13103,6.4,2007.75,"High"
"4590","San Antonio",2007,11,280035900,145000,12578,6.2,2007.83333333333,"High"
"4591","San Antonio",2007,12,306775579,148500,11843,5.9,2007.91666666667,"High"
"4592","San Antonio",2008,3,309989598,147900,13091,6.8,2008.16666666667,"High"
"4593","San Antonio",2008,6,405778671,157800,13871,7.6,2008.41666666667,"High"
"4594","San Antonio",2008,7,350623890,153400,14088,7.9,2008.5,"High"
"4595","San Antonio",2008,10,262507655,144300,13541,8,2008.75,"High"
"4596","San Antonio",2008,12,232910019,141500,12281,7.6,2008.91666666667,"High"
"4597","San Antonio",2009,2,202274184,142300,12622,8.1,2009.08333333333,"High"
"4598","San Antonio",2009,3,235903850,143800,12807,8.4,2009.16666666667,"High"
"4599","San Antonio",2009,4,271181155,147900,12690,8.5,2009.25,"High"
"4600","San Antonio",2009,5,306809171,151600,12601,8.5,2009.33333333333,"High"
"4601","San Antonio",2009,6,369817472,156100,12516,8.5,2009.41666666667,"High"
"4602","San Antonio",2009,7,380490533,158600,12413,8.4,2009.5,"High"
"4603","San Antonio",2009,9,279600204,146500,11865,8,2009.66666666667,"High"
"4604","San Antonio",2009,11,271945968,141000,11506,7.4,2009.83333333333,"High"
"4605","San Antonio",2010,1,148724845,138800,11755,7.5,2010,"High"
"4606","San Antonio",2010,2,210877650,141700,12168,7.8,2010.08333333333,"High"
"4607","San Antonio",2010,3,307921677,143300,12948,8.1,2010.16666666667,"High"
"4608","San Antonio",2010,6,371310192,152000,13552,8.1,2010.41666666667,"High"
"4609","San Antonio",2010,7,318011916,161800,13598,8.4,2010.5,"High"
"4610","San Antonio",2010,8,328912742,160100,13423,8.3,2010.58333333333,"High"
"4611","San Antonio",2010,9,269064373,152000,13022,8.1,2010.66666666667,"High"
"4612","San Antonio",2010,11,246477985,152900,12235,7.9,2010.83333333333,"High"
"4613","San Antonio",2010,12,260427064,157200,11603,7.5,2010.91666666667,"High"
"4614","San Antonio",2011,1,175057159,146100,11903,7.7,2011,"High"
"4615","San Antonio",2011,2,201443132,148700,12076,7.9,2011.08333333333,"High"
"4616","San Antonio",2011,3,290760522,148400,12485,8.2,2011.16666666667,"High"
"4617","San Antonio",2011,4,279658832,147900,12631,8.4,2011.25,"High"
"4618","San Antonio",2011,5,351947316,152400,12685,8.6,2011.33333333333,"High"
"4619","San Antonio",2011,6,382276827,155300,12655,8.5,2011.41666666667,"High"
"4620","San Antonio",2011,7,334566084,156500,12491,8.3,2011.5,"High"
"4621","San Antonio",2011,8,332639720,153300,11856,7.8,2011.58333333333,"High"
"4622","San Antonio",2011,9,305052198,152400,11489,7.5,2011.66666666667,"High"
"4623","San Antonio",2011,10,258310111,151400,11299,7.4,2011.75,"High"
"4624","San Antonio",2011,11,226300216,147500,10901,7.1,2011.83333333333,"High"
"4625","San Antonio",2012,1,183471954,142100,10400,6.7,2012,"High"
"4626","San Antonio",2012,2,240879768,150200,10486,6.7,2012.08333333333,"High"
"4627","San Antonio",2012,3,312831976,157200,10618,6.8,2012.16666666667,"High"
"4628","San Antonio",2012,4,325553748,156900,10977,6.9,2012.25,"High"
"4629","San Antonio",2012,5,382613654,160400,11063,7,2012.33333333333,"High"
"4630","San Antonio",2012,6,439461614,169700,11031,6.9,2012.41666666667,"High"
"4631","San Antonio",2012,7,379996619,163200,10938,6.8,2012.5,"High"
"4632","San Antonio",2012,8,418840356,160400,10477,6.4,2012.58333333333,"High"
"4633","San Antonio",2012,9,333975240,157200,10148,6.1,2012.66666666667,"High"
"4634","San Antonio",2012,10,331573545,157800,9828,5.9,2012.75,"High"
"4635","San Antonio",2012,11,313453812,160800,9429,5.5,2012.83333333333,"High"
"4636","San Antonio",2012,12,305454501,159500,8801,5.1,2012.91666666667,"High"
"4637","San Antonio",2013,1,236163208,150400,8932,5.1,2013,"High"
"4638","San Antonio",2013,2,285398367,159300,9359,5.4,2013.08333333333,"High"
"4639","San Antonio",2013,3,364477084,158300,9488,5.4,2013.16666666667,"High"
"4640","San Antonio",2013,4,413772003,165300,9421,5.3,2013.25,"High"
"4641","San Antonio",2013,6,521027508,177800,9581,5.1,2013.41666666667,"High"
"4642","San Antonio",2013,7,537769228,178000,9763,5.1,2013.5,"High"
"4643","San Antonio",2013,8,518033309,174700,9396,4.8,2013.58333333333,"High"
"4644","San Antonio",2013,9,420142221,168400,9113,4.6,2013.66666666667,"High"
"4645","San Antonio",2013,10,388789029,168500,8868,4.5,2013.75,"High"
"4646","San Antonio",2014,1,269857974,160900,8282,4.1,2014,"High"
"4647","San Antonio",2014,2,313307895,168600,8638,4.3,2014.08333333333,"High"
"4648","San Antonio",2014,3,404816960,173300,8909,4.4,2014.16666666667,"High"
"4649","San Antonio",2014,6,585805307,188800,9641,4.7,2014.41666666667,"High"
"4650","San Antonio",2014,7,577877954,185300,9458,4.6,2014.5,"High"
"4651","San Antonio",2014,8,553787595,180700,9235,4.5,2014.58333333333,"High"
"4652","San Antonio",2014,10,464066036,174600,8710,4.1,2014.75,"High"
"4653","San Antonio",2014,12,478503900,183400,7569,3.6,2014.91666666667,"High"
"4654","San Antonio",2015,1,311909130,175900,7717,3.6,2015,"High"
"4655","San Antonio",2015,2,387155552,186700,7799,3.6,2015.08333333333,"High"
"4656","San Antonio",2015,4,547396335,188500,8388,3.8,2015.25,"High"
"4657","San Antonio",2015,5,633210464,199400,8682,3.9,2015.33333333333,"High"
"4658","San Antonio",2015,6,701375402,199400,9105,4,2015.41666666667,"High"
"4659","San Marcos",2000,1,2380000,106700,190,6.3,2000,"Low"
"4660","San Marcos",2000,3,3400000,112500,184,6,2000.16666666667,"Low"
"4661","San Marcos",2000,5,4620000,92500,213,6.8,2000.33333333333,"Low"
"4662","San Marcos",2000,6,3870000,117500,227,7.5,2000.41666666667,"Low"
"4663","San Marcos",2000,8,6230000,112000,259,8.4,2000.58333333333,"Low"
"4664","San Marcos",2000,10,3675000,110000,259,8.2,2000.75,"Low"
"4665","San Marcos",2000,11,2240000,123300,208,6.9,2000.83333333333,"Low"
"4666","San Marcos",2000,12,3310000,120000,259,8.6,2000.91666666667,"Low"
"4667","San Marcos",2001,3,4515000,124000,258,8.4,2001.16666666667,"Low"
"4668","San Marcos",2001,4,5215000,120000,257,8,2001.25,"Low"
"4669","San Marcos",2008,9,2715000,150000,187,8.5,2008.66666666667,"Low"
"4670","San Marcos",2008,10,1675000,143300,160,7.4,2008.75,"Low"
"4671","San Marcos",2008,11,2390000,140000,158,7.4,2008.83333333333,"Low"
"4672","San Marcos",2008,12,2535000,153300,152,7,2008.91666666667,"Low"
"4673","San Marcos",2009,1,2040000,138000,149,6.9,2009,"Low"
"4674","San Marcos",2009,2,1215000,95000,158,7.6,2009.08333333333,"Low"
"4675","San Marcos",2009,3,1875000,130000,171,8.4,2009.16666666667,"Low"
"4676","San Marcos",2009,4,1765000,140000,179,9.5,2009.25,"Low"
"4677","San Marcos",2009,5,3055000,120000,188,10.5,2009.33333333333,"Low"
"4678","San Marcos",2009,6,4900000,150000,187,10.4,2009.41666666667,"Low"
"4679","San Marcos",2009,7,3175000,160000,196,11.6,2009.5,"Low"
"4680","San Marcos",2009,9,2895000,190000,168,9.7,2009.66666666667,"Low"
"4681","San Marcos",2009,11,3705640,176700,164,9.4,2009.83333333333,"Low"
"4682","San Marcos",2010,1,1784797,130000,169,9.7,2010,"Low"
"4683","San Marcos",2010,3,2003406,120000,189,10.5,2010.16666666667,"Low"
"4684","San Marcos",2010,4,4522188,142900,188,9.9,2010.25,"Low"
"4685","San Marcos",2010,5,6450037,123300,172,8.2,2010.33333333333,"Low"
"4686","San Marcos",2010,7,2628103,138000,181,8.7,2010.5,"Low"
"4687","San Marcos",2010,9,1419500,110000,188,8.7,2010.66666666667,"Low"
"4688","San Marcos",2010,10,1872700,130000,185,8.6,2010.75,"Low"
"4689","San Marcos",2010,11,3726000,250000,590,27.5,2010.83333333333,"Low"
"4690","San Marcos",2010,12,3824575,130000,155,7,2010.91666666667,"Low"
"4691","San Marcos",2011,2,2826943,160000,159,7.3,2011.08333333333,"Low"
"4692","San Marcos",2011,3,1949078,120000,174,8.1,2011.16666666667,"Low"
"4693","San Marcos",2011,5,5455039,150000,190,9.8,2011.33333333333,"Low"
"4694","San Marcos",2011,6,6303769,141400,185,9.1,2011.41666666667,"Low"
"4695","San Marcos",2011,7,5245864,156000,167,7.8,2011.5,"Low"
"4696","San Marcos",2011,8,4841585,164000,175,8.3,2011.58333333333,"Low"
"4697","San Marcos",2011,9,2943290,165000,169,8.3,2011.66666666667,"Low"
"4698","San Marcos",2011,11,1816002,145000,161,8.2,2011.83333333333,"Low"
"4699","San Marcos",2011,12,1561250,140000,148,8,2011.91666666667,"Low"
"4700","San Marcos",2012,1,1966487,150000,151,8.1,2012,"Low"
"4701","San Marcos",2012,2,2435211,147500,132,7,2012.08333333333,"Low"
"4702","San Marcos",2012,3,2790440,168000,156,8.2,2012.16666666667,"Low"
"4703","San Marcos",2012,4,3045000,170000,163,8.5,2012.25,"Low"
"4704","San Marcos",2012,5,3966129,140000,157,8.4,2012.33333333333,"Low"
"4705","San Marcos",2012,6,5942623,134300,163,8.9,2012.41666666667,"Low"
"4706","San Marcos",2012,7,3224100,160000,154,8.8,2012.5,"Low"
"4707","San Marcos",2012,8,3359663,153300,159,9.4,2012.58333333333,"Low"
"4708","San Marcos",2012,9,3193000,160000,155,9,2012.66666666667,"Low"
"4709","San Marcos",2012,10,1989450,170000,140,8,2012.75,"Low"
"4710","San Marcos",2012,11,3017225,160000,129,7.2,2012.83333333333,"Low"
"4711","San Marcos",2012,12,3277800,170000,115,6.2,2012.91666666667,"Low"
"4712","San Marcos",2013,1,1946700,140000,122,6.6,2013,"Low"
"4713","San Marcos",2013,2,2354300,130000,122,6.6,2013.08333333333,"Low"
"4714","San Marcos",2013,3,4906550,156700,118,6,2013.16666666667,"Low"
"4715","San Marcos",2013,4,3479200,160000,149,7.5,2013.25,"Low"
"4716","San Marcos",2013,5,6641282,156700,141,6.8,2013.33333333333,"Low"
"4717","San Marcos",2013,7,5749499,150000,134,6.4,2013.5,"Low"
"4718","San Marcos",2013,8,7257402,170000,35,1.6,2013.58333333333,"Low"
"4719","San Marcos",2013,9,4672566,170000,122,5.4,2013.66666666667,"Low"
"4720","San Marcos",2013,10,3243814,160000,114,5,2013.75,"Low"
"4721","San Marcos",2013,11,3944627,160000,111,4.8,2013.83333333333,"Low"
"4722","San Marcos",2013,12,2826383,175000,135,5.9,2013.91666666667,"Low"
"4723","San Marcos",2014,1,3057020,155000,106,4.5,2014,"Low"
"4724","San Marcos",2014,2,2708817,153300,109,4.6,2014.08333333333,"Low"
"4725","San Marcos",2014,3,4424479,180000,115,5,2014.16666666667,"Low"
"4726","San Marcos",2014,4,5795332,155000,118,4.8,2014.25,"Low"
"4727","San Marcos",2014,5,6428200,170000,118,4.9,2014.33333333333,"Low"
"4728","San Marcos",2014,6,6627575,152900,116,4.6,2014.41666666667,"Low"
"4729","San Marcos",2014,7,6851889,152900,112,4.4,2014.5,"Low"
"4730","San Marcos",2014,8,5471006,153800,108,4.3,2014.58333333333,"Low"
"4731","San Marcos",2014,9,4246700,174300,82,3.3,2014.66666666667,"Low"
"4732","San Marcos",2014,10,3167968,153300,98,3.9,2014.75,"Low"
"4733","San Marcos",2014,12,5702169,187500,79,3.1,2014.91666666667,"Low"
"4734","San Marcos",2015,1,3376703,150000,85,3.4,2015,"Low"
"4735","San Marcos",2015,2,3984850,170000,83,3.3,2015.08333333333,"Low"
"4736","San Marcos",2015,3,4215796,160000,97,3.8,2015.16666666667,"Low"
"4737","San Marcos",2015,6,8808027,190000,101,4,2015.41666666667,"Low"
"4738","Sherman-Denison",2000,1,3843807,70000,494,6.6,2000,"Low"
"4739","Sherman-Denison",2000,2,5453464,68800,468,6.2,2000.08333333333,"Low"
"4740","Sherman-Denison",2000,4,6892592,78900,529,7.1,2000.25,"Low"
"4741","Sherman-Denison",2000,5,11015904,69700,521,6.5,2000.33333333333,"Medium"
"4742","Sherman-Denison",2000,6,12032736,76900,527,6.3,2000.41666666667,"Medium"
"4743","Sherman-Denison",2000,7,8676864,81700,552,6.5,2000.5,"Medium"
"4744","Sherman-Denison",2000,8,8453800,76400,548,6.4,2000.58333333333,"Medium"
"4745","Sherman-Denison",2000,9,8484732,79000,557,6.4,2000.66666666667,"Low"
"4746","Sherman-Denison",2000,10,6754535,91900,554,6.4,2000.75,"Low"
"4747","Sherman-Denison",2000,11,8277465,82800,539,6,2000.83333333333,"Low"
"4748","Sherman-Denison",2001,1,5019492,68600,546,6,2001,"Low"
"4749","Sherman-Denison",2001,2,7331352,85000,565,6.1,2001.08333333333,"Low"
"4750","Sherman-Denison",2001,4,7512813,75400,622,6.7,2001.25,"Low"
"4751","Sherman-Denison",2001,5,9792060,93100,667,7.5,2001.33333333333,"Medium"
"4752","Sherman-Denison",2001,7,9804190,99200,708,8.4,2001.5,"Low"
"4753","Sherman-Denison",2001,8,8403234,82000,709,8.4,2001.58333333333,"Low"
"4754","Sherman-Denison",2001,9,7409173,79400,711,8.6,2001.66666666667,"Low"
"4755","Sherman-Denison",2001,10,8007320,77800,690,8.2,2001.75,"Low"
"4756","Sherman-Denison",2001,11,9222710,90000,702,8.4,2001.83333333333,"Low"
"4757","Sherman-Denison",2001,12,7092259,81400,713,8.5,2001.91666666667,"Low"
"4758","Sherman-Denison",2002,1,4857874,72500,746,9,2002,"Low"
"4759","Sherman-Denison",2002,4,10992438,83000,787,9.6,2002.25,"Medium"
"4760","Sherman-Denison",2002,5,12600935,85000,807,9.5,2002.33333333333,"Medium"
"4761","Sherman-Denison",2002,7,10211100,86100,845,9.6,2002.5,"Medium"
"4762","Sherman-Denison",2002,8,12493264,88900,847,9.3,2002.58333333333,"Medium"
"4763","Sherman-Denison",2002,9,7665048,96200,841,9.3,2002.66666666667,"Low"
"4764","Sherman-Denison",2002,10,10856116,91800,847,9.1,2002.75,"Medium"
"4765","Sherman-Denison",2002,11,7632470,93500,847,9.3,2002.83333333333,"Low"
"4766","Sherman-Denison",2002,12,9740882,90000,815,8.7,2002.91666666667,"Low"
"4767","Sherman-Denison",2003,1,5102048,80000,882,9.4,2003,"Low"
"4768","Sherman-Denison",2003,2,7998767,86700,873,9.2,2003.08333333333,"Low"
"4769","Sherman-Denison",2003,4,10431073,87700,948,9.9,2003.25,"Medium"
"4770","Sherman-Denison",2003,5,8820890,77200,976,10.5,2003.33333333333,"Low"
"4771","Sherman-Denison",2003,6,11110616,90000,999,10.8,2003.41666666667,"Medium"
"4772","Sherman-Denison",2003,7,13122150,95700,1018,10.9,2003.5,"Medium"
"4773","Sherman-Denison",2003,9,12382376,86500,997,10.3,2003.66666666667,"Medium"
"4774","Sherman-Denison",2003,10,10289880,85800,979,10.2,2003.75,"Medium"
"4775","Sherman-Denison",2003,11,9617361,80800,970,9.9,2003.83333333333,"Low"
"4776","Sherman-Denison",2003,12,8567386,90800,945,9.8,2003.91666666667,"Low"
"4777","Sherman-Denison",2004,1,5994556,73800,1030,10.5,2004,"Low"
"4778","Sherman-Denison",2004,3,10441443,84400,1053,10.8,2004.16666666667,"Medium"
"4779","Sherman-Denison",2004,4,11652492,78600,1104,11.2,2004.25,"Medium"
"4780","Sherman-Denison",2004,6,13817390,84700,1180,11.5,2004.41666666667,"Medium"
"4781","Sherman-Denison",2004,7,16050090,101000,1192,11.3,2004.5,"Medium"
"4782","Sherman-Denison",2004,8,16991156,94600,1179,11,2004.58333333333,"Medium"
"4783","Sherman-Denison",2004,10,11153632,93300,1142,10.5,2004.75,"Medium"
"4784","Sherman-Denison",2004,11,12046506,98000,1119,10.1,2004.83333333333,"Medium"
"4785","Sherman-Denison",2004,12,13665658,89600,1050,9.2,2004.91666666667,"Medium"
"4786","Sherman-Denison",2005,1,9933794,86900,1042,9,2005,"Low"
"4787","Sherman-Denison",2005,4,15238775,89500,1089,8.8,2005.25,"Medium"
"4788","Sherman-Denison",2005,5,17366800,97100,1124,8.8,2005.33333333333,"Medium"
"4789","Sherman-Denison",2005,7,15569475,96000,1148,9.1,2005.5,"Medium"
"4790","Sherman-Denison",2005,10,12458875,107500,1091,8.5,2005.75,"Medium"
"4791","Sherman-Denison",2005,11,11736838,105600,1055,8.3,2005.83333333333,"Low"
"4792","Sherman-Denison",2005,12,15292735,96000,998,7.9,2005.91666666667,"Medium"
"4793","Sherman-Denison",2006,1,9396501,87500,1055,8.4,2006,"Low"
"4794","Sherman-Denison",2006,2,11633630,88800,1048,8.3,2006.08333333333,"Medium"
"4795","Sherman-Denison",2006,4,16443754,96400,1107,8.9,2006.25,"Medium"
"4796","Sherman-Denison",2006,5,19501040,105700,1179,9.7,2006.33333333333,"Medium"
"4797","Sherman-Denison",2006,6,20070116,95600,1174,9.5,2006.41666666667,"Medium"
"4798","Sherman-Denison",2006,10,13478220,101400,1153,9.3,2006.75,"Medium"
"4799","Sherman-Denison",2006,11,12727200,95000,1126,8.9,2006.83333333333,"Medium"
"4800","Sherman-Denison",2006,12,12716760,87300,1069,8.5,2006.91666666667,"Medium"
"4801","Sherman-Denison",2007,2,12043808,103300,1120,8.8,2007.08333333333,"Medium"
"4802","Sherman-Denison",2007,3,15270345,90000,1153,9,2007.16666666667,"Medium"
"4803","Sherman-Denison",2007,5,16907560,98200,1191,9.1,2007.33333333333,"Medium"
"4804","Sherman-Denison",2007,6,17069700,105000,1218,9.4,2007.41666666667,"Medium"
"4805","Sherman-Denison",2007,7,15626575,96400,1196,9.4,2007.5,"Medium"
"4806","Sherman-Denison",2007,9,13593354,1e+05,1221,9.8,2007.66666666667,"Medium"
"4807","Sherman-Denison",2007,10,11585074,101100,1219,9.9,2007.75,"Medium"
"4808","Sherman-Denison",2007,11,13955135,96900,1149,9.3,2007.83333333333,"Medium"
"4809","Sherman-Denison",2007,12,10064729,92100,1071,8.9,2007.91666666667,"Low"
"4810","Sherman-Denison",2008,2,10840926,83800,1071,9,2008.08333333333,"Medium"
"4811","Sherman-Denison",2008,5,15910275,103100,1115,9.8,2008.33333333333,"Medium"
"4812","Sherman-Denison",2008,6,14756472,96700,1151,10.4,2008.41666666667,"Medium"
"4813","Sherman-Denison",2008,7,14402387,86900,1149,10.3,2008.5,"Medium"
"4814","Sherman-Denison",2008,9,12786595,93300,1059,9.8,2008.66666666667,"Medium"
"4815","Sherman-Denison",2008,10,11721023,80500,1032,9.6,2008.75,"Medium"
"4816","Sherman-Denison",2008,11,5686434,92500,1024,9.9,2008.83333333333,"Low"
"4817","Sherman-Denison",2008,12,7525284,85000,922,9,2008.91666666667,"Low"
"4818","Sherman-Denison",2009,1,5531098,60000,952,9.4,2009,"Low"
"4819","Sherman-Denison",2009,2,5415164,63300,988,10.1,2009.08333333333,"Low"
"4820","Sherman-Denison",2009,3,9194244,80600,964,10.1,2009.16666666667,"Low"
"4821","Sherman-Denison",2009,4,9553635,86900,1003,10.7,2009.25,"Medium"
"4822","Sherman-Denison",2009,5,9002384,90000,1027,11.5,2009.33333333333,"Low"
"4823","Sherman-Denison",2009,7,11063439,116000,1050,12,2009.5,"Low"
"4824","Sherman-Denison",2009,8,12034028,103300,1071,12.5,2009.58333333333,"Medium"
"4825","Sherman-Denison",2009,9,10255056,1e+05,1019,12.1,2009.66666666667,"Low"
"4826","Sherman-Denison",2009,10,11902944,95700,995,11.9,2009.75,"Medium"
"4827","Sherman-Denison",2009,12,8480420,87200,878,10.1,2009.91666666667,"Low"
"4828","Sherman-Denison",2010,1,8271680,76900,893,10.2,2010,"Low"
"4829","Sherman-Denison",2010,2,7746517,89000,930,10.5,2010.08333333333,"Low"
"4830","Sherman-Denison",2010,3,10369085,83100,958,10.6,2010.16666666667,"Medium"
"4831","Sherman-Denison",2010,4,13460628,93200,990,10.8,2010.25,"Medium"
"4832","Sherman-Denison",2010,5,12727338,91700,1044,11.2,2010.33333333333,"Medium"
"4833","Sherman-Denison",2010,6,12401568,103600,1108,12,2010.41666666667,"Medium"
"4834","Sherman-Denison",2010,7,9708445,101000,1130,12.3,2010.5,"Low"
"4835","Sherman-Denison",2010,8,11424296,76400,1124,12.2,2010.58333333333,"Medium"
"4836","Sherman-Denison",2010,10,8559000,98300,1052,11.7,2010.75,"Low"
"4837","Sherman-Denison",2010,11,7708464,85000,1031,11.6,2010.83333333333,"Low"
"4838","Sherman-Denison",2010,12,8240456,94200,963,11,2010.91666666667,"Low"
"4839","Sherman-Denison",2011,1,7127505,75000,950,11,2011,"Low"
"4840","Sherman-Denison",2011,2,5686305,71000,939,11,2011.08333333333,"Low"
"4841","Sherman-Denison",2011,4,10596984,94000,989,11.7,2011.25,"Low"
"4842","Sherman-Denison",2011,5,9801300,78000,970,11.5,2011.33333333333,"Medium"
"4843","Sherman-Denison",2011,7,12123700,111000,976,11.2,2011.5,"Low"
"4844","Sherman-Denison",2011,8,10446579,81500,950,11,2011.58333333333,"Medium"
"4845","Sherman-Denison",2011,9,11137816,89000,919,10.5,2011.66666666667,"Low"
"4846","Sherman-Denison",2011,10,8077475,85600,882,10,2011.75,"Low"
"4847","Sherman-Denison",2011,11,9136140,1e+05,832,9.5,2011.83333333333,"Low"
"4848","Sherman-Denison",2011,12,9558822,91700,780,8.8,2011.91666666667,"Low"
"4849","Sherman-Denison",2012,1,8613374,85000,781,8.7,2012,"Low"
"4850","Sherman-Denison",2012,3,11805916,95000,830,9.2,2012.16666666667,"Medium"
"4851","Sherman-Denison",2012,4,9746652,85000,849,9.5,2012.25,"Low"
"4852","Sherman-Denison",2012,5,14304220,120000,882,9.9,2012.33333333333,"Medium"
"4853","Sherman-Denison",2012,6,14123128,102000,847,9.8,2012.41666666667,"Medium"
"4854","Sherman-Denison",2012,7,12775681,88800,863,9.8,2012.5,"Medium"
"4855","Sherman-Denison",2012,9,11526141,96100,835,9.2,2012.66666666667,"Low"
"4856","Sherman-Denison",2012,10,15120600,114300,815,8.7,2012.75,"Medium"
"4857","Sherman-Denison",2012,12,12521188,93600,693,7.1,2012.91666666667,"Low"
"4858","Sherman-Denison",2013,1,7913711,87500,738,7.6,2013,"Low"
"4859","Sherman-Denison",2013,2,8969619,90000,748,7.6,2013.08333333333,"Low"
"4860","Sherman-Denison",2013,3,13806302,103800,777,7.9,2013.16666666667,"Medium"
"4861","Sherman-Denison",2013,4,15724695,103800,764,7.5,2013.25,"Medium"
"4862","Sherman-Denison",2013,5,20628208,123600,777,7.4,2013.33333333333,"Medium"
"4863","Sherman-Denison",2013,7,17502250,116700,791,7.3,2013.5,"Medium"
"4864","Sherman-Denison",2013,8,18127057,105900,766,7,2013.58333333333,"Medium"
"4865","Sherman-Denison",2013,9,17732670,115400,757,6.7,2013.66666666667,"Medium"
"4866","Sherman-Denison",2013,11,8904735,90800,724,6.5,2013.83333333333,"Low"
"4867","Sherman-Denison",2013,12,12641110,103300,645,5.8,2013.91666666667,"Low"
"4868","Sherman-Denison",2014,1,9094062,79400,688,6.2,2014,"Low"
"4869","Sherman-Denison",2014,2,12435240,110000,672,6,2014.08333333333,"Low"
"4870","Sherman-Denison",2014,3,13180433,93000,708,6.3,2014.16666666667,"Medium"
"4871","Sherman-Denison",2014,4,16829775,85000,738,6.5,2014.25,"Medium"
"4872","Sherman-Denison",2014,5,17686215,97500,747,6.6,2014.33333333333,"Medium"
"4873","Sherman-Denison",2014,6,26042719,135000,773,6.6,2014.41666666667,"Medium"
"4874","Sherman-Denison",2014,7,18639896,114200,762,6.5,2014.5,"Medium"
"4875","Sherman-Denison",2014,9,19469316,118200,691,5.9,2014.66666666667,"Medium"
"4876","Sherman-Denison",2014,10,20111500,125600,686,5.7,2014.75,"Medium"
"4877","Sherman-Denison",2014,12,16798992,129200,591,4.8,2014.91666666667,"Medium"
"4878","Sherman-Denison",2015,1,12222144,121700,549,4.4,2015,"Low"
"4879","Sherman-Denison",2015,2,15121800,124400,519,4.1,2015.08333333333,"Medium"
"4880","Sherman-Denison",2015,3,20930600,115700,534,4.2,2015.16666666667,"Medium"
"4881","Sherman-Denison",2015,4,21555110,132100,526,4.1,2015.25,"Medium"
"4882","Sherman-Denison",2015,5,23274472,125000,518,4,2015.33333333333,"Medium"
"4883","Sherman-Denison",2015,6,25104282,130000,534,4.1,2015.41666666667,"Medium"
"4884","Sherman-Denison",2015,7,24592710,125500,593,4.4,2015.5,"Medium"
"4885","South Padre Island",2010,4,6460745,225000,1403,54.5,2010.25,"Low"
"4886","South Padre Island",2010,7,6078750,262500,1316,51.3,2010.5,"Low"
"4887","South Padre Island",2010,9,9950150,225000,1277,49.8,2010.66666666667,"Low"
"4888","South Padre Island",2010,10,4801000,175000,1259,51.6,2010.75,"Low"
"4889","South Padre Island",2011,1,2088500,225000,1258,55.7,2011,"Low"
"4890","South Padre Island",2011,2,3223463,262500,817,37,2011.08333333333,"Low"
"4891","South Padre Island",2011,3,5098500,180000,881,41,2011.16666666667,"Low"
"4892","South Padre Island",2011,4,6461000,182000,877,39.7,2011.25,"Low"
"4893","South Padre Island",2011,6,2903000,123300,934,43.6,2011.41666666667,"Low"
"4894","South Padre Island",2011,8,5807947,197500,891,41.9,2011.58333333333,"Low"
"4895","South Padre Island",2011,9,5220400,160000,837,40.2,2011.66666666667,"Low"
"4896","South Padre Island",2011,10,2968900,140000,827,40.2,2011.75,"Low"
"4897","South Padre Island",2011,11,3775500,243800,829,39.2,2011.83333333333,"Low"
"4898","South Padre Island",2011,12,3106400,150000,761,37.4,2011.91666666667,"Low"
"4899","South Padre Island",2012,1,2670350,250000,808,39.3,2012,"Low"
"4900","South Padre Island",2012,2,5373000,206200,742,34.6,2012.08333333333,"Low"
"4901","South Padre Island",2012,3,4405075,160000,731,34.4,2012.16666666667,"Low"
"4902","South Padre Island",2012,4,9251810,210000,750,35.4,2012.25,"Low"
"4903","South Padre Island",2012,5,7029500,147500,758,34.6,2012.33333333333,"Low"
"4904","South Padre Island",2012,6,8095500,180000,755,33.6,2012.41666666667,"Low"
"4905","South Padre Island",2012,7,5707370,190000,750,32.6,2012.5,"Low"
"4906","South Padre Island",2012,8,8355800,150000,717,29.8,2012.58333333333,"Low"
"4907","South Padre Island",2012,11,4958198,2e+05,735,29.2,2012.83333333333,"Low"
"4908","South Padre Island",2012,12,6163000,190000,675,26,2012.91666666667,"Low"
"4909","South Padre Island",2013,1,4759500,225000,739,27.6,2013,"Low"
"4910","South Padre Island",2013,2,3768800,2e+05,730,27.7,2013.08333333333,"Low"
"4911","South Padre Island",2013,4,10870360,208300,781,27.9,2013.25,"Low"
"4912","South Padre Island",2013,6,9235790,175000,770,25.9,2013.41666666667,"Low"
"4913","South Padre Island",2013,7,8265815,165000,767,25.3,2013.5,"Low"
"4914","South Padre Island",2013,9,9005500,254200,717,22.8,2013.66666666667,"Low"
"4915","South Padre Island",2013,11,6536200,136000,733,22.3,2013.83333333333,"Low"
"4916","South Padre Island",2013,12,5642825,172000,697,21.3,2013.91666666667,"Low"
"4917","South Padre Island",2014,1,5286750,160000,764,23.2,2014,"Low"
"4918","South Padre Island",2014,2,7164300,180000,757,22.7,2014.08333333333,"Low"
"4919","South Padre Island",2014,3,8841119,120000,764,21.9,2014.16666666667,"Low"
"4920","South Padre Island",2014,5,9408866,180000,773,23.8,2014.33333333333,"Low"
"4921","South Padre Island",2014,6,8966812,160000,796,24.3,2014.41666666667,"Low"
"4922","South Padre Island",2014,7,10275725,184000,773,22.7,2014.5,"Low"
"4923","South Padre Island",2014,8,12756700,175000,759,22.2,2014.58333333333,"Low"
"4924","South Padre Island",2014,9,6524100,157500,732,21.3,2014.66666666667,"Low"
"4925","South Padre Island",2014,10,12166100,173300,707,19.3,2014.75,"Low"
"4926","South Padre Island",2014,12,7540750,215000,670,17.9,2014.91666666667,"Low"
"4927","South Padre Island",2015,1,4893959,180000,688,18.5,2015,"Low"
"4928","South Padre Island",2015,2,5466400,225000,675,18.2,2015.08333333333,"Low"
"4929","South Padre Island",2015,3,7626200,146700,711,19.5,2015.16666666667,"Low"
"4930","South Padre Island",2015,4,8478263,180000,729,19.7,2015.25,"Low"
"4931","South Padre Island",2015,5,13782150,212500,733,19.3,2015.33333333333,"Low"
"4932","South Padre Island",2015,6,8665950,166700,728,19.3,2015.41666666667,"Low"
"4933","Temple-Belton",2000,1,5775000,82900,582,6.7,2000,"Low"
"4934","Temple-Belton",2000,2,8220000,91700,617,7.1,2000.08333333333,"Low"
"4935","Temple-Belton",2000,3,8900000,83800,634,7.3,2000.16666666667,"Low"
"4936","Temple-Belton",2000,5,11685000,88900,637,7.2,2000.33333333333,"Medium"
"4937","Temple-Belton",2000,6,15605000,1e+05,627,7.1,2000.41666666667,"Medium"
"4938","Temple-Belton",2000,7,8880000,84200,595,6.7,2000.5,"Low"
"4939","Temple-Belton",2000,8,12188815,86200,578,6.5,2000.58333333333,"Medium"
"4940","Temple-Belton",2000,9,8965000,88300,560,6.2,2000.66666666667,"Low"
"4941","Temple-Belton",2000,10,9995000,90600,536,5.9,2000.75,"Low"
"4942","Temple-Belton",2000,12,7635000,80400,501,5.4,2000.91666666667,"Low"
"4943","Temple-Belton",2001,1,7010000,83100,592,6.4,2001,"Low"
"4944","Temple-Belton",2001,3,8920000,91700,572,6.2,2001.16666666667,"Low"
"4945","Temple-Belton",2001,4,10710000,94400,565,6,2001.25,"Medium"
"4946","Temple-Belton",2001,5,13375000,89200,557,6,2001.33333333333,"Medium"
"4947","Temple-Belton",2001,6,13050000,101400,631,6.9,2001.41666666667,"Medium"
"4948","Temple-Belton",2001,7,15175000,88700,627,6.6,2001.5,"Medium"
"4949","Temple-Belton",2001,8,13075000,89400,591,6.2,2001.58333333333,"Medium"
"4950","Temple-Belton",2001,9,9215000,94200,598,6.3,2001.66666666667,"Low"
"4951","Temple-Belton",2001,11,11050000,89400,590,6.2,2001.83333333333,"Low"
"4952","Temple-Belton",2001,12,8275000,86900,572,6,2001.91666666667,"Low"
"4953","Temple-Belton",2002,1,8925000,95000,584,6.1,2002,"Low"
"4954","Temple-Belton",2003,9,12100000,93800,603,5.9,2003.66666666667,"Medium"
"4955","Temple-Belton",2003,10,10455000,93100,589,5.8,2003.75,"Medium"
"4956","Temple-Belton",2003,11,10225000,96500,550,5.4,2003.83333333333,"Low"
"4957","Temple-Belton",2003,12,11055000,101100,534,5.3,2003.91666666667,"Low"
"4958","Temple-Belton",2004,1,7425000,98300,611,6.2,2004,"Low"
"4959","Temple-Belton",2004,2,9200000,95000,615,6.2,2004.08333333333,"Low"
"4960","Temple-Belton",2004,3,10300000,96100,651,6.4,2004.16666666667,"Low"
"4961","Temple-Belton",2004,5,14440000,96800,679,6.8,2004.33333333333,"Medium"
"4962","Temple-Belton",2004,6,15560000,108500,707,7.1,2004.41666666667,"Medium"
"4963","Temple-Belton",2004,7,17935000,99400,692,6.8,2004.5,"Medium"
"4964","Temple-Belton",2004,8,15925000,98200,690,6.7,2004.58333333333,"Medium"
"4965","Temple-Belton",2004,9,14965000,101000,730,7,2004.66666666667,"Medium"
"4966","Temple-Belton",2004,10,12295000,101700,711,6.8,2004.75,"Medium"
"4967","Temple-Belton",2004,11,14670000,96700,663,6.2,2004.83333333333,"Medium"
"4968","Temple-Belton",2004,12,11730000,95400,682,6.3,2004.91666666667,"Medium"
"4969","Temple-Belton",2005,1,10070000,96200,718,6.5,2005,"Low"
"4970","Temple-Belton",2005,2,12560000,94400,723,6.4,2005.08333333333,"Medium"
"4971","Temple-Belton",2005,4,16215000,104000,715,6,2005.25,"Medium"
"4972","Temple-Belton",2005,7,21355000,122000,733,5.7,2005.5,"Medium"
"4973","Temple-Belton",2006,4,18250000,115800,925,6.7,2006.25,"Medium"
"4974","Temple-Belton",2006,7,26750000,125300,889,6,2006.5,"Medium"
"4975","Temple-Belton",2006,9,17415000,115200,914,6,2006.66666666667,"Medium"
"4976","Temple-Belton",2006,10,18915000,105400,928,5.9,2006.75,"Medium"
"4977","Temple-Belton",2006,11,17570000,113000,857,5.4,2006.83333333333,"Medium"
"4978","Temple-Belton",2007,1,11990000,99000,879,5.4,2007,"Medium"
"4979","Temple-Belton",2007,3,20990000,111900,944,5.7,2007.16666666667,"Medium"
"4980","Temple-Belton",2007,4,24540000,116500,987,5.9,2007.25,"Medium"
"4981","Temple-Belton",2007,5,30255000,117200,973,5.8,2007.33333333333,"Medium"
"4982","Temple-Belton",2007,6,29825000,125900,982,5.9,2007.41666666667,"Medium"
"4983","Temple-Belton",2007,10,16645000,118000,1056,6.5,2007.75,"Medium"
"4984","Temple-Belton",2007,11,18460000,123800,997,6.2,2007.83333333333,"Medium"
"4985","Temple-Belton",2007,12,23540000,127500,1021,6.3,2007.91666666667,"Medium"
"4986","Temple-Belton",2008,1,14405000,122500,1041,6.5,2008,"Medium"
"4987","Temple-Belton",2008,2,1.5e+07,108700,1074,6.7,2008.08333333333,"Medium"
"4988","Temple-Belton",2008,4,26235000,122200,1063,6.6,2008.25,"Medium"
"4989","Temple-Belton",2008,5,29900000,128100,1103,6.8,2008.33333333333,"Medium"
"4990","Temple-Belton",2008,6,24690000,123800,1047,6.6,2008.41666666667,"Medium"
"4991","Temple-Belton",2008,8,23515000,128900,1025,6.8,2008.58333333333,"Medium"
"4992","Temple-Belton",2008,9,19120000,113300,992,6.5,2008.66666666667,"Medium"
"4993","Temple-Belton",2008,10,12395000,109200,971,6.5,2008.75,"Medium"
"4994","Temple-Belton",2008,11,12935000,130000,944,6.5,2008.83333333333,"Low"
"4995","Temple-Belton",2008,12,17750000,124300,925,6.4,2008.91666666667,"Medium"
"4996","Temple-Belton",2009,1,11015000,123800,987,7,2009,"Low"
"4997","Temple-Belton",2009,2,13130000,123900,1063,7.6,2009.08333333333,"Medium"
"4998","Temple-Belton",2009,3,13955000,117300,1096,8.1,2009.16666666667,"Medium"
"4999","Temple-Belton",2009,5,27800000,124600,1084,8.3,2009.33333333333,"Medium"
"5000","Temple-Belton",2009,6,27155000,120300,1044,7.9,2009.41666666667,"Medium"
"5001","Temple-Belton",2009,8,27090000,128400,1016,7.5,2009.58333333333,"Medium"
"5002","Temple-Belton",2009,9,20280000,112700,993,7.2,2009.66666666667,"Medium"
"5003","Temple-Belton",2009,10,20128511,119700,948,6.7,2009.75,"Medium"
"5004","Temple-Belton",2009,11,20170000,121800,949,6.5,2009.83333333333,"Medium"
"5005","Temple-Belton",2009,12,18033749,111700,880,6,2009.91666666667,"Medium"
"5006","Temple-Belton",2010,1,11081145,105000,966,6.6,2010,"Low"
"5007","Temple-Belton",2010,2,11542971,110800,971,6.7,2010.08333333333,"Low"
"5008","Temple-Belton",2010,3,20211610,125400,1110,7.4,2010.16666666667,"Medium"
"5009","Temple-Belton",2010,4,26030648,115700,1049,6.8,2010.25,"Medium"
"5010","Temple-Belton",2010,5,31592541,140000,1114,7.3,2010.33333333333,"Medium"
"5011","Temple-Belton",2010,6,26038793,138000,1176,7.8,2010.41666666667,"Medium"
"5012","Temple-Belton",2010,7,20248692,115500,1195,8,2010.5,"Medium"
"5013","Temple-Belton",2010,8,20969272,127300,1160,8,2010.58333333333,"Medium"
"5014","Temple-Belton",2010,9,15309100,118100,1119,7.9,2010.66666666667,"Medium"
"5015","Temple-Belton",2010,11,13943745,107900,1052,7.8,2010.83333333333,"Medium"
"5016","Temple-Belton",2010,12,16339029,138000,1074,8,2010.91666666667,"Medium"
"5017","Temple-Belton",2011,1,12166619,125000,1079,8.1,2011,"Low"
"5018","Temple-Belton",2011,2,12638715,133800,1107,8.4,2011.08333333333,"Low"
"5019","Temple-Belton",2011,3,14986910,121800,1171,9,2011.16666666667,"Medium"
"5020","Temple-Belton",2011,4,9727347,115500,1162,9.3,2011.25,"Medium"
"5021","Temple-Belton",2011,6,31235410,135100,1208,9.7,2011.41666666667,"Medium"
"5022","Temple-Belton",2011,7,23456250,125000,1193,9.5,2011.5,"Medium"
"5023","Temple-Belton",2011,8,23607121,135800,1176,9.3,2011.58333333333,"Medium"
"5024","Temple-Belton",2011,9,16572024,130600,1133,8.9,2011.66666666667,"Medium"
"5025","Temple-Belton",2011,10,18668494,148900,1107,8.7,2011.75,"Medium"
"5026","Temple-Belton",2011,11,15467785,117100,1095,8.6,2011.83333333333,"Medium"
"5027","Temple-Belton",2012,1,14645505,124000,1108,8.5,2012,"Medium"
"5028","Temple-Belton",2012,2,14873091,127500,1125,8.5,2012.08333333333,"Medium"
"5029","Temple-Belton",2012,4,19794244,125300,1144,8.5,2012.25,"Medium"
"5030","Temple-Belton",2012,5,29401590,138300,1150,8.4,2012.33333333333,"Medium"
"5031","Temple-Belton",2012,7,22132923,124200,1089,8.1,2012.5,"Medium"
"5032","Temple-Belton",2012,8,20616386,127000,1091,8.2,2012.58333333333,"Medium"
"5033","Temple-Belton",2012,9,18584043,119300,1038,7.7,2012.66666666667,"Medium"
"5034","Temple-Belton",2012,10,21442090,124200,1042,7.6,2012.75,"Medium"
"5035","Temple-Belton",2012,12,19030701,132900,933,6.7,2012.91666666667,"Medium"
"5036","Temple-Belton",2013,1,10567403,93300,973,7.1,2013,"Low"
"5037","Temple-Belton",2013,2,13901554,94200,1059,7.6,2013.08333333333,"Medium"
"5038","Temple-Belton",2013,3,18398455,115200,1099,7.9,2013.16666666667,"Medium"
"5039","Temple-Belton",2013,4,20993735,110800,1076,7.7,2013.25,"Medium"
"5040","Temple-Belton",2013,6,28798163,129200,1037,7.4,2013.41666666667,"Medium"
"5041","Temple-Belton",2013,7,25074689,128500,1047,7.5,2013.5,"Medium"
"5042","Temple-Belton",2013,8,28891002,117000,1005,7,2013.58333333333,"Medium"
"5043","Temple-Belton",2013,9,19692592,110000,1009,7,2013.66666666667,"Medium"
"5044","Temple-Belton",2013,11,16631387,112500,925,6.3,2013.83333333333,"Medium"
"5045","Temple-Belton",2013,12,19056402,135000,848,5.8,2013.91666666667,"Medium"
"5046","Temple-Belton",2014,2,12574204,128200,892,6.2,2014.08333333333,"Low"
"5047","Temple-Belton",2014,4,21219134,115800,970,6.7,2014.25,"Medium"
"5048","Temple-Belton",2014,6,31757284,148600,952,6.5,2014.41666666667,"Medium"
"5049","Temple-Belton",2014,7,27289004,130000,933,6.3,2014.5,"Medium"
"5050","Temple-Belton",2014,8,27270495,134300,896,6.1,2014.58333333333,"Medium"
"5051","Temple-Belton",2014,9,22879404,142000,863,5.9,2014.66666666667,"Medium"
"5052","Temple-Belton",2014,10,23939289,115200,844,5.7,2014.75,"Medium"
"5053","Temple-Belton",2014,11,16200422,126900,798,5.5,2014.83333333333,"Medium"
"5054","Temple-Belton",2014,12,25440386,140700,728,4.9,2014.91666666667,"Medium"
"5055","Temple-Belton",2015,1,17700155,124500,727,4.9,2015,"Medium"
"5056","Temple-Belton",2015,2,14439200,120800,825,5.5,2015.08333333333,"Medium"
"5057","Temple-Belton",2015,3,24671576,123000,884,5.7,2015.16666666667,"Medium"
"5058","Temple-Belton",2015,4,27906839,145400,877,5.7,2015.25,"Medium"
"5059","Temple-Belton",2015,5,30496423,142800,825,5.4,2015.33333333333,"Medium"
"5060","Temple-Belton",2015,6,35933886,148900,858,5.5,2015.41666666667,"Medium"
"5061","Temple-Belton",2015,7,32311448,139500,909,5.8,2015.5,"Medium"
"5062","Texarkana",2003,3,8165000,81900,103,1.3,2003.16666666667,"Low"
"5063","Texarkana",2003,4,7805000,73300,311,3.9,2003.25,"Low"
"5064","Texarkana",2003,5,9825000,80000,430,5.4,2003.33333333333,"Medium"
"5065","Texarkana",2003,11,5600000,81200,513,6.2,2003.83333333333,"Low"
"5066","Texarkana",2004,1,6450000,85000,500,6.2,2004,"Low"
"5067","Texarkana",2004,5,8785000,96500,557,7.2,2004.33333333333,"Low"
"5068","Texarkana",2004,6,9905000,91500,559,7.2,2004.41666666667,"Medium"
"5069","Texarkana",2004,8,9060000,97800,580,7.6,2004.58333333333,"Low"
"5070","Texarkana",2004,9,7490000,91200,559,7.3,2004.66666666667,"Low"
"5071","Texarkana",2004,10,10455000,86000,549,7,2004.75,"Medium"
"5072","Texarkana",2005,1,6980000,86200,490,5.9,2005,"Low"
"5073","Texarkana",2007,12,6550000,79400,530,6.6,2007.91666666667,"Low"
"5074","Texarkana",2008,1,5555000,101400,539,6.9,2008,"Low"
"5075","Texarkana",2008,3,6990000,98000,634,8.7,2008.16666666667,"Low"
"5076","Texarkana",2008,4,10050000,1e+05,558,7.7,2008.25,"Low"
"5077","Texarkana",2008,5,9935000,97500,577,7.8,2008.33333333333,"Low"
"5078","Texarkana",2008,7,12855000,124200,584,7.9,2008.5,"Low"
"5079","Texarkana",2008,8,10580000,88800,570,7.6,2008.58333333333,"Low"
"5080","Texarkana",2008,9,7940000,99300,586,7.8,2008.66666666667,"Low"
"5081","Texarkana",2008,12,7965000,89300,532,7,2008.91666666667,"Low"
"5082","Texarkana",2009,1,4775000,95800,553,7.4,2009,"Low"
"5083","Texarkana",2009,3,7575000,120000,576,7.8,2009.16666666667,"Low"
"5084","Texarkana",2009,4,6595000,102000,597,8.4,2009.25,"Low"
"5085","Texarkana",2009,5,11180000,110900,547,7.8,2009.33333333333,"Low"
"5086","Texarkana",2009,6,11510000,1e+05,574,8.2,2009.41666666667,"Low"
"5087","Texarkana",2009,7,8050000,115600,598,8.8,2009.5,"Low"
"5088","Texarkana",2009,9,8300000,97500,592,8.8,2009.66666666667,"Low"
"5089","Texarkana",2009,10,10318260,138600,602,8.9,2009.75,"Low"
"5090","Texarkana",2009,11,6852100,99200,593,8.7,2009.83333333333,"Low"
"5091","Texarkana",2009,12,7864050,110000,567,8.4,2009.91666666667,"Low"
"5092","Texarkana",2010,2,6833422,131400,567,8.2,2010.08333333333,"Low"
"5093","Texarkana",2010,3,6398006,71700,566,7.7,2010.16666666667,"Medium"
"5094","Texarkana",2010,4,9997020,105000,634,8.4,2010.25,"Low"
"5095","Texarkana",2010,5,11738331,112000,653,8.6,2010.33333333333,"Low"
"5096","Texarkana",2010,6,11879618,143000,634,8.5,2010.41666666667,"Low"
"5097","Texarkana",2010,7,10829150,125000,680,9.1,2010.5,"Low"
"5098","Texarkana",2010,8,9717825,104300,694,9.3,2010.58333333333,"Low"
"5099","Texarkana",2010,10,8367500,125000,677,9,2010.75,"Low"
"5100","Texarkana",2010,11,6929225,102500,670,9,2010.83333333333,"Low"
"5101","Texarkana",2010,12,7787287,88100,684,9.1,2010.91666666667,"Low"
"5102","Texarkana",2011,1,6926150,113300,676,9,2011,"Low"
"5103","Texarkana",2011,4,8382625,107800,699,9.8,2011.25,"Low"
"5104","Texarkana",2011,5,6372930,98800,733,10.7,2011.33333333333,"Low"
"5105","Texarkana",2011,6,10979751,106700,745,10.8,2011.41666666667,"Low"
"5106","Texarkana",2011,7,11983703,106700,745,10.4,2011.5,"Medium"
"5107","Texarkana",2011,8,9905896,106200,706,9.9,2011.58333333333,"Low"
"5108","Texarkana",2011,9,9014512,114200,707,10,2011.66666666667,"Low"
"5109","Texarkana",2011,10,8329606,80000,733,10.1,2011.75,"Low"
"5110","Texarkana",2011,11,9117290,92500,695,9.4,2011.83333333333,"Low"
"5111","Texarkana",2011,12,6822199,93300,642,8.7,2011.91666666667,"Low"
"5112","Texarkana",2012,2,7525140,81400,619,8.2,2012.08333333333,"Low"
"5113","Texarkana",2012,3,8301273,105000,619,8.4,2012.16666666667,"Low"
"5114","Texarkana",2012,5,8542940,103300,683,9,2012.33333333333,"Low"
"5115","Texarkana",2012,6,10809212,108600,703,9.3,2012.41666666667,"Low"
"5116","Texarkana",2012,7,10242370,111700,720,9.7,2012.5,"Low"
"5117","Texarkana",2012,9,6317154,101700,723,10,2012.66666666667,"Low"
"5118","Texarkana",2012,10,11520000,108800,676,9.1,2012.75,"Medium"
"5119","Texarkana",2012,11,8815000,102500,666,9,2012.83333333333,"Low"
"5120","Texarkana",2013,4,9542313,105000,752,10.8,2013.25,"Low"
"5121","Texarkana",2013,5,11895239,138300,724,10.2,2013.33333333333,"Low"
"5122","Texarkana",2013,6,9857074,114000,800,11.4,2013.41666666667,"Low"
"5123","Texarkana",2013,7,12209694,114400,825,11.8,2013.5,"Low"
"5124","Texarkana",2013,8,12209694,114400,825,11.8,2013.58333333333,"Low"
"5125","Texarkana",2013,9,15063364,118000,815,11.1,2013.66666666667,"Medium"
"5126","Texarkana",2013,10,13927429,121700,820,11.4,2013.75,"Low"
"5127","Texarkana",2013,11,10655633,133000,791,11.1,2013.83333333333,"Low"
"5128","Texarkana",2013,12,8769681,1e+05,752,10.5,2013.91666666667,"Low"
"5129","Texarkana",2014,1,8179495,108800,312,4.2,2014,"Low"
"5130","Texarkana",2014,4,10003800,94300,823,10.2,2014.25,"Low"
"5131","Texarkana",2014,5,9490154,93600,832,10.3,2014.33333333333,"Low"
"5132","Texarkana",2014,6,13765168,116700,856,10.4,2014.41666666667,"Medium"
"5133","Texarkana",2014,7,14680941,112700,855,10.2,2014.5,"Medium"
"5134","Texarkana",2014,8,11204934,102500,843,10,2014.58333333333,"Low"
"5135","Texarkana",2014,9,10752370,99000,821,9.8,2014.66666666667,"Low"
"5136","Texarkana",2014,10,10408861,95000,797,9.4,2014.75,"Low"
"5137","Texarkana",2014,11,9713525,113300,782,9.2,2014.83333333333,"Low"
"5138","Texarkana",2014,12,11345387,96700,729,8.5,2014.91666666667,"Low"
"5139","Texarkana",2015,3,11891170,108000,525,6,2015.16666666667,"Low"
"5140","Texarkana",2015,4,11876388,107300,579,6.6,2015.25,"Low"
"5141","Texarkana",2015,5,16125371,118600,663,7.4,2015.33333333333,"Medium"
"5142","Texarkana",2015,6,22132772,131100,701,7.5,2015.41666666667,"Medium"
"5143","Tyler",2000,1,12425000,85800,1438,8.4,2000,"Medium"
"5144","Tyler",2000,2,14470000,86200,1483,8.7,2000.08333333333,"Medium"
"5145","Tyler",2000,3,20860000,87800,1438,8.4,2000.16666666667,"Medium"
"5146","Tyler",2000,5,22775000,95000,1564,9.2,2000.33333333333,"Medium"
"5147","Tyler",2000,6,23470000,94700,1585,9.3,2000.41666666667,"Medium"
"5148","Tyler",2000,8,22855000,99000,1574,9.3,2000.58333333333,"Medium"
"5149","Tyler",2000,9,17355000,97500,1585,9.5,2000.66666666667,"Medium"
"5150","Tyler",2000,10,17030000,86400,1490,9,2000.75,"Medium"
"5151","Tyler",2000,11,18140000,98800,1442,8.5,2000.83333333333,"Medium"
"5152","Tyler",2001,1,12885000,95000,1439,8.7,2001,"Medium"
"5153","Tyler",2001,2,15640000,88600,1472,8.9,2001.08333333333,"Medium"
"5154","Tyler",2001,3,18375000,98900,1505,9.2,2001.16666666667,"Medium"
"5155","Tyler",2001,4,22760000,101200,1529,9.3,2001.25,"Medium"
"5156","Tyler",2001,5,22975000,99500,1615,9.8,2001.33333333333,"Medium"
"5157","Tyler",2001,6,28075000,120400,1582,9.6,2001.41666666667,"Medium"
"5158","Tyler",2001,7,24410000,103500,1599,9.8,2001.5,"Medium"
"5159","Tyler",2001,8,28365000,105700,1539,9.3,2001.58333333333,"Medium"
"5160","Tyler",2001,9,19810000,95000,1535,9.2,2001.66666666667,"Medium"
"5161","Tyler",2001,10,22350000,104800,1453,8.6,2001.75,"Medium"
"5162","Tyler",2001,11,21010000,107500,1390,8.2,2001.83333333333,"Medium"
"5163","Tyler",2001,12,16665000,97700,1278,7.4,2001.91666666667,"Medium"
"5164","Tyler",2002,1,12140000,85000,1386,8,2002,"Medium"
"5165","Tyler",2002,3,21090000,97300,1494,8.5,2002.16666666667,"Medium"
"5166","Tyler",2002,4,19315000,92000,1556,8.9,2002.25,"Medium"
"5167","Tyler",2002,5,28945000,105800,1611,9.1,2002.33333333333,"Medium"
"5168","Tyler",2002,6,28095000,114100,1662,9.3,2002.41666666667,"Medium"
"5169","Tyler",2002,7,21670000,103500,1666,9.4,2002.5,"Medium"
"5170","Tyler",2002,8,28795000,1e+05,1622,9.1,2002.58333333333,"Medium"
"5171","Tyler",2002,11,17780000,112600,1516,8.8,2002.83333333333,"Medium"
"5172","Tyler",2002,12,20205000,111000,1370,7.9,2002.91666666667,"Medium"
"5173","Tyler",2003,2,17045000,108100,1616,9.5,2003.08333333333,"Medium"
"5174","Tyler",2003,3,22140000,114600,1717,10.1,2003.16666666667,"Medium"
"5175","Tyler",2003,4,24190000,111700,1737,10.1,2003.25,"Medium"
"5176","Tyler",2003,5,26595000,109700,1778,10.5,2003.33333333333,"Medium"
"5177","Tyler",2003,6,25760000,117100,1779,10.6,2003.41666666667,"Medium"
"5178","Tyler",2003,7,29440000,115400,1379,8.1,2003.5,"Medium"
"5179","Tyler",2003,9,24660000,112900,1311,7.7,2003.66666666667,"Medium"
"5180","Tyler",2003,10,21760000,107200,1319,7.6,2003.75,"Medium"
"5181","Tyler",2003,11,21075000,117000,1314,7.6,2003.83333333333,"Medium"
"5182","Tyler",2003,12,26855000,105000,1944,10.8,2003.91666666667,"Medium"
"5183","Tyler",2004,1,15825000,120500,1357,7.6,2004,"Medium"
"5184","Tyler",2004,2,23050000,102100,1887,10.3,2004.08333333333,"Medium"
"5185","Tyler",2004,3,32740000,116100,2047,10.8,2004.16666666667,"Medium"
"5186","Tyler",2004,4,35100000,117700,2037,10.5,2004.25,"Medium"
"5187","Tyler",2004,5,42360000,122800,2054,10.2,2004.33333333333,"Medium"
"5188","Tyler",2004,6,49580000,125900,2096,9.8,2004.41666666667,"Medium"
"5189","Tyler",2004,7,37870000,114400,2089,9.6,2004.5,"Medium"
"5190","Tyler",2004,9,40265000,124300,2073,8.9,2004.66666666667,"Medium"
"5191","Tyler",2004,10,34515000,115800,2040,8.6,2004.75,"Medium"
"5192","Tyler",2004,11,32350000,128700,2034,8.4,2004.83333333333,"Medium"
"5193","Tyler",2004,12,34690000,124600,1944,7.9,2004.91666666667,"Medium"
"5194","Tyler",2005,1,23210000,112600,1982,7.9,2005,"Medium"
"5195","Tyler",2005,2,28115000,114800,2066,8.2,2005.08333333333,"Medium"
"5196","Tyler",2005,3,41760000,121800,2132,8.3,2005.16666666667,"Medium"
"5197","Tyler",2005,5,50545000,130300,2164,8.3,2005.33333333333,"Medium"
"5198","Tyler",2005,6,52620000,134600,2148,8.3,2005.41666666667,"Medium"
"5199","Tyler",2005,7,55265000,128500,2157,8.1,2005.5,"Medium"
"5200","Tyler",2005,8,55670000,122000,2138,7.8,2005.58333333333,"Medium"
"5201","Tyler",2005,9,38670000,123400,2067,7.6,2005.66666666667,"Medium"
"5202","Tyler",2005,10,42680000,123100,2099,7.6,2005.75,"Medium"
"5203","Tyler",2005,11,34305000,120800,2051,7.4,2005.83333333333,"Medium"
"5204","Tyler",2005,12,34465000,121300,1951,7,2005.91666666667,"Medium"
"5205","Tyler",2006,1,24350000,120300,2084,7.5,2006,"Medium"
"5206","Tyler",2006,2,34245000,120000,2093,7.4,2006.08333333333,"Medium"
"5207","Tyler",2006,3,47280000,128100,2205,7.7,2006.16666666667,"Medium"
"5208","Tyler",2006,4,46115000,134900,2273,7.9,2006.25,"Medium"
"5209","Tyler",2006,5,62700000,136000,2381,8.2,2006.33333333333,"Medium"
"5210","Tyler",2006,6,63135000,134200,2489,8.4,2006.41666666667,"Medium"
"5211","Tyler",2006,7,58425000,139100,2469,8.3,2006.5,"Medium"
"5212","Tyler",2006,8,60285000,133700,2433,8.2,2006.58333333333,"Medium"
"5213","Tyler",2006,9,45925000,132100,2483,8.3,2006.66666666667,"Medium"
"5214","Tyler",2006,10,39615000,127100,2457,8.2,2006.75,"Medium"
"5215","Tyler",2006,12,41825000,127600,2295,7.6,2006.91666666667,"Medium"
"5216","Tyler",2007,1,33950000,136300,2348,7.7,2007,"Medium"
"5217","Tyler",2007,2,36850000,130000,2448,8.1,2007.08333333333,"Medium"
"5218","Tyler",2007,3,45345000,128500,2649,8.8,2007.16666666667,"Medium"
"5219","Tyler",2007,4,51850000,132200,2723,8.9,2007.25,"Medium"
"5220","Tyler",2007,5,61645000,137700,2862,9.3,2007.33333333333,"Medium"
"5221","Tyler",2007,6,59405000,142500,2926,9.7,2007.41666666667,"Medium"
"5222","Tyler",2007,7,58290000,138400,2969,9.8,2007.5,"Medium"
"5223","Tyler",2007,9,48870000,139000,2901,9.6,2007.66666666667,"Medium"
"5224","Tyler",2007,10,40130000,126600,2866,9.5,2007.75,"Medium"
"5225","Tyler",2007,11,41310000,134800,2684,8.9,2007.83333333333,"Medium"
"5226","Tyler",2007,12,34040000,126700,2737,9.1,2007.91666666667,"Medium"
"5227","Tyler",2008,1,25530000,126200,2777,9.4,2008,"Medium"
"5228","Tyler",2008,2,30965000,130700,2703,9.2,2008.08333333333,"Medium"
"5229","Tyler",2008,4,49515000,135500,2849,9.8,2008.25,"Medium"
"5230","Tyler",2008,5,56310000,135900,2955,10.3,2008.33333333333,"Medium"
"5231","Tyler",2008,6,52115000,145400,3003,10.6,2008.41666666667,"Medium"
"5232","Tyler",2008,8,57415000,135000,2975,10.8,2008.58333333333,"Medium"
"5233","Tyler",2008,9,39520000,129200,2927,10.6,2008.66666666667,"Medium"
"5234","Tyler",2008,10,34075000,139000,2897,10.7,2008.75,"Medium"
"5235","Tyler",2008,11,25505000,122700,2815,10.8,2008.83333333333,"Medium"
"5236","Tyler",2008,12,30440000,133800,2610,10.2,2008.91666666667,"Medium"
"5237","Tyler",2009,1,20910000,115600,2624,10.3,2009,"Medium"
"5238","Tyler",2009,2,27700000,136000,2681,10.6,2009.08333333333,"Medium"
"5239","Tyler",2009,3,33760000,126800,2732,11,2009.16666666667,"Medium"
"5240","Tyler",2009,4,3.3e+07,132600,2842,11.7,2009.25,"Medium"
"5241","Tyler",2009,5,33305000,132700,2890,12.5,2009.33333333333,"Medium"
"5242","Tyler",2009,8,42645000,129800,2921,12.8,2009.58333333333,"Medium"
"5243","Tyler",2009,9,43515000,142000,2858,12.5,2009.66666666667,"Medium"
"5244","Tyler",2009,10,45175899,136500,2866,12.3,2009.75,"Medium"
"5245","Tyler",2009,11,31849989,127900,2815,11.8,2009.83333333333,"Medium"
"5246","Tyler",2009,12,33386051,131400,2642,11,2009.91666666667,"Medium"
"5247","Tyler",2010,1,25486823,138900,2727,11.3,2010,"Medium"
"5248","Tyler",2010,2,30139212,131500,2763,11.5,2010.08333333333,"Medium"
"5249","Tyler",2010,4,49914078,133200,3014,12,2010.25,"Medium"
"5250","Tyler",2010,6,44327352,139400,3294,13,2010.41666666667,"Medium"
"5251","Tyler",2010,7,40930454,135700,3272,13.3,2010.5,"Medium"
"5252","Tyler",2010,8,39737424,143100,3267,13.4,2010.58333333333,"Medium"
"5253","Tyler",2010,11,24411253,130000,3042,13.4,2010.83333333333,"Medium"
"5254","Tyler",2010,12,32680791,129400,2878,12.7,2010.91666666667,"Medium"
"5255","Tyler",2011,1,21049848,120600,2852,12.6,2011,"Medium"
"5256","Tyler",2011,2,28320354,128800,2938,13,2011.08333333333,"Medium"
"5257","Tyler",2011,3,39049488,134200,3101,13.8,2011.16666666667,"Medium"
"5258","Tyler",2011,4,40493449,135100,3196,14.5,2011.25,"Medium"
"5259","Tyler",2011,5,46763383,136100,3266,14.9,2011.33333333333,"Medium"
"5260","Tyler",2011,6,52319385,145800,3256,14.6,2011.41666666667,"Medium"
"5261","Tyler",2011,7,45840343,139200,3263,14.5,2011.5,"Medium"
"5262","Tyler",2011,8,49352230,144900,3218,14,2011.58333333333,"Medium"
"5263","Tyler",2011,9,40883470,133300,3094,13.3,2011.66666666667,"Medium"
"5264","Tyler",2011,10,34669256,133200,3056,13,2011.75,"Medium"
"5265","Tyler",2011,11,35395011,152600,2876,12,2011.83333333333,"Medium"
"5266","Tyler",2011,12,28506904,130800,2720,11.4,2011.91666666667,"Medium"
"5267","Tyler",2012,1,25386301,124200,2811,11.7,2012,"Medium"
"5268","Tyler",2012,2,34806097,134400,2857,11.7,2012.08333333333,"Medium"
"5269","Tyler",2012,3,44021718,135700,2868,11.6,2012.16666666667,"Medium"
"5270","Tyler",2012,4,37960764,129200,2940,11.9,2012.25,"Medium"
"5271","Tyler",2012,5,53199789,137600,2981,12,2012.33333333333,"Medium"
"5272","Tyler",2012,6,55913145,148100,3041,12.3,2012.41666666667,"Medium"
"5273","Tyler",2012,8,53674423,144600,3042,12,2012.58333333333,"Medium"
"5274","Tyler",2012,10,46695832,136300,2897,11.1,2012.75,"Medium"
"5275","Tyler",2012,11,33632539,144800,2830,10.9,2012.83333333333,"Medium"
"5276","Tyler",2012,12,36965077,140000,2633,10,2012.91666666667,"Medium"
"5277","Tyler",2013,1,32083207,132400,2658,10,2013,"Medium"
"5278","Tyler",2013,2,38706946,144100,2666,10,2013.08333333333,"Medium"
"5279","Tyler",2013,3,49376896,144800,2788,10.4,2013.16666666667,"Medium"
"5280","Tyler",2013,4,51607842,142400,2920,10.8,2013.25,"Medium"
"5281","Tyler",2013,5,59974208,147400,2946,10.7,2013.33333333333,"Medium"
"5282","Tyler",2013,7,63046412,153100,2998,10.7,2013.5,"Medium"
"5283","Tyler",2013,9,51099377,147600,2917,10.2,2013.66666666667,"Medium"
"5284","Tyler",2013,12,39788389,142700,2500,8.7,2013.91666666667,"Medium"
"5285","Tyler",2014,1,36916199,130700,2609,9,2014,"Medium"
"5286","Tyler",2014,2,42553200,150000,2625,9,2014.08333333333,"Medium"
"5287","Tyler",2014,3,48948082,143600,2737,9.4,2014.16666666667,"Medium"
"5288","Tyler",2014,4,54324949,145000,2778,9.5,2014.25,"Medium"
"5289","Tyler",2014,5,70289196,152300,2744,9.2,2014.33333333333,"Medium"
"5290","Tyler",2014,6,80813518,155700,2855,9.3,2014.41666666667,"Medium"
"5291","Tyler",2014,8,67244459,155200,2791,9.1,2014.58333333333,"Medium"
"5292","Tyler",2014,9,68744368,156500,2696,8.6,2014.66666666667,"Medium"
"5293","Tyler",2014,11,52314071,159400,2460,7.6,2014.83333333333,"Medium"
"5294","Tyler",2014,12,61031529,161600,2272,6.9,2014.91666666667,"Medium"
"5295","Tyler",2015,1,39814588,139400,2290,6.9,2015,"Medium"
"5296","Tyler",2015,3,71284796,144000,2373,6.9,2015.16666666667,"Medium"
"5297","Tyler",2015,4,66040024,152900,2414,7,2015.25,"Medium"
"5298","Tyler",2015,5,74285907,158100,2547,7.4,2015.33333333333,"Medium"
"5299","Tyler",2015,6,82254422,170000,2574,7.5,2015.41666666667,"Medium"
"5300","Tyler",2015,7,85699437,161300,2619,7.4,2015.5,"Medium"
"5301","Victoria",2000,1,3615000,83300,250,4.3,2000,"Low"
"5302","Victoria",2000,2,3635000,81700,271,4.7,2000.08333333333,"Low"
"5303","Victoria",2000,3,5645000,86700,285,5,2000.16666666667,"Low"
"5304","Victoria",2000,4,5065000,87500,288,5,2000.25,"Low"
"5305","Victoria",2000,5,4115000,70600,325,5.8,2000.33333333333,"Low"
"5306","Victoria",2000,6,8640000,88800,338,6.1,2000.41666666667,"Low"
"5307","Victoria",2000,7,6610000,90000,339,6.1,2000.5,"Low"
"5308","Victoria",2000,9,5935000,81000,322,5.6,2000.66666666667,"Low"
"5309","Victoria",2000,10,4275000,75000,301,5.1,2000.75,"Low"
"5310","Victoria",2000,11,5900000,103800,283,4.7,2000.83333333333,"Low"
"5311","Victoria",2001,1,3235000,80000,288,4.9,2001,"Low"
"5312","Victoria",2001,3,6820000,85000,304,5.1,2001.16666666667,"Low"
"5313","Victoria",2001,4,5395000,80000,327,5.4,2001.25,"Low"
"5314","Victoria",2001,5,6075000,77700,324,5.2,2001.33333333333,"Low"
"5315","Victoria",2001,6,9710000,90000,363,5.8,2001.41666666667,"Low"
"5316","Victoria",2001,7,5765000,90800,366,5.9,2001.5,"Low"
"5317","Victoria",2001,9,5790000,87000,350,5.7,2001.66666666667,"Low"
"5318","Victoria",2001,10,5275000,88600,271,4.4,2001.75,"Low"
"5319","Victoria",2001,11,10040000,88600,271,4.2,2001.83333333333,"Low"
"5320","Victoria",2001,12,11430000,82500,271,3.9,2001.91666666667,"Medium"
"5321","Victoria",2002,3,5970000,90000,297,4.4,2002.16666666667,"Low"
"5322","Victoria",2002,4,6020000,73800,304,4.5,2002.25,"Low"
"5323","Victoria",2002,5,7455000,88900,310,4.6,2002.33333333333,"Low"
"5324","Victoria",2002,6,5255000,88300,321,5,2002.41666666667,"Low"
"5325","Victoria",2002,7,6430000,93800,321,4.9,2002.5,"Low"
"5326","Victoria",2002,8,6965000,88000,339,5.3,2002.58333333333,"Low"
"5327","Victoria",2002,9,4020000,91700,394,6.3,2002.66666666667,"Low"
"5328","Victoria",2002,10,4165000,86200,380,6.2,2002.75,"Low"
"5329","Victoria",2002,11,5460000,87900,371,6.4,2002.83333333333,"Low"
"5330","Victoria",2002,12,5685000,90700,352,6.7,2002.91666666667,"Low"
"5331","Victoria",2003,1,4485000,81200,337,6.3,2003,"Low"
"5332","Victoria",2003,2,6435000,86000,332,6,2003.08333333333,"Low"
"5333","Victoria",2003,3,6010000,91200,350,6.4,2003.16666666667,"Low"
"5334","Victoria",2003,4,6675000,87500,358,6.4,2003.25,"Low"
"5335","Victoria",2003,5,6965000,86700,363,6.6,2003.33333333333,"Low"
"5336","Victoria",2003,6,7910000,92100,359,6.3,2003.41666666667,"Low"
"5337","Victoria",2003,7,6805000,93000,335,5.8,2003.5,"Low"
"5338","Victoria",2003,8,7550000,90000,352,6.1,2003.58333333333,"Low"
"5339","Victoria",2003,9,5870000,88800,332,5.7,2003.66666666667,"Low"
"5340","Victoria",2003,10,6145000,93300,316,5.2,2003.75,"Low"
"5341","Victoria",2003,11,5835000,103300,311,5.1,2003.83333333333,"Low"
"5342","Victoria",2004,2,5520000,81700,332,5.6,2004.08333333333,"Low"
"5343","Victoria",2004,3,8975000,87800,330,5.4,2004.16666666667,"Low"
"5344","Victoria",2004,4,6635000,92500,324,5.3,2004.25,"Low"
"5345","Victoria",2004,6,8355000,103600,336,5.1,2004.41666666667,"Low"
"5346","Victoria",2004,7,8690000,99200,360,5.4,2004.5,"Low"
"5347","Victoria",2004,8,8550000,1e+05,354,5.3,2004.58333333333,"Low"
"5348","Victoria",2004,9,8540000,106000,341,5,2004.66666666667,"Low"
"5349","Victoria",2004,10,7065000,88300,335,4.9,2004.75,"Low"
"5350","Victoria",2004,11,5640000,110000,328,4.8,2004.83333333333,"Low"
"5351","Victoria",2004,12,8335000,113000,329,4.7,2004.91666666667,"Low"
"5352","Victoria",2005,1,5455000,93600,335,4.7,2005,"Low"
"5353","Victoria",2005,2,6025000,96800,327,4.6,2005.08333333333,"Low"
"5354","Victoria",2005,3,9260000,96400,324,4.5,2005.16666666667,"Low"
"5355","Victoria",2005,4,8215000,103300,321,4.5,2005.25,"Low"
"5356","Victoria",2005,5,9295000,106900,314,4.6,2005.33333333333,"Low"
"5357","Victoria",2005,6,9370000,116200,326,4.8,2005.41666666667,"Low"
"5358","Victoria",2005,7,11880000,99100,383,5.5,2005.5,"Medium"
"5359","Victoria",2005,8,11745000,108200,325,4.5,2005.58333333333,"Low"
"5360","Victoria",2005,11,9455000,110000,328,4.4,2005.83333333333,"Low"
"5361","Victoria",2005,12,8770000,105400,320,4.4,2005.91666666667,"Low"
"5362","Victoria",2006,1,6960000,108900,328,4.4,2006,"Low"
"5363","Victoria",2006,4,11315000,102100,289,3.7,2006.25,"Medium"
"5364","Victoria",2006,5,12065000,108300,324,4.1,2006.33333333333,"Medium"
"5365","Victoria",2006,6,11680000,137800,346,4.4,2006.41666666667,"Low"
"5366","Victoria",2006,8,13120000,104700,344,4.4,2006.58333333333,"Medium"
"5367","Victoria",2006,10,8730000,111400,354,4.6,2006.75,"Low"
"5368","Victoria",2006,11,8965000,113000,299,3.9,2006.83333333333,"Low"
"5369","Victoria",2006,12,10485000,115000,291,3.7,2006.91666666667,"Low"
"5370","Victoria",2007,1,6495000,106700,295,3.8,2007,"Low"
"5371","Victoria",2007,4,10175000,106700,298,3.9,2007.25,"Low"
"5372","Victoria",2007,5,13995000,129200,336,4.4,2007.33333333333,"Medium"
"5373","Victoria",2007,6,11540000,125000,327,4.2,2007.41666666667,"Low"
"5374","Victoria",2007,7,14060000,132500,545,6.9,2007.5,"Low"
"5375","Victoria",2007,9,10100000,128000,574,7.4,2007.66666666667,"Low"
"5376","Victoria",2007,10,7965000,101800,358,4.6,2007.75,"Low"
"5377","Victoria",2007,11,9495000,115600,563,7.2,2007.83333333333,"Low"
"5378","Victoria",2007,12,8180000,116200,353,4.6,2007.91666666667,"Low"
"5379","Victoria",2008,1,5005000,97500,411,5.4,2008,"Low"
"5380","Victoria",2008,2,8005000,119100,373,4.9,2008.08333333333,"Low"
"5381","Victoria",2008,3,10900000,123800,393,5.2,2008.16666666667,"Low"
"5382","Victoria",2008,4,11315000,128000,461,6.1,2008.25,"Low"
"5383","Victoria",2008,5,11400000,121400,444,6,2008.33333333333,"Low"
"5384","Victoria",2008,7,13275000,142300,462,6.3,2008.5,"Low"
"5385","Victoria",2008,9,9870000,129200,429,5.8,2008.66666666667,"Low"
"5386","Victoria",2008,10,6955000,108900,439,6,2008.75,"Low"
"5387","Victoria",2008,11,6715000,120000,393,5.5,2008.83333333333,"Low"
"5388","Victoria",2008,12,8470000,116000,420,5.9,2008.91666666667,"Low"
"5389","Victoria",2009,2,7e+06,142500,430,6.2,2009.08333333333,"Low"
"5390","Victoria",2009,3,7775000,122000,449,6.7,2009.16666666667,"Low"
"5391","Victoria",2009,4,8150000,117000,407,6.3,2009.25,"Low"
"5392","Victoria",2009,5,9555000,136700,461,7.3,2009.33333333333,"Low"
"5393","Victoria",2009,6,9955000,132500,466,7.6,2009.41666666667,"Low"
"5394","Victoria",2009,7,9890000,126700,476,7.9,2009.5,"Low"
"5395","Victoria",2009,8,9045000,137100,440,7.5,2009.58333333333,"Low"
"5396","Victoria",2009,9,8855000,140000,433,7.5,2009.66666666667,"Low"
"5397","Victoria",2009,10,8137180,115000,465,7.9,2009.75,"Low"
"5398","Victoria",2009,11,7392558,122200,448,7.6,2009.83333333333,"Low"
"5399","Victoria",2009,12,6476832,128800,419,7.3,2009.91666666667,"Low"
"5400","Victoria",2010,1,5865345,110000,403,6.9,2010,"Low"
"5401","Victoria",2010,2,7113490,109200,392,6.6,2010.08333333333,"Low"
"5402","Victoria",2010,3,9310014,137800,382,6.3,2010.16666666667,"Low"
"5403","Victoria",2010,4,9837826,116900,395,6.4,2010.25,"Low"
"5404","Victoria",2010,5,11435902,113700,458,7.1,2010.33333333333,"Medium"
"5405","Victoria",2010,6,9227339,135000,462,7.2,2010.41666666667,"Low"
"5406","Victoria",2010,7,9466251,132200,433,6.9,2010.5,"Low"
"5407","Victoria",2010,8,10342280,132700,437,7,2010.58333333333,"Low"
"5408","Victoria",2010,9,8788235,118600,514,8.2,2010.66666666667,"Low"
"5409","Victoria",2010,10,7684795,110000,427,6.9,2010.75,"Low"
"5410","Victoria",2010,11,7989950,132900,416,6.6,2010.83333333333,"Low"
"5411","Victoria",2010,12,7339610,134300,391,6.2,2010.91666666667,"Low"
"5412","Victoria",2011,1,8756585,142900,383,6,2011,"Low"
"5413","Victoria",2011,2,5744035,116700,399,6.5,2011.08333333333,"Low"
"5414","Victoria",2011,4,9712369,125000,367,6,2011.25,"Low"
"5415","Victoria",2011,5,11280099,112500,354,5.9,2011.33333333333,"Low"
"5416","Victoria",2011,6,11816141,136400,340,5.5,2011.41666666667,"Low"
"5417","Victoria",2011,7,12398430,135000,324,5.1,2011.5,"Low"
"5418","Victoria",2011,8,12991747,134200,300,4.5,2011.58333333333,"Low"
"5419","Victoria",2011,11,10361105,133100,277,4,2011.83333333333,"Low"
"5420","Victoria",2011,12,11144262,131100,268,3.8,2011.91666666667,"Low"
"5421","Victoria",2012,1,6241694,129000,247,3.5,2012,"Low"
"5422","Victoria",2012,3,9403776,133300,247,3.4,2012.16666666667,"Low"
"5423","Victoria",2012,4,14163933,143300,275,3.7,2012.25,"Low"
"5424","Victoria",2012,5,14244995,156200,306,4.1,2012.33333333333,"Low"
"5425","Victoria",2012,6,12364024,153300,311,4.2,2012.41666666667,"Low"
"5426","Victoria",2012,7,14096742,144300,311,4.2,2012.5,"Low"
"5427","Victoria",2012,8,15780405,160000,300,4.1,2012.58333333333,"Low"
"5428","Victoria",2012,9,14831289,145000,296,4,2012.66666666667,"Low"
"5429","Victoria",2012,10,10525666,156000,304,4.1,2012.75,"Low"
"5430","Victoria",2012,12,12354015,156200,257,3.5,2012.91666666667,"Low"
"5431","Victoria",2013,1,6510662,140000,267,3.6,2013,"Low"
"5432","Victoria",2013,2,10074265,132200,281,3.9,2013.08333333333,"Low"
"5433","Victoria",2013,3,10955289,143800,276,3.8,2013.16666666667,"Low"
"5434","Victoria",2013,4,11877464,152900,280,3.9,2013.25,"Low"
"5435","Victoria",2013,5,13759309,145000,276,3.8,2013.33333333333,"Low"
"5436","Victoria",2013,7,12436519,150000,289,3.9,2013.5,"Low"
"5437","Victoria",2013,8,17673002,161700,289,3.9,2013.58333333333,"Medium"
"5438","Victoria",2013,9,16917838,154000,302,4,2013.66666666667,"Low"
"5439","Victoria",2013,10,10957090,141700,294,3.9,2013.75,"Low"
"5440","Victoria",2013,11,16354670,153300,282,3.7,2013.83333333333,"Low"
"5441","Victoria",2013,12,13685043,160000,288,3.7,2013.91666666667,"Low"
"5442","Victoria",2014,1,10320268,147500,265,3.4,2014,"Low"
"5443","Victoria",2014,2,9943168,161700,269,3.4,2014.08333333333,"Low"
"5444","Victoria",2014,4,13545079,150000,270,3.4,2014.25,"Low"
"5445","Victoria",2014,5,16960047,172900,275,3.4,2014.33333333333,"Low"
"5446","Victoria",2014,6,17127219,166700,281,3.5,2014.41666666667,"Low"
"5447","Victoria",2014,7,17162232,166000,290,3.5,2014.5,"Low"
"5448","Victoria",2014,8,14975806,161000,300,3.7,2014.58333333333,"Low"
"5449","Victoria",2014,9,16947994,163800,289,3.6,2014.66666666667,"Low"
"5450","Victoria",2014,10,14293759,180000,270,3.3,2014.75,"Low"
"5451","Victoria",2014,11,10385836,154300,282,3.6,2014.83333333333,"Low"
"5452","Victoria",2015,2,11015932,171000,296,3.8,2015.08333333333,"Low"
"5453","Victoria",2015,3,14347666,170000,302,3.9,2015.16666666667,"Low"
"5454","Victoria",2015,4,16086396,182500,299,3.9,2015.25,"Low"
"5455","Victoria",2015,5,17078576,171500,274,3.6,2015.33333333333,"Low"
"5456","Victoria",2015,6,18920746,174300,299,3.8,2015.41666666667,"Medium"
"5457","Victoria",2015,7,25368699,175500,316,4,2015.5,"Medium"
"5458","Waco",2001,5,10805000,69500,840,9.1,2001.33333333333,"Medium"
"5459","Waco",2003,11,11785000,87900,906,5.1,2003.83333333333,"Medium"
"5460","Waco",2003,12,14890000,93000,899,5.1,2003.91666666667,"Medium"
"5461","Waco",2004,1,12230000,91200,901,5.3,2004,"Medium"
"5462","Waco",2004,2,15255000,88500,929,5.5,2004.08333333333,"Medium"
"5463","Waco",2004,3,15240000,88800,921,5.5,2004.16666666667,"Medium"
"5464","Waco",2004,10,16530000,93800,1137,6.7,2004.75,"Medium"
"5465","Waco",2005,2,16720000,97500,1078,6.1,2005.08333333333,"Medium"
"5466","Waco",2005,4,26275000,113300,1000,5.4,2005.25,"Medium"
"5467","Waco",2005,5,26660000,100900,1050,5.6,2005.33333333333,"Medium"
"5468","Waco",2005,6,34860000,122000,1100,5.8,2005.41666666667,"Medium"
"5469","Waco",2005,10,25930000,110000,1150,5.7,2005.75,"Medium"
"5470","Waco",2005,11,16760000,107600,1125,5.7,2005.83333333333,"Medium"
"5471","Waco",2006,2,18855000,96100,1208,6.1,2006.08333333333,"Medium"
"5472","Waco",2006,3,27255000,114500,1305,6.6,2006.16666666667,"Medium"
"5473","Waco",2006,5,30120000,104400,1437,7.3,2006.33333333333,"Medium"
"5474","Waco",2006,6,38235000,113300,1522,7.6,2006.41666666667,"Medium"
"5475","Waco",2006,7,31820000,113600,1533,7.6,2006.5,"Medium"
"5476","Waco",2006,8,29830000,111200,1586,7.8,2006.58333333333,"Medium"
"5477","Waco",2006,9,27005000,115700,1526,7.5,2006.66666666667,"Medium"
"5478","Waco",2006,10,25230000,107400,1529,7.5,2006.75,"Medium"
"5479","Waco",2007,5,33495000,119600,1634,7.7,2007.33333333333,"Medium"
"5480","Waco",2007,7,33640000,124600,1783,8.6,2007.5,"Medium"
"5481","Waco",2007,8,32070000,122200,1837,8.9,2007.58333333333,"Medium"
"5482","Waco",2007,9,20485000,117600,1818,9,2007.66666666667,"Medium"
"5483","Waco",2008,1,18655000,101200,1782,9,2008,"Medium"
"5484","Waco",2008,2,19535000,110000,1736,8.9,2008.08333333333,"Medium"
"5485","Waco",2008,3,26230000,115200,1795,9.2,2008.16666666667,"Medium"
"5486","Waco",2008,4,25555000,111200,1827,9.4,2008.25,"Medium"
"5487","Waco",2008,5,31330000,109100,1843,9.4,2008.33333333333,"Medium"
"5488","Waco",2008,6,30010000,116800,1765,9.1,2008.41666666667,"Medium"
"5489","Waco",2008,7,31700000,116200,1731,8.9,2008.5,"Medium"
"5490","Waco",2008,8,31755000,109400,1646,8.4,2008.58333333333,"Medium"
"5491","Waco",2008,11,13110000,1e+05,1549,7.9,2008.83333333333,"Medium"
"5492","Waco",2009,1,10860000,94300,1477,7.8,2009,"Medium"
"5493","Waco",2009,2,17850000,101100,1437,7.7,2009.08333333333,"Medium"
"5494","Waco",2009,4,20895000,111900,1442,8,2009.25,"Medium"
"5495","Waco",2009,5,24330000,114600,1460,8.3,2009.33333333333,"Medium"
"5496","Waco",2009,6,32540000,124300,1459,8.3,2009.41666666667,"Medium"
"5497","Waco",2009,7,26750000,114600,1451,8.4,2009.5,"Medium"
"5498","Waco",2009,8,29015000,110000,1408,8.3,2009.58333333333,"Medium"
"5499","Waco",2009,9,25910000,118000,1358,8.1,2009.66666666667,"Medium"
"5500","Waco",2009,10,22285000,107400,1343,8,2009.75,"Medium"
"5501","Waco",2009,11,18580000,103800,1343,7.8,2009.83333333333,"Medium"
"5502","Waco",2009,12,22140000,117800,1306,7.5,2009.91666666667,"Medium"
"5503","Waco",2010,1,16173662,108000,1442,8.2,2010,"Medium"
"5504","Waco",2010,2,15183960,113800,1390,8,2010.08333333333,"Medium"
"5505","Waco",2010,3,23218944,102700,1442,8.2,2010.16666666667,"Medium"
"5506","Waco",2010,6,26852704,125000,1557,8.6,2010.41666666667,"Medium"
"5507","Waco",2010,8,22288652,132900,1536,9,2010.58333333333,"Medium"
"5508","Waco",2010,9,15941512,1e+05,1457,8.7,2010.66666666667,"Medium"
"5509","Waco",2010,10,21627277,127100,1477,8.9,2010.75,"Medium"
"5510","Waco",2010,11,20714772,129200,1464,8.9,2010.83333333333,"Medium"
"5511","Waco",2010,12,20089950,116900,1476,9,2010.91666666667,"Medium"
"5512","Waco",2011,1,14640305,113600,1455,8.9,2011,"Medium"
"5513","Waco",2011,2,13747360,118600,1496,9.3,2011.08333333333,"Medium"
"5514","Waco",2011,3,21460960,120000,1510,9.5,2011.16666666667,"Medium"
"5515","Waco",2011,4,23781264,115000,1500,9.6,2011.25,"Medium"
"5516","Waco",2011,5,25472402,117300,1516,9.8,2011.33333333333,"Medium"
"5517","Waco",2011,6,28718316,127300,1599,10.4,2011.41666666667,"Medium"
"5518","Waco",2011,8,24951526,118900,1560,9.9,2011.58333333333,"Medium"
"5519","Waco",2011,9,22698060,123800,1536,9.6,2011.66666666667,"Medium"
"5520","Waco",2011,10,18022963,119200,1535,9.7,2011.75,"Medium"
"5521","Waco",2011,11,16590504,115700,1495,9.5,2011.83333333333,"Medium"
"5522","Waco",2011,12,20413260,116200,1424,9,2011.91666666667,"Medium"
"5523","Waco",2012,1,14686776,103800,1459,9.2,2012,"Medium"
"5524","Waco",2012,2,15985500,109000,1437,9,2012.08333333333,"Medium"
"5525","Waco",2012,3,24196616,126900,1434,8.9,2012.16666666667,"Medium"
"5526","Waco",2012,5,29047600,130000,1534,9.5,2012.33333333333,"Medium"
"5527","Waco",2012,6,29890744,127100,1558,9.6,2012.41666666667,"Medium"
"5528","Waco",2012,7,33004582,135800,1531,9.3,2012.5,"Medium"
"5529","Waco",2012,8,35788080,133300,1492,8.8,2012.58333333333,"Medium"
"5530","Waco",2012,9,25125133,126500,1464,8.5,2012.66666666667,"Medium"
"5531","Waco",2012,10,27137424,130800,1479,8.4,2012.75,"Medium"
"5532","Waco",2012,12,21802065,131200,1353,7.5,2012.91666666667,"Medium"
"5533","Waco",2013,1,17385766,122500,1363,7.6,2013,"Medium"
"5534","Waco",2013,2,21597337,120400,1377,7.5,2013.08333333333,"Medium"
"5535","Waco",2013,3,26919984,121900,1360,7.4,2013.16666666667,"Medium"
"5536","Waco",2013,4,23056565,105000,1378,7.5,2013.25,"Medium"
"5537","Waco",2013,5,35710923,136500,1394,7.4,2013.33333333333,"Medium"
"5538","Waco",2013,6,35516874,135300,1378,7.2,2013.41666666667,"Medium"
"5539","Waco",2013,7,35142458,131100,1372,7.2,2013.5,"Medium"
"5540","Waco",2013,9,28062517,114600,1370,7.1,2013.66666666667,"Medium"
"5541","Waco",2013,10,22717110,132100,1333,7,2013.75,"Medium"
"5542","Waco",2013,11,23411947,117400,1281,6.7,2013.83333333333,"Medium"
"5543","Waco",2013,12,25431780,135000,1241,6.5,2013.91666666667,"Medium"
"5544","Waco",2014,1,18837385,113200,1269,6.6,2014,"Medium"
"5545","Waco",2014,2,17459549,116200,1283,6.7,2014.08333333333,"Medium"
"5546","Waco",2014,3,28946400,120900,1291,6.7,2014.16666666667,"Medium"
"5547","Waco",2014,4,30403989,121000,1333,6.9,2014.25,"Medium"
"5548","Waco",2014,5,36126045,134200,1344,6.9,2014.33333333333,"Medium"
"5549","Waco",2014,7,38792376,134900,1365,6.9,2014.5,"Medium"
"5550","Waco",2014,8,37059670,137800,1319,6.7,2014.58333333333,"Medium"
"5551","Waco",2014,9,34705008,137500,1289,6.5,2014.66666666667,"Medium"
"5552","Waco",2014,10,32440689,131800,1231,6,2014.75,"Medium"
"5553","Waco",2014,11,23573106,137100,1160,5.7,2014.83333333333,"Medium"
"5554","Waco",2014,12,33274489,141800,1048,5,2014.91666666667,"Medium"
"5555","Waco",2015,1,22645440,137500,1034,5,2015,"Medium"
"5556","Waco",2015,2,28276092,141900,1039,4.9,2015.08333333333,"Medium"
"5557","Waco",2015,4,40500930,146300,1026,4.7,2015.25,"Medium"
"5558","Waco",2015,5,46561416,151700,1004,4.6,2015.33333333333,"Medium"
"5559","Wichita Falls",2000,1,6710000,61200,673,5.5,2000,"Low"
"5560","Wichita Falls",2000,2,10765000,59800,657,5.2,2000.08333333333,"Medium"
"5561","Wichita Falls",2000,3,9795000,65500,633,5,2000.16666666667,"Medium"
"5562","Wichita Falls",2000,4,8465000,68200,662,5.3,2000.25,"Medium"
"5563","Wichita Falls",2000,6,13385000,76800,730,5.9,2000.41666666667,"Medium"
"5564","Wichita Falls",2000,7,12395000,70000,709,5.7,2000.5,"Medium"
"5565","Wichita Falls",2000,8,10775153,80600,746,6.2,2000.58333333333,"Medium"
"5566","Wichita Falls",2000,9,10160000,70700,722,5.9,2000.66666666667,"Medium"
"5567","Wichita Falls",2000,12,8135000,84200,726,6.1,2000.91666666667,"Low"
"5568","Wichita Falls",2001,1,8620000,66500,767,6.4,2001,"Medium"
"5569","Wichita Falls",2001,4,11100000,73200,815,6.8,2001.25,"Medium"
"5570","Wichita Falls",2001,5,10805000,69500,840,7,2001.33333333333,"Medium"
"5571","Wichita Falls",2001,6,13670000,83600,833,6.9,2001.41666666667,"Medium"
"5572","Wichita Falls",2001,7,14830000,81400,846,7,2001.5,"Medium"
"5573","Wichita Falls",2001,8,13640000,68800,874,7.1,2001.58333333333,"Medium"
"5574","Wichita Falls",2001,9,10335000,70600,866,7,2001.66666666667,"Medium"
"5575","Wichita Falls",2001,10,11515000,71100,821,6.4,2001.75,"Medium"
"5576","Wichita Falls",2001,11,12750000,78900,813,6.2,2001.83333333333,"Medium"
"5577","Wichita Falls",2002,3,12475000,70400,768,5.6,2002.16666666667,"Medium"
"5578","Wichita Falls",2002,5,16950000,86800,760,5.4,2002.33333333333,"Medium"
"5579","Wichita Falls",2002,6,13050000,76600,768,5.4,2002.41666666667,"Medium"
"5580","Wichita Falls",2002,7,15400000,84300,793,5.6,2002.5,"Medium"
"5581","Wichita Falls",2002,8,15620000,70300,750,5.2,2002.58333333333,"Medium"
"5582","Wichita Falls",2002,9,10875000,74600,699,4.8,2002.66666666667,"Medium"
"5583","Wichita Falls",2002,10,12325000,79700,668,4.5,2002.75,"Medium"
"5584","Wichita Falls",2002,11,12625000,86500,630,4.3,2002.83333333333,"Medium"
"5585","Wichita Falls",2003,1,7550000,72000,638,4.3,2003,"Medium"
"5586","Wichita Falls",2003,3,13190000,79400,680,4.6,2003.16666666667,"Medium"
"5587","Wichita Falls",2003,5,14145000,87900,739,5.1,2003.33333333333,"Medium"
"5588","Wichita Falls",2003,6,17505000,87400,735,5,2003.41666666667,"Medium"
"5589","Wichita Falls",2003,7,16890000,85000,738,5,2003.5,"Medium"
"5590","Wichita Falls",2003,8,17920000,81700,707,4.8,2003.58333333333,"Medium"
"5591","Wichita Falls",2003,9,14285000,76700,671,4.5,2003.66666666667,"Medium"
"5592","Wichita Falls",2003,10,15395000,78100,691,4.6,2003.75,"Medium"
"5593","Wichita Falls",2004,1,9815000,70800,675,4.5,2004,"Medium"
"5594","Wichita Falls",2004,2,12870000,79700,677,4.5,2004.08333333333,"Medium"
"5595","Wichita Falls",2004,3,16370000,82300,696,4.5,2004.16666666667,"Medium"
"5596","Wichita Falls",2004,4,14080000,74000,682,4.4,2004.25,"Medium"
"5597","Wichita Falls",2004,5,15035000,79000,728,4.7,2004.33333333333,"Medium"
"5598","Wichita Falls",2004,6,22780000,89700,721,4.5,2004.41666666667,"Medium"
"5599","Wichita Falls",2004,7,18685000,84400,709,4.4,2004.5,"Medium"
"5600","Wichita Falls",2004,8,20060000,89600,675,4.2,2004.58333333333,"Medium"
"5601","Wichita Falls",2004,9,18785000,86700,707,4.3,2004.66666666667,"Medium"
"5602","Wichita Falls",2004,10,13400000,85000,742,4.6,2004.75,"Medium"
"5603","Wichita Falls",2004,11,14595000,83900,710,4.4,2004.83333333333,"Medium"
"5604","Wichita Falls",2005,1,13700000,93100,632,3.8,2005,"Medium"
"5605","Wichita Falls",2005,2,13300000,90000,663,4,2005.08333333333,"Medium"
"5606","Wichita Falls",2005,3,15220000,89200,718,4.4,2005.16666666667,"Medium"
"5607","Wichita Falls",2005,4,17545000,87000,735,4.5,2005.25,"Medium"
"5608","Wichita Falls",2005,5,20120000,97200,718,4.4,2005.33333333333,"Medium"
"5609","Wichita Falls",2005,6,19090000,95600,794,4.9,2005.41666666667,"Medium"
"5610","Wichita Falls",2005,8,25645000,100600,744,4.5,2005.58333333333,"Medium"
"5611","Wichita Falls",2005,9,20040000,93900,731,4.5,2005.66666666667,"Medium"
"5612","Wichita Falls",2005,10,15855000,92000,763,4.6,2005.75,"Medium"
"5613","Wichita Falls",2005,11,17350000,92900,753,4.5,2005.83333333333,"Medium"
"5614","Wichita Falls",2005,12,15830000,96800,750,4.5,2005.91666666667,"Medium"
"5615","Wichita Falls",2006,1,13700000,88600,755,4.5,2006,"Medium"
"5616","Wichita Falls",2006,2,17140000,96200,774,4.6,2006.08333333333,"Medium"
"5617","Wichita Falls",2006,3,16885000,85000,785,4.6,2006.16666666667,"Medium"
"5618","Wichita Falls",2006,4,17920000,96900,822,4.9,2006.25,"Medium"
"5619","Wichita Falls",2006,5,24185000,95300,836,4.8,2006.33333333333,"Medium"
"5620","Wichita Falls",2006,7,24140000,107100,881,5,2006.5,"Medium"
"5621","Wichita Falls",2006,8,19655000,92700,885,5.2,2006.58333333333,"Medium"
"5622","Wichita Falls",2006,9,18550000,103900,903,5.3,2006.66666666667,"Medium"
"5623","Wichita Falls",2006,10,14695000,80400,916,5.4,2006.75,"Medium"
"5624","Wichita Falls",2006,11,18675000,93500,931,5.4,2006.83333333333,"Medium"
"5625","Wichita Falls",2006,12,15395000,87500,873,5.1,2006.91666666667,"Medium"
"5626","Wichita Falls",2007,3,20395000,87500,888,5.1,2007.16666666667,"Medium"
"5627","Wichita Falls",2007,4,19125000,102000,947,5.4,2007.25,"Medium"
"5628","Wichita Falls",2007,5,21230000,104500,949,5.5,2007.33333333333,"Medium"
"5629","Wichita Falls",2007,6,22890000,97300,951,5.5,2007.41666666667,"Medium"
"5630","Wichita Falls",2007,7,21015000,104400,950,5.6,2007.5,"Medium"
"5631","Wichita Falls",2007,8,22015000,109300,935,5.5,2007.58333333333,"Medium"
"5632","Wichita Falls",2007,10,12715000,1e+05,947,5.7,2007.75,"Medium"
"5633","Wichita Falls",2007,11,14215000,91200,964,5.9,2007.83333333333,"Medium"
"5634","Wichita Falls",2007,12,12795000,87200,905,5.6,2007.91666666667,"Medium"
"5635","Wichita Falls",2008,2,15145000,93300,830,5.3,2008.08333333333,"Medium"
"5636","Wichita Falls",2008,3,13555000,82600,971,6.4,2008.16666666667,"Medium"
"5637","Wichita Falls",2008,5,18715000,98300,1002,6.8,2008.33333333333,"Medium"
"5638","Wichita Falls",2008,7,20700000,103500,952,6.5,2008.5,"Medium"
"5639","Wichita Falls",2008,8,20635000,108300,897,6.2,2008.58333333333,"Medium"
"5640","Wichita Falls",2008,9,15295000,90000,927,6.5,2008.66666666667,"Medium"
"5641","Wichita Falls",2008,10,14915000,99300,945,6.5,2008.75,"Medium"
"5642","Wichita Falls",2008,11,9995000,1e+05,918,6.5,2008.83333333333,"Low"
"5643","Wichita Falls",2008,12,10085000,94400,894,6.5,2008.91666666667,"Medium"
"5644","Wichita Falls",2009,1,9310000,90000,904,6.5,2009,"Low"
"5645","Wichita Falls",2009,2,12515000,96200,932,6.8,2009.08333333333,"Medium"
"5646","Wichita Falls",2009,3,13185000,89500,932,6.9,2009.16666666667,"Medium"
"5647","Wichita Falls",2009,5,17225000,97700,949,7.1,2009.33333333333,"Medium"
"5648","Wichita Falls",2009,7,18955000,107900,947,7.2,2009.5,"Medium"
"5649","Wichita Falls",2009,8,16275000,108500,975,7.6,2009.58333333333,"Medium"
"5650","Wichita Falls",2009,9,13345000,121100,947,7.5,2009.66666666667,"Medium"
"5651","Wichita Falls",2009,10,14427859,1e+05,940,7.5,2009.75,"Medium"
"5652","Wichita Falls",2010,1,8951454,87200,908,7.1,2010,"Low"
"5653","Wichita Falls",2010,2,9381605,89400,915,7.3,2010.08333333333,"Low"
"5654","Wichita Falls",2010,3,18192495,88600,946,7.5,2010.16666666667,"Medium"
"5655","Wichita Falls",2010,6,19191750,119200,972,7.7,2010.41666666667,"Medium"
"5656","Wichita Falls",2010,7,12354606,96700,993,8.1,2010.5,"Medium"
"5657","Wichita Falls",2010,8,15324768,96000,1022,8.4,2010.58333333333,"Medium"
"5658","Wichita Falls",2010,10,13605337,100700,1005,8.1,2010.75,"Medium"
"5659","Wichita Falls",2010,12,14689508,112100,938,7.6,2010.91666666667,"Medium"
"5660","Wichita Falls",2011,1,8165777,90000,955,7.8,2011,"Low"
"5661","Wichita Falls",2011,3,13442994,100700,968,8.1,2011.16666666667,"Medium"
"5662","Wichita Falls",2011,4,14002574,113600,996,8.7,2011.25,"Medium"
"5663","Wichita Falls",2011,5,15283189,109400,1052,9.4,2011.33333333333,"Medium"
"5664","Wichita Falls",2011,6,13031204,95000,1030,9.4,2011.41666666667,"Medium"
"5665","Wichita Falls",2011,9,13395555,102900,1005,9.1,2011.66666666667,"Medium"
"5666","Wichita Falls",2011,10,9507252,73800,963,8.8,2011.75,"Medium"
"5667","Wichita Falls",2011,12,9399547,102300,844,7.9,2011.91666666667,"Low"
"5668","Wichita Falls",2012,1,10273784,82100,859,7.9,2012,"Medium"
"5669","Wichita Falls",2012,3,13104199,97500,887,8.1,2012.16666666667,"Medium"
"5670","Wichita Falls",2012,4,13875861,93000,907,8.2,2012.25,"Medium"
"5671","Wichita Falls",2012,5,12451050,97500,914,8.5,2012.33333333333,"Medium"
"5672","Wichita Falls",2012,7,16166316,116000,941,8.6,2012.5,"Medium"
"5673","Wichita Falls",2012,8,14002825,102300,933,8.6,2012.58333333333,"Medium"
"5674","Wichita Falls",2012,9,11791892,108300,931,8.7,2012.66666666667,"Low"
"5675","Wichita Falls",2012,10,9695019,87000,907,8.4,2012.75,"Medium"
"5676","Wichita Falls",2012,11,17125962,118800,877,8,2012.83333333333,"Medium"
"5677","Wichita Falls",2013,1,9666246,99300,854,7.7,2013,"Low"
"5678","Wichita Falls",2013,2,11919901,101400,850,7.6,2013.08333333333,"Medium"
"5679","Wichita Falls",2013,3,16714732,85900,868,7.6,2013.16666666667,"Medium"
"5680","Wichita Falls",2013,4,13523538,92200,895,7.8,2013.25,"Medium"
"5681","Wichita Falls",2013,5,19058834,121300,900,7.6,2013.33333333333,"Medium"
"5682","Wichita Falls",2013,7,18570732,102500,844,7.1,2013.5,"Medium"
"5683","Wichita Falls",2013,8,18685889,109100,830,6.9,2013.58333333333,"Medium"
"5684","Wichita Falls",2013,9,16103386,114300,812,6.6,2013.66666666667,"Medium"
"5685","Wichita Falls",2013,10,14470125,118200,796,6.4,2013.75,"Medium"
"5686","Wichita Falls",2013,11,11485657,1e+05,777,6.3,2013.83333333333,"Low"
"5687","Wichita Falls",2014,2,11261177,110000,774,6.4,2014.08333333333,"Low"
"5688","Wichita Falls",2014,4,17789867,104700,852,7.2,2014.25,"Medium"
"5689","Wichita Falls",2014,6,18250258,135300,961,8.1,2014.41666666667,"Medium"
"5690","Wichita Falls",2014,7,18672368,102500,941,8,2014.5,"Medium"
"5691","Wichita Falls",2014,8,16128962,99600,973,8.3,2014.58333333333,"Medium"
"5692","Wichita Falls",2014,9,12014869,90000,940,8.1,2014.66666666667,"Medium"
"5693","Wichita Falls",2014,10,13817043,113300,905,7.8,2014.75,"Medium"
"5694","Wichita Falls",2014,11,11308302,108000,870,7.5,2014.83333333333,"Medium"
"5695","Wichita Falls",2015,1,7519961,82100,829,7.2,2015,"Low"
"5696","Wichita Falls",2015,2,11646765,94000,795,6.8,2015.08333333333,"Medium"
"5697","Wichita Falls",2015,3,16716584,89200,818,6.8,2015.16666666667,"Medium"
"5698","Wichita Falls",2015,4,15482194,105300,760,6.4,2015.25,"Medium"
"5699","Wichita Falls",2015,5,19188181,1e+05,776,6.4,2015.33333333333,"Medium"
"5700","Wichita Falls",2015,6,18820752,118800,770,6.2,2015.41666666667,"Medium"
"5701","Wichita Falls",2015,7,23850905,116700,811,6.5,2015.5,"Medium"
